account_id,event_timestamp,login_frequency,feature_adoption,session_depth
acc_0000,2026-01-15,12,7,3.1
acc_0001,2026-01-15,12,5,4.0
acc_0002,2026-01-15,17,4,3.21
acc_0003,2026-01-15,12,3,1.1
acc_0004,2026-01-15,31,11,4.42
acc_0005,2026-01-15,0,2,1.37
acc_0006,2026-01-15,13,10,0.95
acc_0007,2026-01-15,6,4,2.33
acc_0008,2026-01-15,11,5,3.52
acc_0009,2026-01-15,28,7,3.55
acc_0010,2026-01-15,24,6,3.82
acc_0011,2026-01-15,7,1,1.37
acc_0012,2026-01-15,20,5,4.73
acc_0013,2026-01-15,11,7,3.16
acc_0014,2026-01-15,15,2,1.46
acc_0015,2026-01-15,16,9,2.79
acc_0016,2026-01-15,16,3,0.26
acc_0017,2026-01-15,15,4,2.6
acc_0018,2026-01-15,10,2,1.95
acc_0019,2026-01-15,8,3,0.26
acc_0020,2026-01-15,14,5,1.37
acc_0021,2026-01-15,32,6,4.62
acc_0022,2026-01-15,10,0,1.04
acc_0023,2026-01-15,19,8,0.43
acc_0024,2026-01-15,8,4,3.56
acc_0025,2026-01-15,16,5,1.25
acc_0026,2026-01-15,19,4,2.51
acc_0027,2026-01-15,10,1,2.84
acc_0028,2026-01-15,15,4,1.34
acc_0029,2026-01-15,6,1,0.56
acc_0030,2026-01-15,7,4,1.54
acc_0031,2026-01-15,6,3,2.77
acc_0032,2026-01-15,17,5,2.34
acc_0033,2026-01-15,0,2,0.46
acc_0034,2026-01-15,3,1,0.1
acc_0035,2026-01-15,6,2,1.04
acc_0036,2026-01-15,22,9,2.48
acc_0037,2026-01-15,24,6,5.18
acc_0038,2026-01-15,9,0,2.09
acc_0039,2026-01-15,13,3,1.87
acc_0040,2026-01-15,7,0,2.35
acc_0041,2026-01-15,2,6,2.87
acc_0042,2026-01-15,32,9,2.65
acc_0043,2026-01-15,13,2,0.46
acc_0044,2026-01-15,20,3,2.94
acc_0045,2026-01-15,20,4,2.58
acc_0046,2026-01-15,4,2,0.1
acc_0047,2026-01-15,21,5,2.93
acc_0048,2026-01-15,14,9,1.21
acc_0049,2026-01-15,1,0,0.69
acc_0050,2026-01-15,12,7,2.26
acc_0051,2026-01-15,15,8,2.7
acc_0052,2026-01-15,13,2,3.29
acc_0053,2026-01-15,6,4,0.1
acc_0054,2026-01-15,21,6,3.12
acc_0055,2026-01-15,5,2,0.1
acc_0056,2026-01-15,18,2,2.75
acc_0057,2026-01-15,29,5,4.13
acc_0058,2026-01-15,18,7,3.75
acc_0059,2026-01-15,25,5,4.26
acc_0060,2026-01-15,5,5,0.25
acc_0061,2026-01-15,26,5,3.94
acc_0062,2026-01-15,13,3,1.4
acc_0063,2026-01-15,11,4,2.54
acc_0064,2026-01-15,23,4,1.8
acc_0065,2026-01-15,16,8,3.19
acc_0066,2026-01-15,0,2,0.87
acc_0067,2026-01-15,9,0,1.53
acc_0068,2026-01-15,22,10,5.75
acc_0069,2026-01-15,15,6,3.6
acc_0070,2026-01-15,39,9,6.48
acc_0071,2026-01-15,25,11,3.68
acc_0072,2026-01-15,11,6,3.72
acc_0073,2026-01-15,18,8,4.09
acc_0074,2026-01-15,22,4,3.5
acc_0075,2026-01-15,1,1,1.52
acc_0076,2026-01-15,11,7,2.62
acc_0077,2026-01-15,8,2,1.85
acc_0078,2026-01-15,25,8,2.65
acc_0079,2026-01-15,27,7,5.3
acc_0080,2026-01-15,24,10,3.08
acc_0081,2026-01-15,11,5,1.85
acc_0082,2026-01-15,9,9,3.55
acc_0083,2026-01-15,26,8,5.92
acc_0084,2026-01-15,8,5,0.97
acc_0085,2026-01-15,25,7,2.39
acc_0086,2026-01-15,5,4,2.37
acc_0087,2026-01-15,20,6,1.92
acc_0088,2026-01-15,15,3,1.01
acc_0089,2026-01-15,5,7,2.58
acc_0090,2026-01-15,19,7,3.13
acc_0091,2026-01-15,6,4,2.66
acc_0092,2026-01-15,23,7,4.05
acc_0093,2026-01-15,14,4,3.47
acc_0094,2026-01-15,9,2,0.51
acc_0095,2026-01-15,16,5,2.83
acc_0096,2026-01-15,17,5,3.36
acc_0097,2026-01-15,27,12,3.47
acc_0098,2026-01-15,16,5,2.04
acc_0099,2026-01-15,24,7,3.99
acc_0100,2026-01-15,13,4,2.86
acc_0101,2026-01-15,13,3,3.08
acc_0102,2026-01-15,5,3,2.51
acc_0103,2026-01-15,26,4,2.38
acc_0104,2026-01-15,19,10,1.36
acc_0105,2026-01-15,18,7,4.45
acc_0106,2026-01-15,13,4,2.06
acc_0107,2026-01-15,21,9,2.87
acc_0108,2026-01-15,13,3,2.29
acc_0109,2026-01-15,28,11,4.66
acc_0110,2026-01-15,32,10,5.07
acc_0111,2026-01-15,11,0,0.53
acc_0112,2026-01-15,8,2,0.1
acc_0113,2026-01-15,1,3,1.89
acc_0114,2026-01-15,0,1,0.99
acc_0115,2026-01-15,20,8,2.53
acc_0116,2026-01-15,17,6,2.48
acc_0117,2026-01-15,12,6,4.36
acc_0118,2026-01-15,27,5,4.12
acc_0119,2026-01-15,20,10,0.28
acc_0120,2026-01-15,23,7,4.78
acc_0121,2026-01-15,14,4,2.09
acc_0122,2026-01-15,0,2,1.24
acc_0123,2026-01-15,26,4,3.43
acc_0124,2026-01-15,7,6,1.97
acc_0125,2026-01-15,8,0,1.49
acc_0126,2026-01-15,2,2,1.15
acc_0127,2026-01-15,16,4,3.76
acc_0128,2026-01-15,33,6,5.49
acc_0129,2026-01-15,4,7,1.21
acc_0130,2026-01-15,9,4,0.72
acc_0131,2026-01-15,26,9,3.87
acc_0132,2026-01-15,13,5,3.27
acc_0133,2026-01-15,3,1,0.1
acc_0134,2026-01-15,22,6,2.85
acc_0135,2026-01-15,14,8,3.13
acc_0136,2026-01-15,27,9,3.49
acc_0137,2026-01-15,14,5,4.19
acc_0138,2026-01-15,24,11,3.13
acc_0139,2026-01-15,18,3,2.61
acc_0140,2026-01-15,17,4,2.58
acc_0141,2026-01-15,13,3,0.1
acc_0142,2026-01-15,6,1,2.43
acc_0143,2026-01-15,15,10,2.99
acc_0144,2026-01-15,15,7,2.91
acc_0145,2026-01-15,2,4,3.66
acc_0146,2026-01-15,3,4,0.1
acc_0147,2026-01-15,16,5,4.65
acc_0148,2026-01-15,23,5,4.15
acc_0149,2026-01-15,21,7,3.69
acc_0150,2026-01-15,0,3,1.97
acc_0151,2026-01-15,9,2,1.1
acc_0152,2026-01-15,5,5,0.1
acc_0153,2026-01-15,0,1,0.1
acc_0154,2026-01-15,23,7,5.56
acc_0155,2026-01-15,11,2,0.85
acc_0156,2026-01-15,30,9,2.17
acc_0157,2026-01-15,6,6,1.73
acc_0158,2026-01-15,14,7,3.78
acc_0159,2026-01-15,18,8,3.47
acc_0160,2026-01-15,18,4,3.34
acc_0161,2026-01-15,25,7,4.37
acc_0162,2026-01-15,19,6,3.84
acc_0163,2026-01-15,14,7,3.37
acc_0164,2026-01-15,0,2,0.5
acc_0165,2026-01-15,9,1,2.05
acc_0166,2026-01-15,34,11,5.06
acc_0167,2026-01-15,12,0,0.1
acc_0168,2026-01-15,3,0,2.72
acc_0169,2026-01-15,18,4,3.21
acc_0170,2026-01-15,13,8,3.71
acc_0171,2026-01-15,18,8,3.39
acc_0172,2026-01-15,15,3,4.42
acc_0173,2026-01-15,22,9,2.39
acc_0174,2026-01-15,4,3,3.14
acc_0175,2026-01-15,14,0,0.1
acc_0176,2026-01-15,21,7,2.5
acc_0177,2026-01-15,17,1,2.22
acc_0178,2026-01-15,5,3,0.79
acc_0179,2026-01-15,36,6,3.73
acc_0180,2026-01-15,11,2,1.03
acc_0181,2026-01-15,14,3,0.87
acc_0182,2026-01-15,14,7,3.1
acc_0183,2026-01-15,25,7,3.36
acc_0184,2026-01-15,17,6,3.39
acc_0185,2026-01-15,22,5,3.98
acc_0186,2026-01-15,1,2,0.73
acc_0187,2026-01-15,21,8,4.41
acc_0188,2026-01-15,23,11,2.24
acc_0189,2026-01-15,21,3,0.25
acc_0190,2026-01-15,17,4,1.44
acc_0191,2026-01-15,0,3,0.82
acc_0192,2026-01-15,32,13,5.18
acc_0193,2026-01-15,17,4,0.1
acc_0194,2026-01-15,5,2,2.24
acc_0195,2026-01-15,34,6,3.77
acc_0196,2026-01-15,16,3,1.69
acc_0197,2026-01-15,13,6,0.73
acc_0198,2026-01-15,2,2,3.88
acc_0199,2026-01-15,25,4,3.35
acc_0200,2026-01-15,17,10,2.8
acc_0201,2026-01-15,4,2,1.33
acc_0202,2026-01-15,0,2,2.1
acc_0203,2026-01-15,1,0,0.1
acc_0204,2026-01-15,17,6,0.11
acc_0205,2026-01-15,17,4,2.35
acc_0206,2026-01-15,31,11,4.36
acc_0207,2026-01-15,15,7,3.55
acc_0208,2026-01-15,17,3,4.25
acc_0209,2026-01-15,16,8,4.46
acc_0210,2026-01-15,17,9,1.56
acc_0211,2026-01-15,8,3,0.83
acc_0212,2026-01-15,9,7,0.83
acc_0213,2026-01-15,21,8,4.43
acc_0214,2026-01-15,19,10,4.1
acc_0215,2026-01-15,16,2,2.11
acc_0216,2026-01-15,25,5,3.33
acc_0217,2026-01-15,18,7,1.17
acc_0218,2026-01-15,33,9,3.8
acc_0219,2026-01-15,14,2,0.1
acc_0220,2026-01-15,22,8,4.26
acc_0221,2026-01-15,26,8,3.78
acc_0222,2026-01-15,12,4,3.11
acc_0223,2026-01-15,13,7,2.9
acc_0224,2026-01-15,12,5,4.75
acc_0225,2026-01-15,18,4,3.12
acc_0226,2026-01-15,0,0,1.17
acc_0227,2026-01-15,12,4,1.69
acc_0228,2026-01-15,17,6,3.35
acc_0229,2026-01-15,14,2,2.11
acc_0230,2026-01-15,26,6,5.18
acc_0231,2026-01-15,19,9,2.11
acc_0232,2026-01-15,4,4,2.05
acc_0233,2026-01-15,4,4,0.1
acc_0234,2026-01-15,8,0,1.39
acc_0235,2026-01-15,4,1,0.59
acc_0236,2026-01-15,17,3,2.86
acc_0237,2026-01-15,13,4,1.46
acc_0238,2026-01-15,12,1,1.99
acc_0239,2026-01-15,23,9,4.14
acc_0240,2026-01-15,13,5,2.82
acc_0241,2026-01-15,23,8,5.1
acc_0242,2026-01-15,14,7,2.14
acc_0243,2026-01-15,27,6,1.76
acc_0244,2026-01-15,9,4,3.72
acc_0245,2026-01-15,9,5,1.46
acc_0246,2026-01-15,24,10,3.79
acc_0247,2026-01-15,4,4,2.24
acc_0248,2026-01-15,22,8,2.82
acc_0249,2026-01-15,8,5,1.38
acc_0250,2026-01-15,13,10,3.45
acc_0251,2026-01-15,10,5,2.4
acc_0252,2026-01-15,5,3,1.27
acc_0253,2026-01-15,20,7,2.83
acc_0254,2026-01-15,20,7,2.43
acc_0255,2026-01-15,9,3,2.19
acc_0256,2026-01-15,17,7,4.69
acc_0257,2026-01-15,26,3,2.13
acc_0258,2026-01-15,1,0,1.07
acc_0259,2026-01-15,5,5,3.89
acc_0260,2026-01-15,17,4,3.93
acc_0261,2026-01-15,28,5,3.11
acc_0262,2026-01-15,16,8,3.19
acc_0263,2026-01-15,17,7,1.31
acc_0264,2026-01-15,12,7,2.29
acc_0265,2026-01-15,13,0,2.38
acc_0266,2026-01-15,24,9,5.19
acc_0267,2026-01-15,7,1,0.61
acc_0268,2026-01-15,11,3,0.89
acc_0269,2026-01-15,21,9,4.4
acc_0270,2026-01-15,8,1,2.05
acc_0271,2026-01-15,26,8,4.76
acc_0272,2026-01-15,32,8,3.76
acc_0273,2026-01-15,17,4,1.68
acc_0274,2026-01-15,21,10,2.47
acc_0275,2026-01-15,16,7,4.79
acc_0276,2026-01-15,26,7,1.03
acc_0277,2026-01-15,18,2,1.57
acc_0278,2026-01-15,6,2,0.1
acc_0279,2026-01-15,1,0,1.21
acc_0280,2026-01-15,37,7,5.18
acc_0281,2026-01-15,19,7,1.73
acc_0282,2026-01-15,15,0,4.22
acc_0283,2026-01-15,17,2,4.15
acc_0284,2026-01-15,17,8,3.09
acc_0285,2026-01-15,20,8,4.31
acc_0286,2026-01-15,11,1,1.23
acc_0287,2026-01-15,19,10,2.95
acc_0288,2026-01-15,9,3,1.65
acc_0289,2026-01-15,9,6,1.29
acc_0290,2026-01-15,9,1,0.1
acc_0291,2026-01-15,20,10,2.41
acc_0292,2026-01-15,14,3,1.37
acc_0293,2026-01-15,2,1,1.32
acc_0294,2026-01-15,7,7,2.52
acc_0295,2026-01-15,16,5,1.23
acc_0296,2026-01-15,8,0,1.55
acc_0297,2026-01-15,26,7,4.78
acc_0298,2026-01-15,11,4,1.82
acc_0299,2026-01-15,14,2,3.55
acc_0300,2026-01-15,8,3,1.24
acc_0301,2026-01-15,23,11,2.12
acc_0302,2026-01-15,13,4,2.12
acc_0303,2026-01-15,13,6,2.5
acc_0304,2026-01-15,22,6,3.19
acc_0305,2026-01-15,12,6,0.1
acc_0306,2026-01-15,12,5,1.27
acc_0307,2026-01-15,23,10,3.35
acc_0308,2026-01-15,0,5,3.06
acc_0309,2026-01-15,13,5,2.73
acc_0310,2026-01-15,2,1,0.1
acc_0311,2026-01-15,19,9,2.71
acc_0312,2026-01-15,7,6,2.89
acc_0313,2026-01-15,18,5,2.83
acc_0314,2026-01-15,13,4,2.38
acc_0315,2026-01-15,29,7,3.46
acc_0316,2026-01-15,21,11,4.7
acc_0317,2026-01-15,2,4,0.1
acc_0318,2026-01-15,18,10,1.72
acc_0319,2026-01-15,22,7,3.16
acc_0320,2026-01-15,26,5,1.34
acc_0321,2026-01-15,31,8,3.64
acc_0322,2026-01-15,13,4,3.03
acc_0323,2026-01-15,22,9,4.39
acc_0324,2026-01-15,14,9,4.65
acc_0325,2026-01-15,13,5,1.42
acc_0326,2026-01-15,16,4,1.64
acc_0327,2026-01-15,25,10,2.19
acc_0328,2026-01-15,23,6,3.5
acc_0329,2026-01-15,21,2,3.25
acc_0330,2026-01-15,19,5,2.92
acc_0331,2026-01-15,19,6,1.83
acc_0332,2026-01-15,24,10,1.85
acc_0333,2026-01-15,20,5,3.07
acc_0334,2026-01-15,11,4,2.06
acc_0335,2026-01-15,17,6,3.85
acc_0336,2026-01-15,34,8,3.7
acc_0337,2026-01-15,14,2,1.37
acc_0338,2026-01-15,18,8,3.99
acc_0339,2026-01-15,19,5,2.14
acc_0340,2026-01-15,23,3,4.3
acc_0341,2026-01-15,28,6,4.89
acc_0342,2026-01-15,20,8,2.12
acc_0343,2026-01-15,11,5,1.6
acc_0344,2026-01-15,18,11,5.46
acc_0345,2026-01-15,18,10,3.84
acc_0346,2026-01-15,23,4,2.95
acc_0347,2026-01-15,19,4,3.27
acc_0348,2026-01-15,10,2,2.41
acc_0349,2026-01-15,26,6,3.67
acc_0350,2026-01-15,30,7,4.33
acc_0351,2026-01-15,5,2,1.42
acc_0352,2026-01-15,15,1,2.86
acc_0353,2026-01-15,11,8,2.99
acc_0354,2026-01-15,12,1,1.55
acc_0355,2026-01-15,16,3,3.93
acc_0356,2026-01-15,20,6,2.74
acc_0357,2026-01-15,12,5,1.56
acc_0358,2026-01-15,21,7,4.37
acc_0359,2026-01-15,19,8,3.58
acc_0360,2026-01-15,31,8,2.25
acc_0361,2026-01-15,14,8,2.55
acc_0362,2026-01-15,22,8,2.4
acc_0363,2026-01-15,0,4,2.28
acc_0364,2026-01-15,3,2,1.39
acc_0365,2026-01-15,19,8,1.74
acc_0366,2026-01-15,7,8,2.06
acc_0367,2026-01-15,22,6,3.89
acc_0368,2026-01-15,12,4,1.44
acc_0369,2026-01-15,6,3,4.5
acc_0370,2026-01-15,20,9,2.43
acc_0371,2026-01-15,20,2,2.97
acc_0372,2026-01-15,14,3,1.59
acc_0373,2026-01-15,22,11,3.69
acc_0374,2026-01-15,9,3,1.41
acc_0375,2026-01-15,17,0,1.69
acc_0376,2026-01-15,15,3,4.4
acc_0377,2026-01-15,17,8,0.65
acc_0378,2026-01-15,15,6,2.27
acc_0379,2026-01-15,18,3,2.04
acc_0380,2026-01-15,7,1,2.1
acc_0381,2026-01-15,16,5,4.19
acc_0382,2026-01-15,0,2,0.1
acc_0383,2026-01-15,14,10,3.11
acc_0384,2026-01-15,10,8,3.11
acc_0385,2026-01-15,15,2,3.26
acc_0386,2026-01-15,19,6,2.78
acc_0387,2026-01-15,16,1,0.1
acc_0388,2026-01-15,15,6,3.29
acc_0389,2026-01-15,4,0,2.63
acc_0390,2026-01-15,0,1,1.67
acc_0391,2026-01-15,31,5,4.48
acc_0392,2026-01-15,6,5,3.09
acc_0393,2026-01-15,21,7,3.64
acc_0394,2026-01-15,19,4,2.69
acc_0395,2026-01-15,13,5,2.86
acc_0396,2026-01-15,22,8,0.7
acc_0397,2026-01-15,16,8,2.67
acc_0398,2026-01-15,11,5,3.11
acc_0399,2026-01-15,12,2,1.12
acc_0400,2026-01-15,25,9,4.07
acc_0401,2026-01-15,15,8,2.48
acc_0402,2026-01-15,28,9,3.87
acc_0403,2026-01-15,14,2,2.28
acc_0404,2026-01-15,22,10,4.2
acc_0405,2026-01-15,13,5,1.97
acc_0406,2026-01-15,12,3,0.62
acc_0407,2026-01-15,22,7,3.26
acc_0408,2026-01-15,26,8,5.44
acc_0409,2026-01-15,13,2,4.03
acc_0410,2026-01-15,1,2,0.1
acc_0411,2026-01-15,20,4,4.02
acc_0412,2026-01-15,22,6,2.53
acc_0413,2026-01-15,24,5,4.1
acc_0414,2026-01-15,22,4,4.73
acc_0415,2026-01-15,17,10,4.05
acc_0416,2026-01-15,8,0,0.21
acc_0417,2026-01-15,15,4,1.27
acc_0418,2026-01-15,25,6,4.67
acc_0419,2026-01-15,16,10,1.92
acc_0420,2026-01-15,1,1,0.1
acc_0421,2026-01-15,1,0,1.12
acc_0422,2026-01-15,7,5,1.54
acc_0423,2026-01-15,10,4,4.26
acc_0424,2026-01-15,12,5,0.61
acc_0425,2026-01-15,9,6,0.1
acc_0426,2026-01-15,12,6,0.67
acc_0427,2026-01-15,12,5,2.85
acc_0428,2026-01-15,0,3,1.41
acc_0429,2026-01-15,18,7,2.9
acc_0430,2026-01-15,27,4,2.45
acc_0431,2026-01-15,18,8,3.07
acc_0432,2026-01-15,7,0,2.36
acc_0433,2026-01-15,13,4,2.36
acc_0434,2026-01-15,18,7,3.69
acc_0435,2026-01-15,21,6,4.3
acc_0436,2026-01-15,20,5,3.57
acc_0437,2026-01-15,9,4,0.45
acc_0438,2026-01-15,7,3,0.27
acc_0439,2026-01-15,27,12,5.25
acc_0440,2026-01-15,23,5,1.41
acc_0441,2026-01-15,23,8,4.86
acc_0442,2026-01-15,21,0,0.56
acc_0443,2026-01-15,1,0,2.08
acc_0444,2026-01-15,22,7,3.4
acc_0445,2026-01-15,7,6,1.12
acc_0446,2026-01-15,14,5,3.31
acc_0447,2026-01-15,22,10,4.68
acc_0448,2026-01-15,7,1,0.84
acc_0449,2026-01-15,17,8,0.71
acc_0450,2026-01-15,10,5,1.79
acc_0451,2026-01-15,15,5,3.36
acc_0452,2026-01-15,10,4,3.74
acc_0453,2026-01-15,21,7,4.83
acc_0454,2026-01-15,26,7,5.72
acc_0455,2026-01-15,26,11,3.54
acc_0456,2026-01-15,26,7,4.46
acc_0457,2026-01-15,21,6,2.48
acc_0458,2026-01-15,4,2,1.31
acc_0459,2026-01-15,14,1,1.26
acc_0460,2026-01-15,15,4,1.99
acc_0461,2026-01-15,12,0,0.1
acc_0462,2026-01-15,12,2,0.76
acc_0463,2026-01-15,12,2,2.17
acc_0464,2026-01-15,15,6,3.36
acc_0465,2026-01-15,7,0,2.07
acc_0466,2026-01-15,26,5,1.74
acc_0467,2026-01-15,1,3,1.72
acc_0468,2026-01-15,5,7,3.42
acc_0469,2026-01-15,20,7,4.76
acc_0470,2026-01-15,5,4,1.18
acc_0471,2026-01-15,17,6,2.48
acc_0472,2026-01-15,25,10,5.49
acc_0473,2026-01-15,24,5,4.28
acc_0474,2026-01-15,9,4,0.1
acc_0475,2026-01-15,11,6,0.27
acc_0476,2026-01-15,8,4,0.1
acc_0477,2026-01-15,10,9,1.61
acc_0478,2026-01-15,9,5,3.74
acc_0479,2026-01-15,20,9,3.92
acc_0480,2026-01-15,21,8,3.28
acc_0481,2026-01-15,10,4,1.66
acc_0482,2026-01-15,0,7,3.84
acc_0483,2026-01-15,21,8,3.94
acc_0484,2026-01-15,23,6,2.99
acc_0485,2026-01-15,16,8,3.32
acc_0486,2026-01-15,24,4,5.56
acc_0487,2026-01-15,3,3,1.54
acc_0488,2026-01-15,23,9,2.79
acc_0489,2026-01-15,10,4,1.11
acc_0490,2026-01-15,19,12,2.49
acc_0491,2026-01-15,19,3,1.8
acc_0492,2026-01-15,34,6,3.41
acc_0493,2026-01-15,19,9,1.47
acc_0494,2026-01-15,19,7,3.4
acc_0495,2026-01-15,23,8,4.36
acc_0496,2026-01-15,10,1,2.43
acc_0497,2026-01-15,4,3,0.1
acc_0498,2026-01-15,26,4,2.24
acc_0499,2026-01-15,23,5,2.17
acc_0500,2026-01-15,8,0,2.72
acc_0501,2026-01-15,23,9,4.14
acc_0502,2026-01-15,12,8,4.81
acc_0503,2026-01-15,16,3,3.04
acc_0504,2026-01-15,14,3,0.89
acc_0505,2026-01-15,14,7,3.83
acc_0506,2026-01-15,10,3,0.1
acc_0507,2026-01-15,18,6,1.36
acc_0508,2026-01-15,7,4,1.67
acc_0509,2026-01-15,23,8,4.79
acc_0510,2026-01-15,7,0,3.81
acc_0511,2026-01-15,18,2,1.03
acc_0512,2026-01-15,22,5,3.37
acc_0513,2026-01-15,11,0,2.42
acc_0514,2026-01-15,21,11,4.24
acc_0515,2026-01-15,11,5,3.83
acc_0516,2026-01-15,4,3,0.1
acc_0517,2026-01-15,3,3,1.68
acc_0518,2026-01-15,25,8,4.59
acc_0519,2026-01-15,11,11,3.31
acc_0520,2026-01-15,13,11,1.87
acc_0521,2026-01-15,14,7,0.94
acc_0522,2026-01-15,12,2,1.04
acc_0523,2026-01-15,20,8,1.33
acc_0524,2026-01-15,11,1,1.53
acc_0525,2026-01-15,31,12,4.33
acc_0526,2026-01-15,23,0,1.34
acc_0527,2026-01-15,11,2,1.34
acc_0528,2026-01-15,24,8,1.8
acc_0529,2026-01-15,14,6,2.72
acc_0530,2026-01-15,3,0,0.62
acc_0531,2026-01-15,20,7,3.29
acc_0532,2026-01-15,12,5,2.38
acc_0533,2026-01-15,12,3,0.73
acc_0534,2026-01-15,12,4,1.84
acc_0535,2026-01-15,13,6,1.65
acc_0536,2026-01-15,7,3,1.35
acc_0537,2026-01-15,28,9,5.73
acc_0538,2026-01-15,11,7,1.4
acc_0539,2026-01-15,14,4,1.97
acc_0540,2026-01-15,8,4,0.61
acc_0541,2026-01-15,13,9,2.99
acc_0542,2026-01-15,12,9,1.94
acc_0543,2026-01-15,18,5,2.39
acc_0544,2026-01-15,7,0,1.4
acc_0545,2026-01-15,10,5,0.1
acc_0546,2026-01-15,25,6,2.27
acc_0547,2026-01-15,22,5,1.5
acc_0548,2026-01-15,15,4,0.78
acc_0549,2026-01-15,18,9,3.91
acc_0550,2026-01-15,25,10,3.21
acc_0551,2026-01-15,17,7,5.29
acc_0552,2026-01-15,9,10,1.43
acc_0553,2026-01-15,12,4,0.55
acc_0554,2026-01-15,11,4,3.21
acc_0555,2026-01-15,17,7,2.48
acc_0556,2026-01-15,17,5,3.05
acc_0557,2026-01-15,17,6,4.04
acc_0558,2026-01-15,23,8,4.44
acc_0559,2026-01-15,19,1,3.02
acc_0560,2026-01-15,21,6,3.9
acc_0561,2026-01-15,6,2,0.4
acc_0562,2026-01-15,9,4,1.4
acc_0563,2026-01-15,5,0,1.24
acc_0564,2026-01-15,11,2,1.06
acc_0565,2026-01-15,20,7,3.66
acc_0566,2026-01-15,14,5,0.1
acc_0567,2026-01-15,24,5,1.47
acc_0568,2026-01-15,17,5,0.1
acc_0569,2026-01-15,7,2,0.55
acc_0570,2026-01-15,14,6,0.63
acc_0571,2026-01-15,27,5,5.65
acc_0572,2026-01-15,3,4,1.79
acc_0573,2026-01-15,14,3,2.78
acc_0574,2026-01-15,20,5,1.87
acc_0575,2026-01-15,0,0,0.1
acc_0576,2026-01-15,12,3,3.85
acc_0577,2026-01-15,16,5,4.18
acc_0578,2026-01-15,14,3,2.46
acc_0579,2026-01-15,14,7,0.1
acc_0580,2026-01-15,16,9,2.89
acc_0581,2026-01-15,0,4,1.36
acc_0582,2026-01-15,29,10,3.85
acc_0583,2026-01-15,21,8,1.93
acc_0584,2026-01-15,18,10,5.58
acc_0585,2026-01-15,0,0,0.1
acc_0586,2026-01-15,16,8,0.32
acc_0587,2026-01-15,23,5,3.55
acc_0588,2026-01-15,22,4,4.53
acc_0589,2026-01-15,25,4,4.07
acc_0590,2026-01-15,12,2,0.72
acc_0591,2026-01-15,20,2,1.02
acc_0592,2026-01-15,9,6,0.38
acc_0593,2026-01-15,3,5,1.12
acc_0594,2026-01-15,10,5,2.13
acc_0595,2026-01-15,17,2,2.95
acc_0596,2026-01-15,11,2,0.78
acc_0597,2026-01-15,22,10,5.12
acc_0598,2026-01-15,13,4,2.96
acc_0599,2026-01-15,17,2,0.97
acc_0600,2026-01-15,15,3,3.45
acc_0601,2026-01-15,13,3,3.32
acc_0602,2026-01-15,15,5,2.12
acc_0603,2026-01-15,26,7,3.17
acc_0604,2026-01-15,24,8,3.3
acc_0605,2026-01-15,10,5,2.5
acc_0606,2026-01-15,26,9,5.32
acc_0607,2026-01-15,17,10,5.46
acc_0608,2026-01-15,21,3,3.08
acc_0609,2026-01-15,37,13,4.77
acc_0610,2026-01-15,6,4,2.18
acc_0611,2026-01-15,2,4,1.8
acc_0612,2026-01-15,8,0,0.1
acc_0613,2026-01-15,20,7,5.82
acc_0614,2026-01-15,17,7,4.58
acc_0615,2026-01-15,14,11,4.77
acc_0616,2026-01-15,22,6,3.88
acc_0617,2026-01-15,12,5,1.66
acc_0618,2026-01-15,24,4,0.1
acc_0619,2026-01-15,25,10,1.74
acc_0620,2026-01-15,22,6,3.59
acc_0621,2026-01-15,28,10,4.78
acc_0622,2026-01-15,22,1,2.96
acc_0623,2026-01-15,8,4,2.68
acc_0624,2026-01-15,14,5,0.64
acc_0625,2026-01-15,13,6,2.62
acc_0626,2026-01-15,14,4,0.42
acc_0627,2026-01-15,31,8,4.01
acc_0628,2026-01-15,12,5,2.64
acc_0629,2026-01-15,8,9,2.4
acc_0630,2026-01-15,19,9,3.04
acc_0631,2026-01-15,4,3,1.62
acc_0632,2026-01-15,18,6,3.39
acc_0633,2026-01-15,9,6,0.1
acc_0634,2026-01-15,21,7,1.66
acc_0635,2026-01-15,32,7,3.71
acc_0636,2026-01-15,1,4,0.1
acc_0637,2026-01-15,9,5,2.98
acc_0638,2026-01-15,4,3,0.58
acc_0639,2026-01-15,22,7,3.88
acc_0640,2026-01-15,0,6,1.96
acc_0641,2026-01-15,19,7,5.08
acc_0642,2026-01-15,11,4,3.56
acc_0643,2026-01-15,23,7,3.88
acc_0644,2026-01-15,6,4,2.73
acc_0645,2026-01-15,20,3,3.41
acc_0646,2026-01-15,20,7,3.29
acc_0647,2026-01-15,20,3,2.54
acc_0648,2026-01-15,19,4,0.1
acc_0649,2026-01-15,10,6,1.92
acc_0650,2026-01-15,11,0,1.01
acc_0651,2026-01-15,20,8,3.34
acc_0652,2026-01-15,29,6,2.71
acc_0653,2026-01-15,0,0,0.53
acc_0654,2026-01-15,17,5,1.62
acc_0655,2026-01-15,12,9,1.27
acc_0656,2026-01-15,15,7,2.07
acc_0657,2026-01-15,14,2,3.57
acc_0658,2026-01-15,19,4,1.68
acc_0659,2026-01-15,8,3,0.1
acc_0660,2026-01-15,26,9,4.03
acc_0661,2026-01-15,16,7,1.32
acc_0662,2026-01-15,12,4,1.39
acc_0663,2026-01-15,6,5,2.52
acc_0664,2026-01-15,14,5,2.43
acc_0665,2026-01-15,19,5,4.95
acc_0666,2026-01-15,8,6,0.1
acc_0667,2026-01-15,27,9,3.62
acc_0668,2026-01-15,19,4,2.19
acc_0669,2026-01-15,21,5,2.19
acc_0670,2026-01-15,0,1,0.1
acc_0671,2026-01-15,24,8,3.6
acc_0672,2026-01-15,9,5,3.02
acc_0673,2026-01-15,22,4,2.41
acc_0674,2026-01-15,12,7,1.34
acc_0675,2026-01-15,10,1,2.74
acc_0676,2026-01-15,29,4,3.74
acc_0677,2026-01-15,18,5,3.26
acc_0678,2026-01-15,12,2,2.44
acc_0679,2026-01-15,17,0,2.68
acc_0680,2026-01-15,9,3,0.97
acc_0681,2026-01-15,12,7,2.59
acc_0682,2026-01-15,18,6,2.48
acc_0683,2026-01-15,19,5,2.07
acc_0684,2026-01-15,10,5,2.36
acc_0685,2026-01-15,26,7,5.12
acc_0686,2026-01-15,14,2,0.53
acc_0687,2026-01-15,9,1,2.38
acc_0688,2026-01-15,15,6,2.76
acc_0689,2026-01-15,0,3,0.49
acc_0690,2026-01-15,33,8,5.08
acc_0691,2026-01-15,13,0,1.71
acc_0692,2026-01-15,26,10,5.11
acc_0693,2026-01-15,2,0,1.63
acc_0694,2026-01-15,19,5,2.55
acc_0695,2026-01-15,12,3,2.28
acc_0696,2026-01-15,12,6,2.2
acc_0697,2026-01-15,21,7,3.3
acc_0698,2026-01-15,22,0,3.29
acc_0699,2026-01-15,16,7,2.71
acc_0700,2026-01-15,16,6,4.19
acc_0701,2026-01-15,10,6,4.25
acc_0702,2026-01-15,14,6,2.12
acc_0703,2026-01-15,24,8,5.77
acc_0704,2026-01-15,14,5,2.27
acc_0705,2026-01-15,24,3,2.05
acc_0706,2026-01-15,19,6,3.53
acc_0707,2026-01-15,11,4,4.27
acc_0708,2026-01-15,7,3,0.76
acc_0709,2026-01-15,13,6,1.62
acc_0710,2026-01-15,23,4,3.1
acc_0711,2026-01-15,21,6,3.71
acc_0712,2026-01-15,19,3,4.3
acc_0713,2026-01-15,0,3,1.14
acc_0714,2026-01-15,16,6,3.14
acc_0715,2026-01-15,3,2,0.1
acc_0716,2026-01-15,8,1,2.02
acc_0717,2026-01-15,25,3,3.36
acc_0718,2026-01-15,33,6,3.97
acc_0719,2026-01-15,14,9,3.55
acc_0720,2026-01-15,8,7,2.93
acc_0721,2026-01-15,8,3,1.72
acc_0722,2026-01-15,0,1,0.1
acc_0723,2026-01-15,23,7,4.0
acc_0724,2026-01-15,29,10,3.72
acc_0725,2026-01-15,10,2,2.07
acc_0726,2026-01-15,28,7,2.16
acc_0727,2026-01-15,6,0,0.29
acc_0728,2026-01-15,10,5,2.94
acc_0729,2026-01-15,17,10,3.46
acc_0730,2026-01-15,20,3,2.65
acc_0731,2026-01-15,11,7,0.23
acc_0732,2026-01-15,12,1,1.31
acc_0733,2026-01-15,23,7,5.06
acc_0734,2026-01-15,17,7,3.07
acc_0735,2026-01-15,20,6,2.67
acc_0736,2026-01-15,8,3,0.62
acc_0737,2026-01-15,21,9,2.56
acc_0738,2026-01-15,18,8,3.49
acc_0739,2026-01-15,12,3,2.41
acc_0740,2026-01-15,17,0,0.62
acc_0741,2026-01-15,16,3,2.67
acc_0742,2026-01-15,21,10,3.64
acc_0743,2026-01-15,0,0,0.1
acc_0744,2026-01-15,0,3,0.1
acc_0745,2026-01-15,12,3,0.94
acc_0746,2026-01-15,9,8,2.59
acc_0747,2026-01-15,24,12,3.66
acc_0748,2026-01-15,2,6,3.1
acc_0749,2026-01-15,19,3,0.16
acc_0750,2026-01-15,28,2,4.15
acc_0751,2026-01-15,19,6,3.54
acc_0752,2026-01-15,18,9,3.57
acc_0753,2026-01-15,20,8,2.0
acc_0754,2026-01-15,5,0,0.1
acc_0755,2026-01-15,25,2,3.04
acc_0756,2026-01-15,23,10,4.43
acc_0757,2026-01-15,17,11,4.09
acc_0758,2026-01-15,13,3,2.1
acc_0759,2026-01-15,24,9,4.67
acc_0760,2026-01-15,14,9,1.27
acc_0761,2026-01-15,22,6,2.67
acc_0762,2026-01-15,22,4,1.87
acc_0763,2026-01-15,20,9,3.66
acc_0764,2026-01-15,12,5,3.96
acc_0765,2026-01-15,8,8,1.64
acc_0766,2026-01-15,9,1,0.1
acc_0767,2026-01-15,18,8,2.34
acc_0768,2026-01-15,17,1,2.71
acc_0769,2026-01-15,11,4,2.06
acc_0770,2026-01-15,27,4,1.49
acc_0771,2026-01-15,17,9,4.1
acc_0772,2026-01-15,20,2,2.16
acc_0773,2026-01-15,17,6,2.57
acc_0774,2026-01-15,16,3,3.08
acc_0775,2026-01-15,13,10,5.7
acc_0776,2026-01-15,24,10,2.37
acc_0777,2026-01-15,21,8,1.5
acc_0778,2026-01-15,2,1,2.46
acc_0779,2026-01-15,31,6,4.79
acc_0780,2026-01-15,18,5,2.02
acc_0781,2026-01-15,26,5,1.77
acc_0782,2026-01-15,19,10,3.56
acc_0783,2026-01-15,24,6,4.84
acc_0784,2026-01-15,15,5,2.39
acc_0785,2026-01-15,19,5,3.12
acc_0786,2026-01-15,7,1,0.1
acc_0787,2026-01-15,4,3,0.77
acc_0788,2026-01-15,17,4,3.37
acc_0789,2026-01-15,0,2,2.27
acc_0790,2026-01-15,7,5,1.2
acc_0791,2026-01-15,23,3,3.87
acc_0792,2026-01-15,14,4,2.66
acc_0793,2026-01-15,11,6,2.91
acc_0794,2026-01-15,8,8,4.64
acc_0795,2026-01-15,11,6,3.52
acc_0796,2026-01-15,24,8,6.75
acc_0797,2026-01-15,24,9,3.32
acc_0798,2026-01-15,30,8,4.2
acc_0799,2026-01-15,5,1,0.9
acc_0800,2026-01-15,8,2,1.49
acc_0801,2026-01-15,9,6,2.56
acc_0802,2026-01-15,18,6,2.94
acc_0803,2026-01-15,21,5,2.14
acc_0804,2026-01-15,14,1,1.04
acc_0805,2026-01-15,24,7,4.4
acc_0806,2026-01-15,8,5,2.83
acc_0807,2026-01-15,8,5,4.86
acc_0808,2026-01-15,5,0,1.99
acc_0809,2026-01-15,18,4,1.58
acc_0810,2026-01-15,3,7,1.71
acc_0811,2026-01-15,11,8,3.48
acc_0812,2026-01-15,0,2,2.46
acc_0813,2026-01-15,2,4,2.79
acc_0814,2026-01-15,19,5,0.75
acc_0815,2026-01-15,26,8,3.67
acc_0816,2026-01-15,13,5,1.77
acc_0817,2026-01-15,23,10,4.52
acc_0818,2026-01-15,17,1,0.9
acc_0819,2026-01-15,27,11,3.39
acc_0820,2026-01-15,28,4,1.05
acc_0821,2026-01-15,10,5,2.56
acc_0822,2026-01-15,4,2,2.35
acc_0823,2026-01-15,19,7,3.44
acc_0824,2026-01-15,10,6,1.51
acc_0825,2026-01-15,17,6,1.63
acc_0826,2026-01-15,13,4,1.83
acc_0827,2026-01-15,16,9,2.07
acc_0828,2026-01-15,15,5,0.32
acc_0829,2026-01-15,26,6,5.28
acc_0830,2026-01-15,13,0,0.1
acc_0831,2026-01-15,22,9,4.86
acc_0832,2026-01-15,11,7,2.27
acc_0833,2026-01-15,23,8,5.14
acc_0834,2026-01-15,2,5,0.71
acc_0835,2026-01-15,18,7,3.62
acc_0836,2026-01-15,25,9,3.7
acc_0837,2026-01-15,0,0,0.4
acc_0838,2026-01-15,21,5,1.71
acc_0839,2026-01-15,8,6,1.14
acc_0840,2026-01-15,3,4,0.1
acc_0841,2026-01-15,12,8,1.2
acc_0842,2026-01-15,9,7,0.66
acc_0843,2026-01-15,18,5,1.79
acc_0844,2026-01-15,23,7,3.52
acc_0845,2026-01-15,5,4,2.2
acc_0846,2026-01-15,30,10,4.47
acc_0847,2026-01-15,13,3,0.36
acc_0848,2026-01-15,13,4,0.83
acc_0849,2026-01-15,0,1,0.1
acc_0850,2026-01-15,15,6,2.86
acc_0851,2026-01-15,8,2,2.18
acc_0852,2026-01-15,14,5,3.67
acc_0853,2026-01-15,25,7,4.18
acc_0854,2026-01-15,9,2,3.12
acc_0855,2026-01-15,5,1,0.9
acc_0856,2026-01-15,18,3,3.83
acc_0857,2026-01-15,15,4,3.16
acc_0858,2026-01-15,0,0,3.15
acc_0859,2026-01-15,15,6,2.29
acc_0860,2026-01-15,6,3,0.17
acc_0861,2026-01-15,14,5,1.31
acc_0862,2026-01-15,13,2,2.59
acc_0863,2026-01-15,21,7,1.75
acc_0864,2026-01-15,13,7,3.82
acc_0865,2026-01-15,2,0,0.15
acc_0866,2026-01-15,13,4,1.84
acc_0867,2026-01-15,20,1,1.74
acc_0868,2026-01-15,12,3,4.4
acc_0869,2026-01-15,20,10,3.35
acc_0870,2026-01-15,14,4,0.83
acc_0871,2026-01-15,28,8,4.85
acc_0872,2026-01-15,0,0,0.54
acc_0873,2026-01-15,9,2,1.76
acc_0874,2026-01-15,5,4,2.43
acc_0875,2026-01-15,21,3,4.37
acc_0876,2026-01-15,15,8,1.91
acc_0877,2026-01-15,2,1,0.1
acc_0878,2026-01-15,3,3,4.59
acc_0879,2026-01-15,19,7,2.17
acc_0880,2026-01-15,4,2,2.0
acc_0881,2026-01-15,0,2,2.38
acc_0882,2026-01-15,3,3,1.4
acc_0883,2026-01-15,21,10,4.0
acc_0884,2026-01-15,30,9,5.55
acc_0885,2026-01-15,16,3,2.5
acc_0886,2026-01-15,16,5,2.66
acc_0887,2026-01-15,12,5,2.79
acc_0888,2026-01-15,17,2,2.07
acc_0889,2026-01-15,4,3,0.79
acc_0890,2026-01-15,10,1,2.12
acc_0891,2026-01-15,25,8,3.45
acc_0892,2026-01-15,2,0,1.28
acc_0893,2026-01-15,31,6,3.37
acc_0894,2026-01-15,6,3,2.55
acc_0895,2026-01-15,19,10,4.65
acc_0896,2026-01-15,3,4,2.21
acc_0897,2026-01-15,0,2,1.34
acc_0898,2026-01-15,30,9,3.13
acc_0899,2026-01-15,12,6,3.96
acc_0900,2026-01-15,26,3,1.18
acc_0901,2026-01-15,8,5,1.68
acc_0902,2026-01-15,7,6,1.42
acc_0903,2026-01-15,14,4,0.1
acc_0904,2026-01-15,17,4,1.61
acc_0905,2026-01-15,19,6,2.58
acc_0906,2026-01-15,8,1,0.1
acc_0907,2026-01-15,16,9,2.1
acc_0908,2026-01-15,14,6,1.61
acc_0909,2026-01-15,3,0,0.29
acc_0910,2026-01-15,11,6,1.86
acc_0911,2026-01-15,16,10,1.34
acc_0912,2026-01-15,14,4,1.13
acc_0913,2026-01-15,10,4,0.59
acc_0914,2026-01-15,0,0,0.94
acc_0915,2026-01-15,17,3,1.45
acc_0916,2026-01-15,11,2,1.04
acc_0917,2026-01-15,7,2,0.17
acc_0918,2026-01-15,9,0,0.1
acc_0919,2026-01-15,6,1,1.43
acc_0920,2026-01-15,14,10,4.73
acc_0921,2026-01-15,10,1,1.56
acc_0922,2026-01-15,24,9,4.27
acc_0923,2026-01-15,10,4,1.3
acc_0924,2026-01-15,18,6,4.47
acc_0925,2026-01-15,26,8,3.51
acc_0926,2026-01-15,20,9,3.56
acc_0927,2026-01-15,21,5,3.74
acc_0928,2026-01-15,15,6,1.15
acc_0929,2026-01-15,23,7,2.89
acc_0930,2026-01-15,25,9,1.64
acc_0931,2026-01-15,18,3,2.16
acc_0932,2026-01-15,8,4,3.12
acc_0933,2026-01-15,11,3,0.2
acc_0934,2026-01-15,20,10,2.55
acc_0935,2026-01-15,19,1,0.79
acc_0936,2026-01-15,18,5,4.5
acc_0937,2026-01-15,15,6,2.16
acc_0938,2026-01-15,18,3,2.49
acc_0939,2026-01-15,0,5,1.12
acc_0940,2026-01-15,8,4,0.78
acc_0941,2026-01-15,8,3,2.63
acc_0942,2026-01-15,10,2,2.93
acc_0943,2026-01-15,20,5,2.36
acc_0944,2026-01-15,18,5,2.42
acc_0945,2026-01-15,9,8,3.8
acc_0946,2026-01-15,8,5,3.41
acc_0947,2026-01-15,13,2,2.71
acc_0948,2026-01-15,26,4,2.22
acc_0949,2026-01-15,14,5,0.74
acc_0950,2026-01-15,25,10,3.4
acc_0951,2026-01-15,17,2,3.9
acc_0952,2026-01-15,14,9,4.28
acc_0953,2026-01-15,16,4,1.78
acc_0954,2026-01-15,0,2,0.1
acc_0955,2026-01-15,18,6,2.89
acc_0956,2026-01-15,21,2,2.71
acc_0957,2026-01-15,25,7,4.37
acc_0958,2026-01-15,10,4,2.59
acc_0959,2026-01-15,19,7,2.31
acc_0960,2026-01-15,30,9,4.95
acc_0961,2026-01-15,15,8,1.35
acc_0962,2026-01-15,13,1,2.2
acc_0963,2026-01-15,13,5,2.37
acc_0964,2026-01-15,9,4,3.45
acc_0965,2026-01-15,5,3,1.84
acc_0966,2026-01-15,15,7,2.54
acc_0967,2026-01-15,15,7,3.87
acc_0968,2026-01-15,16,8,2.48
acc_0969,2026-01-15,24,9,2.74
acc_0970,2026-01-15,24,1,3.52
acc_0971,2026-01-15,12,0,1.6
acc_0972,2026-01-15,35,12,4.53
acc_0973,2026-01-15,6,3,0.1
acc_0974,2026-01-15,20,8,3.73
acc_0975,2026-01-15,10,1,2.19
acc_0976,2026-01-15,23,7,2.96
acc_0977,2026-01-15,27,7,4.4
acc_0978,2026-01-15,5,1,1.9
acc_0979,2026-01-15,24,7,2.49
acc_0980,2026-01-15,9,7,1.36
acc_0981,2026-01-15,0,1,0.57
acc_0982,2026-01-15,4,4,1.89
acc_0983,2026-01-15,11,4,2.3
acc_0984,2026-01-15,18,4,4.99
acc_0985,2026-01-15,19,8,3.39
acc_0986,2026-01-15,3,3,0.1
acc_0987,2026-01-15,7,5,0.1
acc_0988,2026-01-15,6,5,0.78
acc_0989,2026-01-15,21,5,4.15
acc_0990,2026-01-15,25,12,5.79
acc_0991,2026-01-15,25,6,4.07
acc_0992,2026-01-15,22,6,3.07
acc_0993,2026-01-15,15,8,2.45
acc_0994,2026-01-15,20,6,4.93
acc_0995,2026-01-15,5,2,1.95
acc_0996,2026-01-15,22,9,3.6
acc_0997,2026-01-15,19,10,4.88
acc_0998,2026-01-15,5,1,1.62
acc_0999,2026-01-15,14,7,3.37
acc_1000,2026-01-15,20,3,0.2
acc_1001,2026-01-15,10,2,0.82
acc_1002,2026-01-15,7,2,0.1
acc_1003,2026-01-15,26,10,3.22
acc_1004,2026-01-15,6,1,1.36
acc_1005,2026-01-15,4,7,0.19
acc_1006,2026-01-15,10,0,0.89
acc_1007,2026-01-15,15,4,2.07
acc_1008,2026-01-15,18,6,1.28
acc_1009,2026-01-15,29,4,3.08
acc_1010,2026-01-15,27,10,4.34
acc_1011,2026-01-15,34,8,3.33
acc_1012,2026-01-15,7,6,3.71
acc_1013,2026-01-15,34,9,3.59
acc_1014,2026-01-15,14,1,2.32
acc_1015,2026-01-15,18,3,1.52
acc_1016,2026-01-15,19,8,2.82
acc_1017,2026-01-15,21,7,3.22
acc_1018,2026-01-15,5,0,2.13
acc_1019,2026-01-15,31,7,3.37
acc_1020,2026-01-15,10,4,2.81
acc_1021,2026-01-15,11,6,3.47
acc_1022,2026-01-15,9,0,1.75
acc_1023,2026-01-15,11,4,1.74
acc_1024,2026-01-15,12,2,1.85
acc_1025,2026-01-15,17,6,1.59
acc_1026,2026-01-15,12,3,1.03
acc_1027,2026-01-15,17,6,3.05
acc_1028,2026-01-15,12,8,4.32
acc_1029,2026-01-15,9,8,3.35
acc_1030,2026-01-15,22,6,2.97
acc_1031,2026-01-15,18,6,3.5
acc_1032,2026-01-15,19,9,3.5
acc_1033,2026-01-15,3,2,2.57
acc_1034,2026-01-15,17,0,1.93
acc_1035,2026-01-15,0,0,1.22
acc_1036,2026-01-15,5,6,0.63
acc_1037,2026-01-15,26,5,3.75
acc_1038,2026-01-15,11,3,0.28
acc_1039,2026-01-15,15,2,0.81
acc_1040,2026-01-15,15,4,0.18
acc_1041,2026-01-15,16,2,0.49
acc_1042,2026-01-15,24,6,5.02
acc_1043,2026-01-15,12,4,1.39
acc_1044,2026-01-15,4,0,0.1
acc_1045,2026-01-15,0,3,0.1
acc_1046,2026-01-15,12,4,3.84
acc_1047,2026-01-15,12,8,2.99
acc_1048,2026-01-15,7,1,1.28
acc_1049,2026-01-15,14,11,3.06
acc_1050,2026-01-15,20,9,0.88
acc_1051,2026-01-15,9,8,0.67
acc_1052,2026-01-15,18,10,1.88
acc_1053,2026-01-15,11,1,1.81
acc_1054,2026-01-15,20,3,0.1
acc_1055,2026-01-15,7,7,2.07
acc_1056,2026-01-15,15,4,2.58
acc_1057,2026-01-15,13,5,0.1
acc_1058,2026-01-15,12,1,0.7
acc_1059,2026-01-15,22,5,4.21
acc_1060,2026-01-15,33,11,3.38
acc_1061,2026-01-15,11,2,2.62
acc_1062,2026-01-15,12,7,5.37
acc_1063,2026-01-15,24,7,3.39
acc_1064,2026-01-15,26,7,3.64
acc_1065,2026-01-15,25,9,3.86
acc_1066,2026-01-15,11,5,2.65
acc_1067,2026-01-15,16,4,2.61
acc_1068,2026-01-15,6,7,0.55
acc_1069,2026-01-15,13,1,0.1
acc_1070,2026-01-15,6,7,0.1
acc_1071,2026-01-15,16,6,2.89
acc_1072,2026-01-15,21,6,3.16
acc_1073,2026-01-15,4,6,0.1
acc_1074,2026-01-15,10,0,1.5
acc_1075,2026-01-15,15,9,2.52
acc_1076,2026-01-15,12,3,0.48
acc_1077,2026-01-15,19,5,2.48
acc_1078,2026-01-15,3,2,1.33
acc_1079,2026-01-15,17,5,4.4
acc_1080,2026-01-15,17,7,3.72
acc_1081,2026-01-15,27,9,2.89
acc_1082,2026-01-15,14,5,2.88
acc_1083,2026-01-15,30,8,2.29
acc_1084,2026-01-15,10,4,0.86
acc_1085,2026-01-15,24,8,2.66
acc_1086,2026-01-15,2,9,1.62
acc_1087,2026-01-15,13,7,2.27
acc_1088,2026-01-15,19,5,1.79
acc_1089,2026-01-15,29,10,5.47
acc_1090,2026-01-15,14,6,4.31
acc_1091,2026-01-15,23,11,3.73
acc_1092,2026-01-15,9,4,2.85
acc_1093,2026-01-15,24,5,1.13
acc_1094,2026-01-15,13,6,1.45
acc_1095,2026-01-15,11,4,0.87
acc_1096,2026-01-15,17,4,2.13
acc_1097,2026-01-15,15,7,2.08
acc_1098,2026-01-15,13,7,1.23
acc_1099,2026-01-15,22,3,0.85
acc_1100,2026-01-15,21,7,4.13
acc_1101,2026-01-15,19,9,3.3
acc_1102,2026-01-15,30,11,5.51
acc_1103,2026-01-15,15,6,3.18
acc_1104,2026-01-15,21,9,3.78
acc_1105,2026-01-15,12,5,3.07
acc_1106,2026-01-15,4,2,0.1
acc_1107,2026-01-15,7,2,1.76
acc_1108,2026-01-15,2,0,2.39
acc_1109,2026-01-15,14,5,2.13
acc_1110,2026-01-15,12,1,0.1
acc_1111,2026-01-15,0,2,0.1
acc_1112,2026-01-15,11,0,2.88
acc_1113,2026-01-15,19,5,2.13
acc_1114,2026-01-15,27,9,4.28
acc_1115,2026-01-15,20,4,2.39
acc_1116,2026-01-15,4,3,1.83
acc_1117,2026-01-15,17,7,2.59
acc_1118,2026-01-15,7,7,0.56
acc_1119,2026-01-15,21,3,2.3
acc_1120,2026-01-15,31,7,2.99
acc_1121,2026-01-15,13,7,4.02
acc_1122,2026-01-15,11,4,2.13
acc_1123,2026-01-15,1,0,0.1
acc_1124,2026-01-15,7,0,0.25
acc_1125,2026-01-15,12,9,3.24
acc_1126,2026-01-15,8,2,0.62
acc_1127,2026-01-15,5,0,0.1
acc_1128,2026-01-15,3,7,1.65
acc_1129,2026-01-15,24,8,2.93
acc_1130,2026-01-15,7,10,3.11
acc_1131,2026-01-15,5,0,1.39
acc_1132,2026-01-15,20,7,2.48
acc_1133,2026-01-15,4,0,2.65
acc_1134,2026-01-15,19,7,3.39
acc_1135,2026-01-15,13,5,0.1
acc_1136,2026-01-15,3,1,1.14
acc_1137,2026-01-15,15,5,0.1
acc_1138,2026-01-15,7,1,1.95
acc_1139,2026-01-15,13,4,2.14
acc_1140,2026-01-15,9,3,1.9
acc_1141,2026-01-15,23,9,2.83
acc_1142,2026-01-15,29,5,4.05
acc_1143,2026-01-15,7,5,1.69
acc_1144,2026-01-15,29,7,4.54
acc_1145,2026-01-15,8,2,1.79
acc_1146,2026-01-15,25,5,0.38
acc_1147,2026-01-15,20,7,3.93
acc_1148,2026-01-15,13,5,2.76
acc_1149,2026-01-15,11,1,1.8
acc_1150,2026-01-15,22,7,4.22
acc_1151,2026-01-15,27,4,4.58
acc_1152,2026-01-15,16,2,2.08
acc_1153,2026-01-15,16,6,1.81
acc_1154,2026-01-15,14,2,1.73
acc_1155,2026-01-15,19,7,1.24
acc_1156,2026-01-15,17,8,2.45
acc_1157,2026-01-15,23,9,2.61
acc_1158,2026-01-15,11,7,0.91
acc_1159,2026-01-15,24,8,3.66
acc_1160,2026-01-15,22,8,3.06
acc_1161,2026-01-15,29,11,4.62
acc_1162,2026-01-15,19,8,2.85
acc_1163,2026-01-15,27,9,2.98
acc_1164,2026-01-15,1,6,2.95
acc_1165,2026-01-15,18,8,4.49
acc_1166,2026-01-15,32,13,5.62
acc_1167,2026-01-15,8,3,0.91
acc_1168,2026-01-15,22,4,3.87
acc_1169,2026-01-15,2,1,0.1
acc_1170,2026-01-15,7,5,1.02
acc_1171,2026-01-15,20,11,2.21
acc_1172,2026-01-15,10,1,1.53
acc_1173,2026-01-15,13,0,0.57
acc_1174,2026-01-15,26,6,1.96
acc_1175,2026-01-15,18,8,3.34
acc_1176,2026-01-15,15,0,0.56
acc_1177,2026-01-15,7,3,0.54
acc_1178,2026-01-15,6,1,2.12
acc_1179,2026-01-15,27,10,4.31
acc_1180,2026-01-15,14,4,4.04
acc_1181,2026-01-15,11,3,0.75
acc_1182,2026-01-15,19,8,3.24
acc_1183,2026-01-15,18,2,2.22
acc_1184,2026-01-15,18,11,5.2
acc_1185,2026-01-15,10,5,2.93
acc_1186,2026-01-15,14,2,1.23
acc_1187,2026-01-15,23,3,1.91
acc_1188,2026-01-15,27,5,3.6
acc_1189,2026-01-15,21,7,4.21
acc_1190,2026-01-15,2,0,0.99
acc_1191,2026-01-15,15,6,3.43
acc_1192,2026-01-15,2,0,2.36
acc_1193,2026-01-15,5,5,2.86
acc_1194,2026-01-15,16,7,3.66
acc_1195,2026-01-15,2,2,1.61
acc_1196,2026-01-15,32,9,5.6
acc_1197,2026-01-15,3,3,0.1
acc_1198,2026-01-15,21,7,5.64
acc_1199,2026-01-15,18,8,4.36
acc_1200,2026-01-15,6,2,2.01
acc_1201,2026-01-15,21,6,3.71
acc_1202,2026-01-15,21,6,2.5
acc_1203,2026-01-15,27,10,4.36
acc_1204,2026-01-15,29,9,4.89
acc_1205,2026-01-15,3,2,2.07
acc_1206,2026-01-15,25,9,4.36
acc_1207,2026-01-15,25,11,4.68
acc_1208,2026-01-15,27,2,2.84
acc_1209,2026-01-15,14,5,2.69
acc_1210,2026-01-15,21,5,2.71
acc_1211,2026-01-15,15,5,1.11
acc_1212,2026-01-15,11,1,0.11
acc_1213,2026-01-15,15,6,3.72
acc_1214,2026-01-15,22,8,3.18
acc_1215,2026-01-15,15,4,3.96
acc_1216,2026-01-15,29,9,2.93
acc_1217,2026-01-15,23,7,3.79
acc_1218,2026-01-15,0,0,0.11
acc_1219,2026-01-15,25,7,2.74
acc_1220,2026-01-15,34,8,2.58
acc_1221,2026-01-15,1,0,0.75
acc_1222,2026-01-15,20,4,2.41
acc_1223,2026-01-15,21,3,1.82
acc_1224,2026-01-15,28,10,4.5
acc_1225,2026-01-15,8,3,0.97
acc_1226,2026-01-15,26,8,3.78
acc_1227,2026-01-15,4,3,0.1
acc_1228,2026-01-15,22,7,4.08
acc_1229,2026-01-15,15,5,1.73
acc_1230,2026-01-15,17,6,4.19
acc_1231,2026-01-15,3,0,0.26
acc_1232,2026-01-15,14,4,3.61
acc_1233,2026-01-15,22,0,2.57
acc_1234,2026-01-15,24,8,3.53
acc_1235,2026-01-15,17,10,5.08
acc_1236,2026-01-15,13,7,2.85
acc_1237,2026-01-15,0,5,0.1
acc_1238,2026-01-15,8,6,1.15
acc_1239,2026-01-15,0,1,0.82
acc_1240,2026-01-15,29,11,2.85
acc_1241,2026-01-15,15,6,2.32
acc_1242,2026-01-15,15,3,1.88
acc_1243,2026-01-15,17,4,4.88
acc_1244,2026-01-15,14,6,3.51
acc_1245,2026-01-15,24,6,3.07
acc_1246,2026-01-15,27,10,4.99
acc_1247,2026-01-15,24,9,4.29
acc_1248,2026-01-15,6,1,1.94
acc_1249,2026-01-15,10,3,2.12
acc_1250,2026-01-15,23,7,1.75
acc_1251,2026-01-15,27,9,4.05
acc_1252,2026-01-15,18,10,5.54
acc_1253,2026-01-15,6,3,3.15
acc_1254,2026-01-15,8,3,1.64
acc_1255,2026-01-15,8,6,1.63
acc_1256,2026-01-15,15,3,1.55
acc_1257,2026-01-15,19,9,3.24
acc_1258,2026-01-15,2,4,1.4
acc_1259,2026-01-15,0,2,0.1
acc_1260,2026-01-15,12,2,2.27
acc_1261,2026-01-15,0,6,0.1
acc_1262,2026-01-15,21,10,3.0
acc_1263,2026-01-15,19,6,2.23
acc_1264,2026-01-15,26,7,4.56
acc_1265,2026-01-15,9,4,1.83
acc_1266,2026-01-15,20,7,2.86
acc_1267,2026-01-15,4,5,2.24
acc_1268,2026-01-15,24,4,1.61
acc_1269,2026-01-15,31,9,2.94
acc_1270,2026-01-15,5,4,0.38
acc_1271,2026-01-15,14,5,0.1
acc_1272,2026-01-15,7,0,1.45
acc_1273,2026-01-15,10,2,1.65
acc_1274,2026-01-15,6,0,1.04
acc_1275,2026-01-15,14,2,2.46
acc_1276,2026-01-15,8,2,1.48
acc_1277,2026-01-15,19,8,2.04
acc_1278,2026-01-15,19,8,2.97
acc_1279,2026-01-15,23,7,2.33
acc_1280,2026-01-15,18,5,2.05
acc_1281,2026-01-15,0,4,1.18
acc_1282,2026-01-15,29,7,2.77
acc_1283,2026-01-15,9,2,2.37
acc_1284,2026-01-15,26,6,3.39
acc_1285,2026-01-15,20,7,4.86
acc_1286,2026-01-15,19,2,1.54
acc_1287,2026-01-15,17,6,4.91
acc_1288,2026-01-15,21,3,2.18
acc_1289,2026-01-15,18,6,3.7
acc_1290,2026-01-15,17,0,1.01
acc_1291,2026-01-15,17,6,3.3
acc_1292,2026-01-15,27,11,6.94
acc_1293,2026-01-15,16,4,4.54
acc_1294,2026-01-15,14,3,3.04
acc_1295,2026-01-15,13,9,2.24
acc_1296,2026-01-15,11,5,1.74
acc_1297,2026-01-15,17,11,4.24
acc_1298,2026-01-15,15,7,3.88
acc_1299,2026-01-15,21,7,3.41
acc_1300,2026-01-15,10,6,1.55
acc_1301,2026-01-15,17,5,3.67
acc_1302,2026-01-15,19,7,4.58
acc_1303,2026-01-15,20,1,1.53
acc_1304,2026-01-15,18,9,3.06
acc_1305,2026-01-15,20,7,3.76
acc_1306,2026-01-15,9,2,0.75
acc_1307,2026-01-15,18,6,3.23
acc_1308,2026-01-15,4,1,1.36
acc_1309,2026-01-15,14,4,3.83
acc_1310,2026-01-15,25,9,3.53
acc_1311,2026-01-15,1,3,1.77
acc_1312,2026-01-15,23,6,2.92
acc_1313,2026-01-15,11,4,3.36
acc_1314,2026-01-15,12,4,2.01
acc_1315,2026-01-15,22,3,2.29
acc_1316,2026-01-15,10,5,1.0
acc_1317,2026-01-15,5,4,2.41
acc_1318,2026-01-15,19,6,3.07
acc_1319,2026-01-15,10,2,0.57
acc_1320,2026-01-15,9,4,2.41
acc_1321,2026-01-15,17,9,5.69
acc_1322,2026-01-15,5,2,1.83
acc_1323,2026-01-15,7,6,0.58
acc_1324,2026-01-15,38,10,2.88
acc_1325,2026-01-15,19,5,2.42
acc_1326,2026-01-15,31,9,2.22
acc_1327,2026-01-15,24,8,2.65
acc_1328,2026-01-15,27,8,4.17
acc_1329,2026-01-15,18,7,2.99
acc_1330,2026-01-15,25,4,1.59
acc_1331,2026-01-15,0,0,2.8
acc_1332,2026-01-15,18,7,1.79
acc_1333,2026-01-15,28,8,3.64
acc_1334,2026-01-15,25,9,5.25
acc_1335,2026-01-15,13,3,2.88
acc_1336,2026-01-15,15,8,2.79
acc_1337,2026-01-15,11,4,1.1
acc_1338,2026-01-15,25,6,3.8
acc_1339,2026-01-15,1,2,0.14
acc_1340,2026-01-15,1,0,1.3
acc_1341,2026-01-15,29,6,1.66
acc_1342,2026-01-15,18,8,3.58
acc_1343,2026-01-15,15,6,4.46
acc_1344,2026-01-15,20,5,2.5
acc_1345,2026-01-15,8,0,0.1
acc_1346,2026-01-15,27,10,4.96
acc_1347,2026-01-15,10,7,2.68
acc_1348,2026-01-15,18,4,2.04
acc_1349,2026-01-15,31,9,5.35
acc_1350,2026-01-15,13,8,3.24
acc_1351,2026-01-15,27,9,2.98
acc_1352,2026-01-15,15,3,2.22
acc_1353,2026-01-15,13,6,2.99
acc_1354,2026-01-15,24,9,4.08
acc_1355,2026-01-15,22,8,1.46
acc_1356,2026-01-15,9,1,1.33
acc_1357,2026-01-15,27,7,5.64
acc_1358,2026-01-15,11,7,1.89
acc_1359,2026-01-15,13,7,2.22
acc_1360,2026-01-15,7,3,2.24
acc_1361,2026-01-15,22,9,4.53
acc_1362,2026-01-15,10,2,2.5
acc_1363,2026-01-15,1,0,0.1
acc_1364,2026-01-15,17,2,3.92
acc_1365,2026-01-15,0,5,3.2
acc_1366,2026-01-15,12,5,2.57
acc_1367,2026-01-15,20,8,2.44
acc_1368,2026-01-15,0,4,2.09
acc_1369,2026-01-15,16,8,3.69
acc_1370,2026-01-15,14,3,0.1
acc_1371,2026-01-15,13,8,4.09
acc_1372,2026-01-15,23,3,4.25
acc_1373,2026-01-15,13,7,1.91
acc_1374,2026-01-15,28,6,4.62
acc_1375,2026-01-15,1,0,2.3
acc_1376,2026-01-15,22,9,3.36
acc_1377,2026-01-15,19,7,3.49
acc_1378,2026-01-15,19,6,2.47
acc_1379,2026-01-15,16,10,3.54
acc_1380,2026-01-15,10,6,3.19
acc_1381,2026-01-15,10,4,2.79
acc_1382,2026-01-15,17,9,4.04
acc_1383,2026-01-15,13,8,3.57
acc_1384,2026-01-15,18,6,2.21
acc_1385,2026-01-15,20,6,2.95
acc_1386,2026-01-15,26,8,4.43
acc_1387,2026-01-15,7,1,0.1
acc_1388,2026-01-15,6,3,1.1
acc_1389,2026-01-15,6,7,2.95
acc_1390,2026-01-15,17,4,2.24
acc_1391,2026-01-15,17,4,1.94
acc_1392,2026-01-15,19,7,1.08
acc_1393,2026-01-15,3,1,0.1
acc_1394,2026-01-15,31,6,5.78
acc_1395,2026-01-15,11,7,2.11
acc_1396,2026-01-15,24,10,3.83
acc_1397,2026-01-15,8,6,0.1
acc_1398,2026-01-15,12,8,3.51
acc_1399,2026-01-15,7,7,0.63
acc_1400,2026-01-15,30,7,5.03
acc_1401,2026-01-15,8,2,1.74
acc_1402,2026-01-15,9,1,0.1
acc_1403,2026-01-15,29,7,5.43
acc_1404,2026-01-15,7,4,2.9
acc_1405,2026-01-15,19,7,4.73
acc_1406,2026-01-15,17,3,2.81
acc_1407,2026-01-15,0,0,0.1
acc_1408,2026-01-15,20,8,5.06
acc_1409,2026-01-15,18,6,3.85
acc_1410,2026-01-15,13,5,3.04
acc_1411,2026-01-15,8,7,2.81
acc_1412,2026-01-15,4,0,0.21
acc_1413,2026-01-15,25,1,1.88
acc_1414,2026-01-15,25,8,3.78
acc_1415,2026-01-15,18,2,2.86
acc_1416,2026-01-15,10,3,3.65
acc_1417,2026-01-15,15,2,2.17
acc_1418,2026-01-15,21,4,2.98
acc_1419,2026-01-15,11,3,1.23
acc_1420,2026-01-15,17,3,2.4
acc_1421,2026-01-15,6,2,1.94
acc_1422,2026-01-15,31,3,3.75
acc_1423,2026-01-15,21,1,2.31
acc_1424,2026-01-15,23,14,4.18
acc_1425,2026-01-15,14,3,2.6
acc_1426,2026-01-15,28,10,5.51
acc_1427,2026-01-15,8,4,2.23
acc_1428,2026-01-15,10,4,3.55
acc_1429,2026-01-15,24,7,1.72
acc_1430,2026-01-15,19,8,3.08
acc_1431,2026-01-15,22,4,2.07
acc_1432,2026-01-15,19,6,2.84
acc_1433,2026-01-15,26,8,4.38
acc_1434,2026-01-15,23,3,4.46
acc_1435,2026-01-15,27,11,3.58
acc_1436,2026-01-15,7,8,3.44
acc_1437,2026-01-15,22,2,4.38
acc_1438,2026-01-15,17,3,3.29
acc_1439,2026-01-15,5,4,2.14
acc_1440,2026-01-15,1,4,0.53
acc_1441,2026-01-15,19,8,2.0
acc_1442,2026-01-15,6,0,0.1
acc_1443,2026-01-15,12,12,3.61
acc_1444,2026-01-15,9,4,1.39
acc_1445,2026-01-15,11,3,2.28
acc_1446,2026-01-15,7,2,0.75
acc_1447,2026-01-15,17,7,3.47
acc_1448,2026-01-15,19,7,1.48
acc_1449,2026-01-15,13,10,2.86
acc_1450,2026-01-15,19,4,1.53
acc_1451,2026-01-15,18,4,5.07
acc_1452,2026-01-15,0,0,0.1
acc_1453,2026-01-15,8,8,2.17
acc_1454,2026-01-15,17,9,4.23
acc_1455,2026-01-15,13,0,0.1
acc_1456,2026-01-15,4,0,2.76
acc_1457,2026-01-15,11,4,4.14
acc_1458,2026-01-15,7,4,0.47
acc_1459,2026-01-15,17,5,2.8
acc_1460,2026-01-15,7,0,3.36
acc_1461,2026-01-15,10,1,3.11
acc_1462,2026-01-15,12,7,1.55
acc_1463,2026-01-15,9,6,3.04
acc_1464,2026-01-15,13,5,0.1
acc_1465,2026-01-15,14,8,4.97
acc_1466,2026-01-15,4,1,1.37
acc_1467,2026-01-15,9,3,2.65
acc_1468,2026-01-15,1,2,0.13
acc_1469,2026-01-15,25,9,2.78
acc_1470,2026-01-15,24,9,3.66
acc_1471,2026-01-15,7,7,3.69
acc_1472,2026-01-15,18,11,3.94
acc_1473,2026-01-15,5,5,0.78
acc_1474,2026-01-15,11,8,2.49
acc_1475,2026-01-15,3,3,3.16
acc_1476,2026-01-15,4,5,0.46
acc_1477,2026-01-15,3,3,0.78
acc_1478,2026-01-15,27,10,5.38
acc_1479,2026-01-15,9,5,3.65
acc_1480,2026-01-15,13,1,1.42
acc_1481,2026-01-15,17,4,2.6
acc_1482,2026-01-15,21,5,2.88
acc_1483,2026-01-15,21,7,3.96
acc_1484,2026-01-15,9,2,1.86
acc_1485,2026-01-15,11,1,2.16
acc_1486,2026-01-15,13,3,1.19
acc_1487,2026-01-15,22,6,5.04
acc_1488,2026-01-15,7,0,1.0
acc_1489,2026-01-15,24,5,4.57
acc_1490,2026-01-15,23,10,4.54
acc_1491,2026-01-15,6,4,0.61
acc_1492,2026-01-15,33,12,4.47
acc_1493,2026-01-15,32,8,5.19
acc_1494,2026-01-15,22,7,3.83
acc_1495,2026-01-15,12,9,4.61
acc_1496,2026-01-15,26,7,3.83
acc_1497,2026-01-15,18,6,3.72
acc_1498,2026-01-15,27,9,4.03
acc_1499,2026-01-15,0,1,3.71
acc_1500,2026-01-15,7,2,1.91
acc_1501,2026-01-15,24,6,4.52
acc_1502,2026-01-15,0,0,1.52
acc_1503,2026-01-15,11,6,0.1
acc_1504,2026-01-15,9,2,0.84
acc_1505,2026-01-15,19,6,2.9
acc_1506,2026-01-15,24,8,1.99
acc_1507,2026-01-15,16,8,3.15
acc_1508,2026-01-15,0,0,0.1
acc_1509,2026-01-15,11,7,0.8
acc_1510,2026-01-15,8,3,2.5
acc_1511,2026-01-15,34,9,6.57
acc_1512,2026-01-15,13,2,1.45
acc_1513,2026-01-15,22,5,1.78
acc_1514,2026-01-15,9,2,1.62
acc_1515,2026-01-15,28,6,3.91
acc_1516,2026-01-15,12,3,1.78
acc_1517,2026-01-15,21,3,1.71
acc_1518,2026-01-15,25,6,2.5
acc_1519,2026-01-15,15,5,3.29
acc_1520,2026-01-15,19,7,4.36
acc_1521,2026-01-15,24,6,3.41
acc_1522,2026-01-15,1,2,1.04
acc_1523,2026-01-15,21,7,2.71
acc_1524,2026-01-15,7,3,1.86
acc_1525,2026-01-15,12,5,1.31
acc_1526,2026-01-15,19,7,5.29
acc_1527,2026-01-15,12,5,1.24
acc_1528,2026-01-15,21,6,1.38
acc_1529,2026-01-15,12,4,2.25
acc_1530,2026-01-15,10,6,2.46
acc_1531,2026-01-15,6,6,2.37
acc_1532,2026-01-15,19,5,4.23
acc_1533,2026-01-15,29,8,4.84
acc_1534,2026-01-15,0,2,0.1
acc_1535,2026-01-15,14,4,0.62
acc_1536,2026-01-15,25,6,3.79
acc_1537,2026-01-15,1,0,2.25
acc_1538,2026-01-15,6,3,2.5
acc_1539,2026-01-15,11,6,1.14
acc_1540,2026-01-15,23,5,3.27
acc_1541,2026-01-15,9,7,2.28
acc_1542,2026-01-15,6,0,1.37
acc_1543,2026-01-15,16,5,4.6
acc_1544,2026-01-15,21,11,3.92
acc_1545,2026-01-15,11,5,2.4
acc_1546,2026-01-15,8,2,2.32
acc_1547,2026-01-15,20,7,4.73
acc_1548,2026-01-15,22,7,2.15
acc_1549,2026-01-15,13,0,2.77
acc_1550,2026-01-15,15,6,3.29
acc_1551,2026-01-15,8,2,1.6
acc_1552,2026-01-15,15,8,2.71
acc_1553,2026-01-15,20,4,4.85
acc_1554,2026-01-15,25,12,5.27
acc_1555,2026-01-15,27,8,3.83
acc_1556,2026-01-15,4,0,2.02
acc_1557,2026-01-15,10,3,0.1
acc_1558,2026-01-15,6,5,2.28
acc_1559,2026-01-15,9,6,0.15
acc_1560,2026-01-15,20,8,4.75
acc_1561,2026-01-15,30,11,3.84
acc_1562,2026-01-15,21,5,1.22
acc_1563,2026-01-15,7,4,0.1
acc_1564,2026-01-15,22,7,2.9
acc_1565,2026-01-15,22,1,4.13
acc_1566,2026-01-15,28,6,2.66
acc_1567,2026-01-15,20,5,1.25
acc_1568,2026-01-15,11,1,0.1
acc_1569,2026-01-15,1,1,1.31
acc_1570,2026-01-15,17,3,2.53
acc_1571,2026-01-15,11,6,1.95
acc_1572,2026-01-15,16,8,4.63
acc_1573,2026-01-15,4,0,1.98
acc_1574,2026-01-15,25,12,3.42
acc_1575,2026-01-15,21,2,3.8
acc_1576,2026-01-15,6,6,0.58
acc_1577,2026-01-15,15,3,3.66
acc_1578,2026-01-15,16,9,1.89
acc_1579,2026-01-15,18,7,3.8
acc_1580,2026-01-15,8,7,4.1
acc_1581,2026-01-15,8,2,3.37
acc_1582,2026-01-15,4,3,0.93
acc_1583,2026-01-15,22,8,3.63
acc_1584,2026-01-15,19,7,3.34
acc_1585,2026-01-15,14,9,5.64
acc_1586,2026-01-15,4,4,2.52
acc_1587,2026-01-15,20,7,3.29
acc_1588,2026-01-15,19,5,3.0
acc_1589,2026-01-15,21,5,1.83
acc_1590,2026-01-15,12,5,0.11
acc_1591,2026-01-15,9,2,0.1
acc_1592,2026-01-15,21,3,2.74
acc_1593,2026-01-15,13,4,1.46
acc_1594,2026-01-15,12,5,2.09
acc_1595,2026-01-15,3,0,0.1
acc_1596,2026-01-15,15,4,0.2
acc_1597,2026-01-15,24,3,1.41
acc_1598,2026-01-15,5,0,1.08
acc_1599,2026-01-15,20,9,2.24
acc_1600,2026-01-15,27,11,5.43
acc_1601,2026-01-15,6,1,2.57
acc_1602,2026-01-15,20,8,3.35
acc_1603,2026-01-15,17,8,4.46
acc_1604,2026-01-15,22,7,3.34
acc_1605,2026-01-15,29,10,4.66
acc_1606,2026-01-15,14,5,2.94
acc_1607,2026-01-15,0,0,0.1
acc_1608,2026-01-15,15,9,2.94
acc_1609,2026-01-15,21,12,3.98
acc_1610,2026-01-15,7,0,0.1
acc_1611,2026-01-15,29,9,6.14
acc_1612,2026-01-15,27,7,4.82
acc_1613,2026-01-15,32,7,3.12
acc_1614,2026-01-15,13,1,2.91
acc_1615,2026-01-15,24,8,1.84
acc_1616,2026-01-15,12,6,2.97
acc_1617,2026-01-15,28,10,5.03
acc_1618,2026-01-15,9,4,2.22
acc_1619,2026-01-15,15,6,3.75
acc_1620,2026-01-15,10,3,2.62
acc_1621,2026-01-15,13,6,2.08
acc_1622,2026-01-15,11,3,2.66
acc_1623,2026-01-15,13,9,2.69
acc_1624,2026-01-15,15,1,1.64
acc_1625,2026-01-15,0,2,0.1
acc_1626,2026-01-15,25,9,3.7
acc_1627,2026-01-15,16,4,2.25
acc_1628,2026-01-15,19,5,4.79
acc_1629,2026-01-15,26,6,4.33
acc_1630,2026-01-15,16,4,4.33
acc_1631,2026-01-15,17,9,3.27
acc_1632,2026-01-15,21,12,2.4
acc_1633,2026-01-15,20,7,4.76
acc_1634,2026-01-15,8,5,0.89
acc_1635,2026-01-15,12,3,3.11
acc_1636,2026-01-15,18,4,2.3
acc_1637,2026-01-15,27,8,3.83
acc_1638,2026-01-15,27,12,4.12
acc_1639,2026-01-15,1,8,0.63
acc_1640,2026-01-15,18,7,4.08
acc_1641,2026-01-15,7,0,1.86
acc_1642,2026-01-15,15,3,2.43
acc_1643,2026-01-15,10,3,1.07
acc_1644,2026-01-15,7,4,0.46
acc_1645,2026-01-15,0,1,0.1
acc_1646,2026-01-15,8,6,3.75
acc_1647,2026-01-15,18,10,4.03
acc_1648,2026-01-15,29,11,4.49
acc_1649,2026-01-15,18,8,4.18
acc_1650,2026-01-15,1,2,0.1
acc_1651,2026-01-15,14,7,4.01
acc_1652,2026-01-15,0,2,0.78
acc_1653,2026-01-15,18,6,1.77
acc_1654,2026-01-15,5,3,0.33
acc_1655,2026-01-15,24,10,4.28
acc_1656,2026-01-15,4,1,2.35
acc_1657,2026-01-15,5,4,1.96
acc_1658,2026-01-15,25,8,3.8
acc_1659,2026-01-15,12,2,2.41
acc_1660,2026-01-15,22,9,5.52
acc_1661,2026-01-15,21,5,2.25
acc_1662,2026-01-15,10,9,2.17
acc_1663,2026-01-15,11,3,0.21
acc_1664,2026-01-15,24,7,3.41
acc_1665,2026-01-15,28,9,5.81
acc_1666,2026-01-15,20,3,3.76
acc_1667,2026-01-15,22,11,3.99
acc_1668,2026-01-15,6,3,1.84
acc_1669,2026-01-15,10,6,3.68
acc_1670,2026-01-15,14,1,1.18
acc_1671,2026-01-15,24,9,2.47
acc_1672,2026-01-15,17,2,2.61
acc_1673,2026-01-15,19,5,3.84
acc_1674,2026-01-15,28,8,4.42
acc_1675,2026-01-15,22,8,3.97
acc_1676,2026-01-15,31,7,5.79
acc_1677,2026-01-15,1,1,0.8
acc_1678,2026-01-15,21,9,2.27
acc_1679,2026-01-15,20,7,1.15
acc_1680,2026-01-15,28,7,2.49
acc_1681,2026-01-15,24,8,3.49
acc_1682,2026-01-15,12,2,0.95
acc_1683,2026-01-15,18,9,5.43
acc_1684,2026-01-15,11,0,2.1
acc_1685,2026-01-15,5,3,0.1
acc_1686,2026-01-15,29,9,1.4
acc_1687,2026-01-15,22,7,4.0
acc_1688,2026-01-15,30,6,4.92
acc_1689,2026-01-15,7,4,4.11
acc_1690,2026-01-15,32,7,4.01
acc_1691,2026-01-15,16,8,5.07
acc_1692,2026-01-15,27,9,2.44
acc_1693,2026-01-15,19,9,3.52
acc_1694,2026-01-15,15,5,1.03
acc_1695,2026-01-15,7,5,2.68
acc_1696,2026-01-15,23,8,1.63
acc_1697,2026-01-15,31,7,4.79
acc_1698,2026-01-15,13,2,1.38
acc_1699,2026-01-15,19,6,4.49
acc_1700,2026-01-15,25,9,2.95
acc_1701,2026-01-15,7,1,2.27
acc_1702,2026-01-15,20,8,2.33
acc_1703,2026-01-15,6,6,0.45
acc_1704,2026-01-15,16,7,2.82
acc_1705,2026-01-15,17,10,4.51
acc_1706,2026-01-15,26,10,4.23
acc_1707,2026-01-15,22,6,4.31
acc_1708,2026-01-15,0,2,0.1
acc_1709,2026-01-15,23,8,4.75
acc_1710,2026-01-15,0,1,0.1
acc_1711,2026-01-15,20,3,1.75
acc_1712,2026-01-15,17,4,2.62
acc_1713,2026-01-15,9,1,2.65
acc_1714,2026-01-15,13,4,2.64
acc_1715,2026-01-15,22,10,4.33
acc_1716,2026-01-15,16,3,4.01
acc_1717,2026-01-15,21,7,4.4
acc_1718,2026-01-15,16,7,5.31
acc_1719,2026-01-15,26,6,3.98
acc_1720,2026-01-15,20,10,3.55
acc_1721,2026-01-15,15,4,3.71
acc_1722,2026-01-15,9,0,3.21
acc_1723,2026-01-15,8,2,0.56
acc_1724,2026-01-15,20,4,2.37
acc_1725,2026-01-15,15,0,2.92
acc_1726,2026-01-15,9,1,0.12
acc_1727,2026-01-15,22,6,4.72
acc_1728,2026-01-15,29,9,5.79
acc_1729,2026-01-15,18,3,0.48
acc_1730,2026-01-15,20,2,1.65
acc_1731,2026-01-15,6,5,2.96
acc_1732,2026-01-15,20,5,2.76
acc_1733,2026-01-15,11,3,0.1
acc_1734,2026-01-15,17,5,1.5
acc_1735,2026-01-15,27,7,4.22
acc_1736,2026-01-15,2,3,2.46
acc_1737,2026-01-15,11,3,2.47
acc_1738,2026-01-15,10,0,1.44
acc_1739,2026-01-15,8,3,0.83
acc_1740,2026-01-15,0,0,1.75
acc_1741,2026-01-15,8,7,4.19
acc_1742,2026-01-15,18,4,3.14
acc_1743,2026-01-15,6,2,0.18
acc_1744,2026-01-15,8,3,2.84
acc_1745,2026-01-15,11,0,1.8
acc_1746,2026-01-15,25,12,4.35
acc_1747,2026-01-15,16,7,4.29
acc_1748,2026-01-15,19,9,3.98
acc_1749,2026-01-15,15,4,4.91
acc_1750,2026-01-15,11,4,3.03
acc_1751,2026-01-15,12,10,3.01
acc_1752,2026-01-15,9,0,3.03
acc_1753,2026-01-15,18,10,2.98
acc_1754,2026-01-15,0,3,1.01
acc_1755,2026-01-15,28,8,3.29
acc_1756,2026-01-15,0,2,0.77
acc_1757,2026-01-15,13,6,3.51
acc_1758,2026-01-15,0,1,0.1
acc_1759,2026-01-15,31,8,1.93
acc_1760,2026-01-15,5,5,3.19
acc_1761,2026-01-15,8,4,1.7
acc_1762,2026-01-15,16,6,3.87
acc_1763,2026-01-15,24,9,3.71
acc_1764,2026-01-15,7,7,0.26
acc_1765,2026-01-15,14,2,0.18
acc_1766,2026-01-15,2,1,2.88
acc_1767,2026-01-15,18,8,3.48
acc_1768,2026-01-15,31,11,3.17
acc_1769,2026-01-15,12,4,0.1
acc_1770,2026-01-15,7,7,0.33
acc_1771,2026-01-15,17,5,4.1
acc_1772,2026-01-15,20,8,3.24
acc_1773,2026-01-15,11,8,4.15
acc_1774,2026-01-15,17,10,2.66
acc_1775,2026-01-15,9,5,0.1
acc_1776,2026-01-15,30,6,3.65
acc_1777,2026-01-15,27,12,4.15
acc_1778,2026-01-15,17,9,2.12
acc_1779,2026-01-15,11,4,1.67
acc_1780,2026-01-15,9,0,0.49
acc_1781,2026-01-15,17,4,1.66
acc_1782,2026-01-15,27,8,2.95
acc_1783,2026-01-15,20,6,5.0
acc_1784,2026-01-15,14,5,4.11
acc_1785,2026-01-15,20,8,2.57
acc_1786,2026-01-15,24,6,3.87
acc_1787,2026-01-15,10,3,2.64
acc_1788,2026-01-15,27,9,4.74
acc_1789,2026-01-15,21,4,2.24
acc_1790,2026-01-15,8,1,0.63
acc_1791,2026-01-15,0,0,0.1
acc_1792,2026-01-15,14,9,5.63
acc_1793,2026-01-15,17,6,2.33
acc_1794,2026-01-15,20,0,2.83
acc_1795,2026-01-15,6,8,2.67
acc_1796,2026-01-15,5,3,1.59
acc_1797,2026-01-15,11,3,1.23
acc_1798,2026-01-15,29,8,2.76
acc_1799,2026-01-15,21,10,3.12
acc_1800,2026-01-15,1,7,0.69
acc_1801,2026-01-15,15,8,1.4
acc_1802,2026-01-15,23,6,1.95
acc_1803,2026-01-15,12,5,2.3
acc_1804,2026-01-15,6,4,1.62
acc_1805,2026-01-15,19,9,3.08
acc_1806,2026-01-15,17,7,3.78
acc_1807,2026-01-15,21,6,4.39
acc_1808,2026-01-15,31,9,3.79
acc_1809,2026-01-15,4,1,0.16
acc_1810,2026-01-15,21,9,1.62
acc_1811,2026-01-15,7,1,1.26
acc_1812,2026-01-15,20,3,2.99
acc_1813,2026-01-15,14,6,3.41
acc_1814,2026-01-15,14,6,3.25
acc_1815,2026-01-15,8,5,3.38
acc_1816,2026-01-15,14,5,0.13
acc_1817,2026-01-15,21,4,2.21
acc_1818,2026-01-15,0,2,0.73
acc_1819,2026-01-15,7,2,0.36
acc_1820,2026-01-15,19,6,2.02
acc_1821,2026-01-15,19,1,2.9
acc_1822,2026-01-15,16,5,1.32
acc_1823,2026-01-15,15,13,2.03
acc_1824,2026-01-15,12,9,1.47
acc_1825,2026-01-15,6,1,2.4
acc_1826,2026-01-15,14,4,1.38
acc_1827,2026-01-15,18,5,1.27
acc_1828,2026-01-15,25,8,3.16
acc_1829,2026-01-15,27,11,4.63
acc_1830,2026-01-15,19,6,4.23
acc_1831,2026-01-15,2,0,1.17
acc_1832,2026-01-15,19,12,3.85
acc_1833,2026-01-15,19,4,2.76
acc_1834,2026-01-15,12,5,4.6
acc_1835,2026-01-15,7,2,3.5
acc_1836,2026-01-15,32,5,3.11
acc_1837,2026-01-15,10,4,0.1
acc_1838,2026-01-15,8,1,0.86
acc_1839,2026-01-15,14,2,1.39
acc_1840,2026-01-15,31,8,3.7
acc_1841,2026-01-15,12,4,2.05
acc_1842,2026-01-15,6,0,0.98
acc_1843,2026-01-15,0,2,0.31
acc_1844,2026-01-15,11,0,0.51
acc_1845,2026-01-15,13,4,1.51
acc_1846,2026-01-15,16,4,1.64
acc_1847,2026-01-15,22,7,3.26
acc_1848,2026-01-15,12,2,0.1
acc_1849,2026-01-15,17,3,3.04
acc_1850,2026-01-15,31,6,3.63
acc_1851,2026-01-15,4,2,1.14
acc_1852,2026-01-15,16,5,1.77
acc_1853,2026-01-15,3,3,2.06
acc_1854,2026-01-15,15,5,2.6
acc_1855,2026-01-15,13,7,1.3
acc_1856,2026-01-15,0,2,0.89
acc_1857,2026-01-15,3,0,0.83
acc_1858,2026-01-15,8,5,2.97
acc_1859,2026-01-15,11,6,2.73
acc_1860,2026-01-15,20,6,5.13
acc_1861,2026-01-15,26,5,3.32
acc_1862,2026-01-15,18,6,4.97
acc_1863,2026-01-15,5,3,1.3
acc_1864,2026-01-15,25,10,5.09
acc_1865,2026-01-15,20,5,3.88
acc_1866,2026-01-15,19,1,3.0
acc_1867,2026-01-15,17,2,1.11
acc_1868,2026-01-15,25,9,4.99
acc_1869,2026-01-15,25,12,4.16
acc_1870,2026-01-15,22,7,1.9
acc_1871,2026-01-15,0,3,0.1
acc_1872,2026-01-15,29,6,2.94
acc_1873,2026-01-15,1,1,0.1
acc_1874,2026-01-15,7,1,3.81
acc_1875,2026-01-15,16,8,1.97
acc_1876,2026-01-15,28,5,2.16
acc_1877,2026-01-15,4,3,2.9
acc_1878,2026-01-15,24,7,3.33
acc_1879,2026-01-15,13,9,3.13
acc_1880,2026-01-15,17,8,3.57
acc_1881,2026-01-15,11,0,2.48
acc_1882,2026-01-15,21,8,3.73
acc_1883,2026-01-15,28,7,4.14
acc_1884,2026-01-15,8,5,2.22
acc_1885,2026-01-15,17,3,2.38
acc_1886,2026-01-15,21,10,4.38
acc_1887,2026-01-15,5,4,0.69
acc_1888,2026-01-15,18,4,3.48
acc_1889,2026-01-15,23,8,5.87
acc_1890,2026-01-15,10,5,1.67
acc_1891,2026-01-15,32,10,4.38
acc_1892,2026-01-15,15,8,4.28
acc_1893,2026-01-15,17,6,2.53
acc_1894,2026-01-15,0,2,1.57
acc_1895,2026-01-15,10,4,0.1
acc_1896,2026-01-15,18,5,3.84
acc_1897,2026-01-15,27,8,4.29
acc_1898,2026-01-15,13,7,3.42
acc_1899,2026-01-15,4,7,2.64
acc_1900,2026-01-15,25,6,4.18
acc_1901,2026-01-15,27,8,2.92
acc_1902,2026-01-15,21,9,2.06
acc_1903,2026-01-15,26,9,5.11
acc_1904,2026-01-15,26,9,4.74
acc_1905,2026-01-15,0,1,0.58
acc_1906,2026-01-15,6,6,2.18
acc_1907,2026-01-15,14,5,2.02
acc_1908,2026-01-15,9,2,2.62
acc_1909,2026-01-15,12,7,2.46
acc_1910,2026-01-15,0,4,0.1
acc_1911,2026-01-15,11,4,2.98
acc_1912,2026-01-15,7,3,1.65
acc_1913,2026-01-15,2,6,2.06
acc_1914,2026-01-15,16,6,3.38
acc_1915,2026-01-15,19,2,5.54
acc_1916,2026-01-15,0,3,0.1
acc_1917,2026-01-15,35,7,3.78
acc_1918,2026-01-15,20,7,2.59
acc_1919,2026-01-15,26,8,4.84
acc_1920,2026-01-15,14,2,0.63
acc_1921,2026-01-15,15,8,3.35
acc_1922,2026-01-15,19,8,2.93
acc_1923,2026-01-15,17,4,3.75
acc_1924,2026-01-15,10,6,2.94
acc_1925,2026-01-15,2,6,0.1
acc_1926,2026-01-15,16,9,4.6
acc_1927,2026-01-15,13,4,0.73
acc_1928,2026-01-15,18,9,4.95
acc_1929,2026-01-15,11,6,2.1
acc_1930,2026-01-15,12,3,0.1
acc_1931,2026-01-15,16,7,1.22
acc_1932,2026-01-15,20,0,3.81
acc_1933,2026-01-15,17,5,1.99
acc_1934,2026-01-15,17,0,2.78
acc_1935,2026-01-15,5,2,0.1
acc_1936,2026-01-15,22,6,1.91
acc_1937,2026-01-15,24,4,2.4
acc_1938,2026-01-15,15,5,2.33
acc_1939,2026-01-15,20,5,3.0
acc_1940,2026-01-15,13,4,3.22
acc_1941,2026-01-15,20,4,2.96
acc_1942,2026-01-15,3,2,0.93
acc_1943,2026-01-15,30,11,5.11
acc_1944,2026-01-15,3,0,1.12
acc_1945,2026-01-15,8,5,2.63
acc_1946,2026-01-15,0,2,1.46
acc_1947,2026-01-15,7,3,2.52
acc_1948,2026-01-15,13,5,3.45
acc_1949,2026-01-15,10,2,1.6
acc_1950,2026-01-15,18,9,4.58
acc_1951,2026-01-15,20,6,4.74
acc_1952,2026-01-15,3,3,0.83
acc_1953,2026-01-15,6,4,1.86
acc_1954,2026-01-15,20,7,1.66
acc_1955,2026-01-15,10,6,4.12
acc_1956,2026-01-15,3,6,1.76
acc_1957,2026-01-15,6,5,2.75
acc_1958,2026-01-15,0,5,2.17
acc_1959,2026-01-15,26,5,4.99
acc_1960,2026-01-15,16,6,1.99
acc_1961,2026-01-15,12,8,1.81
acc_1962,2026-01-15,4,3,1.15
acc_1963,2026-01-15,7,3,1.32
acc_1964,2026-01-15,3,0,1.28
acc_1965,2026-01-15,15,9,2.53
acc_1966,2026-01-15,24,6,2.61
acc_1967,2026-01-15,23,4,2.19
acc_1968,2026-01-15,23,10,3.62
acc_1969,2026-01-15,23,3,2.84
acc_1970,2026-01-15,14,9,2.65
acc_1971,2026-01-15,18,6,5.33
acc_1972,2026-01-15,7,0,0.49
acc_1973,2026-01-15,18,4,0.1
acc_1974,2026-01-15,19,7,3.6
acc_1975,2026-01-15,8,6,2.09
acc_1976,2026-01-15,7,5,1.3
acc_1977,2026-01-15,21,5,3.03
acc_1978,2026-01-15,8,1,1.33
acc_1979,2026-01-15,12,5,4.37
acc_1980,2026-01-15,11,5,2.51
acc_1981,2026-01-15,7,2,1.52
acc_1982,2026-01-15,7,0,1.83
acc_1983,2026-01-15,25,3,5.09
acc_1984,2026-01-15,7,3,2.45
acc_1985,2026-01-15,18,8,4.0
acc_1986,2026-01-15,21,3,2.85
acc_1987,2026-01-15,3,3,1.64
acc_1988,2026-01-15,9,0,1.0
acc_1989,2026-01-15,4,3,1.09
acc_1990,2026-01-15,8,2,1.27
acc_1991,2026-01-15,33,11,6.94
acc_1992,2026-01-15,18,5,3.87
acc_1993,2026-01-15,11,1,3.34
acc_1994,2026-01-15,12,6,3.28
acc_1995,2026-01-15,13,1,2.55
acc_1996,2026-01-15,23,5,5.17
acc_1997,2026-01-15,9,7,0.1
acc_1998,2026-01-15,14,5,0.53
acc_1999,2026-01-15,29,8,5.27
acc_2000,2026-01-15,16,5,1.07
acc_2001,2026-01-15,8,2,0.73
acc_2002,2026-01-15,22,8,5.62
acc_2003,2026-01-15,29,4,3.24
acc_2004,2026-01-15,24,12,4.86
acc_2005,2026-01-15,21,6,3.13
acc_2006,2026-01-15,22,8,4.08
acc_2007,2026-01-15,6,4,1.5
acc_2008,2026-01-15,7,1,2.35
acc_2009,2026-01-15,26,7,3.64
acc_2010,2026-01-15,19,8,1.56
acc_2011,2026-01-15,0,0,0.1
acc_2012,2026-01-15,11,7,2.61
acc_2013,2026-01-15,7,4,0.36
acc_2014,2026-01-15,14,3,1.05
acc_2015,2026-01-15,8,4,3.32
acc_2016,2026-01-15,14,7,3.81
acc_2017,2026-01-15,34,9,4.92
acc_2018,2026-01-15,0,0,0.15
acc_2019,2026-01-15,18,9,2.58
acc_2020,2026-01-15,21,3,0.23
acc_2021,2026-01-15,9,3,1.8
acc_2022,2026-01-15,18,4,2.7
acc_2023,2026-01-15,17,5,4.29
acc_2024,2026-01-15,11,1,0.1
acc_2025,2026-01-15,19,7,2.72
acc_2026,2026-01-15,17,3,2.25
acc_2027,2026-01-15,25,12,4.44
acc_2028,2026-01-15,21,6,5.0
acc_2029,2026-01-15,22,8,1.71
acc_2030,2026-01-15,12,4,1.9
acc_2031,2026-01-15,21,11,2.83
acc_2032,2026-01-15,17,1,3.17
acc_2033,2026-01-15,2,0,0.1
acc_2034,2026-01-15,13,4,2.43
acc_2035,2026-01-15,22,5,2.99
acc_2036,2026-01-15,18,5,2.08
acc_2037,2026-01-15,10,5,1.59
acc_2038,2026-01-15,15,5,1.56
acc_2039,2026-01-15,0,1,0.58
acc_2040,2026-01-15,21,12,2.85
acc_2041,2026-01-15,17,6,3.51
acc_2042,2026-01-15,28,5,4.67
acc_2043,2026-01-15,20,9,2.59
acc_2044,2026-01-15,17,5,4.59
acc_2045,2026-01-15,10,5,3.22
acc_2046,2026-01-15,34,8,5.94
acc_2047,2026-01-15,23,5,3.28
acc_2048,2026-01-15,0,4,0.4
acc_2049,2026-01-15,2,3,2.15
acc_2050,2026-01-15,28,11,5.34
acc_2051,2026-01-15,15,9,3.17
acc_2052,2026-01-15,12,5,0.41
acc_2053,2026-01-15,9,7,1.49
acc_2054,2026-01-15,21,10,4.35
acc_2055,2026-01-15,13,4,1.31
acc_2056,2026-01-15,15,8,0.9
acc_2057,2026-01-15,4,5,1.3
acc_2058,2026-01-15,12,2,0.1
acc_2059,2026-01-15,8,5,1.68
acc_2060,2026-01-15,31,11,4.45
acc_2061,2026-01-15,19,10,3.22
acc_2062,2026-01-15,15,8,3.88
acc_2063,2026-01-15,2,3,1.65
acc_2064,2026-01-15,21,9,4.07
acc_2065,2026-01-15,14,5,2.69
acc_2066,2026-01-15,12,2,0.71
acc_2067,2026-01-15,25,9,3.71
acc_2068,2026-01-15,29,8,3.54
acc_2069,2026-01-15,8,10,0.79
acc_2070,2026-01-15,19,7,3.75
acc_2071,2026-01-15,19,9,2.54
acc_2072,2026-01-15,32,8,5.21
acc_2073,2026-01-15,27,9,1.97
acc_2074,2026-01-15,18,7,3.39
acc_2075,2026-01-15,18,6,2.43
acc_2076,2026-01-15,24,6,4.29
acc_2077,2026-01-15,12,1,2.62
acc_2078,2026-01-15,21,6,2.25
acc_2079,2026-01-15,13,5,1.93
acc_2080,2026-01-15,16,4,4.87
acc_2081,2026-01-15,9,5,2.88
acc_2082,2026-01-15,24,5,1.63
acc_2083,2026-01-15,12,4,3.1
acc_2084,2026-01-15,20,0,3.15
acc_2085,2026-01-15,18,9,4.6
acc_2086,2026-01-15,23,5,3.41
acc_2087,2026-01-15,5,2,0.78
acc_2088,2026-01-15,16,4,2.1
acc_2089,2026-01-15,28,5,3.9
acc_2090,2026-01-15,16,5,2.73
acc_2091,2026-01-15,21,7,4.27
acc_2092,2026-01-15,18,7,3.16
acc_2093,2026-01-15,0,0,4.32
acc_2094,2026-01-15,17,3,2.95
acc_2095,2026-01-15,27,6,3.45
acc_2096,2026-01-15,26,6,1.37
acc_2097,2026-01-15,15,3,2.56
acc_2098,2026-01-15,11,6,3.61
acc_2099,2026-01-15,4,7,1.06
acc_2100,2026-01-15,19,1,4.35
acc_2101,2026-01-15,18,3,2.85
acc_2102,2026-01-15,14,2,2.33
acc_2103,2026-01-15,8,1,0.1
acc_2104,2026-01-15,26,11,5.59
acc_2105,2026-01-15,24,10,3.57
acc_2106,2026-01-15,23,3,1.22
acc_2107,2026-01-15,17,6,1.15
acc_2108,2026-01-15,6,2,2.33
acc_2109,2026-01-15,16,5,2.31
acc_2110,2026-01-15,1,2,0.19
acc_2111,2026-01-15,11,5,2.61
acc_2112,2026-01-15,25,2,3.71
acc_2113,2026-01-15,16,4,1.79
acc_2114,2026-01-15,18,4,1.64
acc_2115,2026-01-15,15,9,2.02
acc_2116,2026-01-15,17,6,2.39
acc_2117,2026-01-15,4,4,0.23
acc_2118,2026-01-15,18,6,3.62
acc_2119,2026-01-15,12,6,1.71
acc_2120,2026-01-15,26,11,4.04
acc_2121,2026-01-15,16,1,3.21
acc_2122,2026-01-15,11,0,0.13
acc_2123,2026-01-15,16,6,0.14
acc_2124,2026-01-15,9,5,2.46
acc_2125,2026-01-15,36,10,3.36
acc_2126,2026-01-15,12,4,2.07
acc_2127,2026-01-15,12,3,0.1
acc_2128,2026-01-15,0,1,1.58
acc_2129,2026-01-15,3,2,0.1
acc_2130,2026-01-15,11,7,2.08
acc_2131,2026-01-15,8,3,2.65
acc_2132,2026-01-15,20,8,3.2
acc_2133,2026-01-15,20,3,2.46
acc_2134,2026-01-15,19,4,1.05
acc_2135,2026-01-15,32,5,3.46
acc_2136,2026-01-15,0,0,0.1
acc_2137,2026-01-15,15,8,2.67
acc_2138,2026-01-15,17,5,3.39
acc_2139,2026-01-15,19,2,1.22
acc_2140,2026-01-15,12,5,2.47
acc_2141,2026-01-15,25,6,3.16
acc_2142,2026-01-15,10,5,2.58
acc_2143,2026-01-15,14,7,2.41
acc_2144,2026-01-15,5,2,0.88
acc_2145,2026-01-15,12,6,2.49
acc_2146,2026-01-15,7,0,1.36
acc_2147,2026-01-15,28,10,5.18
acc_2148,2026-01-15,1,1,0.1
acc_2149,2026-01-15,10,2,2.08
acc_2150,2026-01-15,16,5,2.66
acc_2151,2026-01-15,16,7,2.51
acc_2152,2026-01-15,16,3,1.75
acc_2153,2026-01-15,8,3,3.09
acc_2154,2026-01-15,22,4,0.8
acc_2155,2026-01-15,1,1,3.29
acc_2156,2026-01-15,28,5,4.02
acc_2157,2026-01-15,25,7,3.34
acc_2158,2026-01-15,13,6,1.46
acc_2159,2026-01-15,11,7,0.92
acc_2160,2026-01-15,5,4,1.58
acc_2161,2026-01-15,19,4,2.98
acc_2162,2026-01-15,12,6,2.31
acc_2163,2026-01-15,24,8,4.84
acc_2164,2026-01-15,2,0,0.1
acc_2165,2026-01-15,21,6,2.02
acc_2166,2026-01-15,7,3,3.05
acc_2167,2026-01-15,17,6,4.2
acc_2168,2026-01-15,26,7,2.87
acc_2169,2026-01-15,11,2,1.78
acc_2170,2026-01-15,11,1,2.07
acc_2171,2026-01-15,19,8,2.92
acc_2172,2026-01-15,26,1,4.72
acc_2173,2026-01-15,19,10,6.34
acc_2174,2026-01-15,18,5,0.56
acc_2175,2026-01-15,3,1,1.63
acc_2176,2026-01-15,15,7,2.22
acc_2177,2026-01-15,11,11,3.64
acc_2178,2026-01-15,13,5,4.11
acc_2179,2026-01-15,12,6,3.14
acc_2180,2026-01-15,6,4,0.1
acc_2181,2026-01-15,28,12,2.95
acc_2182,2026-01-15,25,6,3.14
acc_2183,2026-01-15,3,4,1.59
acc_2184,2026-01-15,16,4,0.92
acc_2185,2026-01-15,30,11,4.63
acc_2186,2026-01-15,29,10,3.04
acc_2187,2026-01-15,32,11,2.56
acc_2188,2026-01-15,17,4,0.1
acc_2189,2026-01-15,13,5,0.81
acc_2190,2026-01-15,0,4,2.23
acc_2191,2026-01-15,26,8,3.6
acc_2192,2026-01-15,13,6,2.0
acc_2193,2026-01-15,20,3,0.35
acc_2194,2026-01-15,2,8,0.1
acc_2195,2026-01-15,16,5,3.6
acc_2196,2026-01-15,16,9,4.25
acc_2197,2026-01-15,17,12,3.71
acc_2198,2026-01-15,12,1,1.79
acc_2199,2026-01-15,21,9,1.9
acc_2200,2026-01-15,6,3,0.59
acc_2201,2026-01-15,22,8,2.57
acc_2202,2026-01-15,22,5,2.54
acc_2203,2026-01-15,23,6,5.39
acc_2204,2026-01-15,0,3,2.86
acc_2205,2026-01-15,11,1,0.64
acc_2206,2026-01-15,35,6,3.04
acc_2207,2026-01-15,20,11,5.67
acc_2208,2026-01-15,15,7,4.06
acc_2209,2026-01-15,5,0,0.69
acc_2210,2026-01-15,21,9,4.83
acc_2211,2026-01-15,19,6,2.9
acc_2212,2026-01-15,25,7,2.96
acc_2213,2026-01-15,20,7,2.81
acc_2214,2026-01-15,20,5,3.53
acc_2215,2026-01-15,24,8,2.68
acc_2216,2026-01-15,7,3,2.27
acc_2217,2026-01-15,18,7,4.14
acc_2218,2026-01-15,16,9,3.78
acc_2219,2026-01-15,9,5,0.65
acc_2220,2026-01-15,19,4,3.46
acc_2221,2026-01-15,25,6,4.51
acc_2222,2026-01-15,21,8,0.8
acc_2223,2026-01-15,23,4,2.74
acc_2224,2026-01-15,18,5,2.39
acc_2225,2026-01-15,6,3,0.31
acc_2226,2026-01-15,31,9,3.72
acc_2227,2026-01-15,29,10,5.06
acc_2228,2026-01-15,8,2,1.85
acc_2229,2026-01-15,14,5,1.42
acc_2230,2026-01-15,13,7,3.96
acc_2231,2026-01-15,10,6,2.63
acc_2232,2026-01-15,31,9,4.19
acc_2233,2026-01-15,12,7,4.78
acc_2234,2026-01-15,0,0,0.93
acc_2235,2026-01-15,24,9,3.23
acc_2236,2026-01-15,6,3,0.1
acc_2237,2026-01-15,12,5,3.54
acc_2238,2026-01-15,20,7,3.03
acc_2239,2026-01-15,3,5,1.24
acc_2240,2026-01-15,3,3,0.49
acc_2241,2026-01-15,19,5,3.15
acc_2242,2026-01-15,23,12,4.98
acc_2243,2026-01-15,18,6,3.25
acc_2244,2026-01-15,1,1,0.1
acc_2245,2026-01-15,15,4,2.25
acc_2246,2026-01-15,16,6,2.9
acc_2247,2026-01-15,5,6,0.33
acc_2248,2026-01-15,6,4,1.79
acc_2249,2026-01-15,24,9,4.96
acc_2250,2026-01-15,27,10,5.72
acc_2251,2026-01-15,18,2,1.72
acc_2252,2026-01-15,21,4,1.0
acc_2253,2026-01-15,22,9,2.72
acc_2254,2026-01-15,16,6,3.94
acc_2255,2026-01-15,18,7,0.37
acc_2256,2026-01-15,9,7,0.21
acc_2257,2026-01-15,8,3,1.88
acc_2258,2026-01-15,13,7,1.32
acc_2259,2026-01-15,18,3,2.92
acc_2260,2026-01-15,9,3,0.97
acc_2261,2026-01-15,8,0,1.61
acc_2262,2026-01-15,25,4,3.49
acc_2263,2026-01-15,12,8,3.76
acc_2264,2026-01-15,5,0,0.1
acc_2265,2026-01-15,15,9,2.79
acc_2266,2026-01-15,20,4,3.15
acc_2267,2026-01-15,0,0,0.1
acc_2268,2026-01-15,15,2,2.5
acc_2269,2026-01-15,0,2,1.2
acc_2270,2026-01-15,18,8,2.19
acc_2271,2026-01-15,28,11,3.4
acc_2272,2026-01-15,18,6,2.61
acc_2273,2026-01-15,8,0,2.32
acc_2274,2026-01-15,31,5,4.49
acc_2275,2026-01-15,19,6,3.26
acc_2276,2026-01-15,6,2,4.02
acc_2277,2026-01-15,19,7,2.37
acc_2278,2026-01-15,33,11,2.45
acc_2279,2026-01-15,0,0,1.89
acc_2280,2026-01-15,17,6,5.8
acc_2281,2026-01-15,20,3,2.12
acc_2282,2026-01-15,0,0,1.44
acc_2283,2026-01-15,6,3,0.96
acc_2284,2026-01-15,14,7,3.97
acc_2285,2026-01-15,11,9,4.15
acc_2286,2026-01-15,16,9,3.32
acc_2287,2026-01-15,20,4,3.76
acc_2288,2026-01-15,26,9,6.33
acc_2289,2026-01-15,17,9,3.38
acc_2290,2026-01-15,28,7,3.84
acc_2291,2026-01-15,30,6,4.81
acc_2292,2026-01-15,11,0,0.1
acc_2293,2026-01-15,21,8,3.86
acc_2294,2026-01-15,13,4,0.82
acc_2295,2026-01-15,16,6,3.25
acc_2296,2026-01-15,23,6,2.8
acc_2297,2026-01-15,2,2,0.42
acc_2298,2026-01-15,5,5,0.1
acc_2299,2026-01-15,29,6,3.64
acc_2300,2026-01-15,10,5,1.22
acc_2301,2026-01-15,22,3,3.74
acc_2302,2026-01-15,24,10,4.6
acc_2303,2026-01-15,10,4,2.71
acc_2304,2026-01-15,18,5,4.31
acc_2305,2026-01-15,6,0,1.16
acc_2306,2026-01-15,4,2,1.92
acc_2307,2026-01-15,13,5,1.66
acc_2308,2026-01-15,8,5,0.97
acc_2309,2026-01-15,16,8,3.66
acc_2310,2026-01-15,26,7,2.09
acc_2311,2026-01-15,17,6,1.38
acc_2312,2026-01-15,9,5,2.35
acc_2313,2026-01-15,18,4,2.09
acc_2314,2026-01-15,4,1,0.27
acc_2315,2026-01-15,24,7,5.89
acc_2316,2026-01-15,17,8,2.32
acc_2317,2026-01-15,26,5,3.81
acc_2318,2026-01-15,16,2,1.81
acc_2319,2026-01-15,16,6,3.77
acc_2320,2026-01-15,29,6,3.52
acc_2321,2026-01-15,21,5,2.39
acc_2322,2026-01-15,16,5,3.11
acc_2323,2026-01-15,21,8,2.06
acc_2324,2026-01-15,21,10,1.63
acc_2325,2026-01-15,9,4,2.4
acc_2326,2026-01-15,24,9,5.02
acc_2327,2026-01-15,24,7,2.73
acc_2328,2026-01-15,23,7,3.69
acc_2329,2026-01-15,22,7,4.49
acc_2330,2026-01-15,13,5,0.81
acc_2331,2026-01-15,20,7,4.42
acc_2332,2026-01-15,22,9,5.96
acc_2333,2026-01-15,1,1,0.11
acc_2334,2026-01-15,5,0,1.15
acc_2335,2026-01-15,8,2,1.5
acc_2336,2026-01-15,17,2,4.15
acc_2337,2026-01-15,14,3,1.74
acc_2338,2026-01-15,9,2,2.22
acc_2339,2026-01-15,12,7,2.03
acc_2340,2026-01-15,30,10,3.52
acc_2341,2026-01-15,14,3,0.96
acc_2342,2026-01-15,11,6,1.01
acc_2343,2026-01-15,23,6,6.49
acc_2344,2026-01-15,20,4,2.11
acc_2345,2026-01-15,21,8,2.26
acc_2346,2026-01-15,29,9,4.62
acc_2347,2026-01-15,5,0,1.01
acc_2348,2026-01-15,22,4,3.43
acc_2349,2026-01-15,9,3,0.1
acc_2350,2026-01-15,15,2,1.53
acc_2351,2026-01-15,14,9,3.68
acc_2352,2026-01-15,16,1,1.94
acc_2353,2026-01-15,20,9,2.78
acc_2354,2026-01-15,28,11,4.58
acc_2355,2026-01-15,10,0,0.57
acc_2356,2026-01-15,24,3,1.24
acc_2357,2026-01-15,25,8,1.4
acc_2358,2026-01-15,27,9,5.67
acc_2359,2026-01-15,19,5,1.51
acc_2360,2026-01-15,4,3,1.81
acc_2361,2026-01-15,34,5,3.42
acc_2362,2026-01-15,31,10,2.88
acc_2363,2026-01-15,25,10,4.85
acc_2364,2026-01-15,6,6,0.83
acc_2365,2026-01-15,0,7,1.59
acc_2366,2026-01-15,26,8,4.9
acc_2367,2026-01-15,13,4,0.1
acc_2368,2026-01-15,21,6,2.48
acc_2369,2026-01-15,1,4,1.01
acc_2370,2026-01-15,3,1,0.33
acc_2371,2026-01-15,16,4,1.87
acc_2372,2026-01-15,15,0,0.16
acc_2373,2026-01-15,25,8,3.96
acc_2374,2026-01-15,19,7,2.88
acc_2375,2026-01-15,8,6,1.37
acc_2376,2026-01-15,6,2,0.1
acc_2377,2026-01-15,13,4,3.05
acc_2378,2026-01-15,12,1,0.22
acc_2379,2026-01-15,2,0,2.69
acc_2380,2026-01-15,17,5,1.08
acc_2381,2026-01-15,1,0,0.31
acc_2382,2026-01-15,0,0,0.1
acc_2383,2026-01-15,11,7,1.56
acc_2384,2026-01-15,9,5,0.1
acc_2385,2026-01-15,9,3,1.56
acc_2386,2026-01-15,14,6,2.81
acc_2387,2026-01-15,15,11,3.88
acc_2388,2026-01-15,24,7,4.09
acc_2389,2026-01-15,8,9,4.94
acc_2390,2026-01-15,9,8,1.63
acc_2391,2026-01-15,9,5,2.75
acc_2392,2026-01-15,12,9,3.35
acc_2393,2026-01-15,11,0,0.91
acc_2394,2026-01-15,21,5,2.73
acc_2395,2026-01-15,23,7,5.65
acc_2396,2026-01-15,10,3,0.1
acc_2397,2026-01-15,20,10,3.77
acc_2398,2026-01-15,34,7,4.57
acc_2399,2026-01-15,13,5,0.42
acc_2400,2026-01-15,13,10,2.26
acc_2401,2026-01-15,27,9,2.58
acc_2402,2026-01-15,13,3,2.23
acc_2403,2026-01-15,26,7,3.1
acc_2404,2026-01-15,17,7,3.07
acc_2405,2026-01-15,28,8,4.7
acc_2406,2026-01-15,20,7,3.59
acc_2407,2026-01-15,27,8,5.2
acc_2408,2026-01-15,18,4,3.4
acc_2409,2026-01-15,26,3,3.72
acc_2410,2026-01-15,5,2,2.8
acc_2411,2026-01-15,24,6,4.04
acc_2412,2026-01-15,6,4,2.16
acc_2413,2026-01-15,13,6,4.51
acc_2414,2026-01-15,20,7,2.03
acc_2415,2026-01-15,14,4,2.04
acc_2416,2026-01-15,11,4,0.1
acc_2417,2026-01-15,10,4,2.36
acc_2418,2026-01-15,11,5,1.43
acc_2419,2026-01-15,3,3,0.92
acc_2420,2026-01-15,24,7,3.32
acc_2421,2026-01-15,16,4,2.67
acc_2422,2026-01-15,23,10,4.59
acc_2423,2026-01-15,14,6,2.6
acc_2424,2026-01-15,17,6,4.94
acc_2425,2026-01-15,23,7,4.64
acc_2426,2026-01-15,8,3,1.53
acc_2427,2026-01-15,19,3,3.0
acc_2428,2026-01-15,5,8,2.51
acc_2429,2026-01-15,17,6,1.7
acc_2430,2026-01-15,19,4,2.62
acc_2431,2026-01-15,11,6,2.76
acc_2432,2026-01-15,1,5,1.43
acc_2433,2026-01-15,4,2,1.11
acc_2434,2026-01-15,20,6,3.95
acc_2435,2026-01-15,24,6,3.17
acc_2436,2026-01-15,13,6,3.49
acc_2437,2026-01-15,30,8,5.03
acc_2438,2026-01-15,9,0,0.1
acc_2439,2026-01-15,19,6,4.46
acc_2440,2026-01-15,13,2,1.5
acc_2441,2026-01-15,17,6,3.08
acc_2442,2026-01-15,21,6,3.74
acc_2443,2026-01-15,11,6,5.37
acc_2444,2026-01-15,33,7,4.33
acc_2445,2026-01-15,10,3,0.34
acc_2446,2026-01-15,17,7,0.94
acc_2447,2026-01-15,19,4,0.97
acc_2448,2026-01-15,25,14,4.03
acc_2449,2026-01-15,25,12,5.06
acc_2450,2026-01-15,26,8,2.53
acc_2451,2026-01-15,11,4,2.23
acc_2452,2026-01-15,19,2,0.3
acc_2453,2026-01-15,8,7,0.92
acc_2454,2026-01-15,11,3,2.06
acc_2455,2026-01-15,2,0,0.16
acc_2456,2026-01-15,20,4,5.22
acc_2457,2026-01-15,14,8,3.25
acc_2458,2026-01-15,17,5,3.68
acc_2459,2026-01-15,10,2,4.37
acc_2460,2026-01-15,26,4,2.75
acc_2461,2026-01-15,15,0,4.68
acc_2462,2026-01-15,13,3,2.05
acc_2463,2026-01-15,6,4,1.5
acc_2464,2026-01-15,27,9,3.64
acc_2465,2026-01-15,5,3,0.99
acc_2466,2026-01-15,14,9,4.96
acc_2467,2026-01-15,20,7,4.28
acc_2468,2026-01-15,20,10,5.71
acc_2469,2026-01-15,0,6,0.48
acc_2470,2026-01-15,12,0,1.14
acc_2471,2026-01-15,14,5,1.28
acc_2472,2026-01-15,0,7,2.21
acc_2473,2026-01-15,2,0,0.63
acc_2474,2026-01-15,20,7,4.48
acc_2475,2026-01-15,31,9,3.77
acc_2476,2026-01-15,6,1,0.63
acc_2477,2026-01-15,7,3,3.09
acc_2478,2026-01-15,18,9,3.22
acc_2479,2026-01-15,19,8,3.74
acc_2480,2026-01-15,12,3,0.1
acc_2481,2026-01-15,0,1,0.93
acc_2482,2026-01-15,18,1,0.51
acc_2483,2026-01-15,2,6,1.96
acc_2484,2026-01-15,13,2,1.45
acc_2485,2026-01-15,28,6,3.06
acc_2486,2026-01-15,22,5,4.55
acc_2487,2026-01-15,5,2,0.66
acc_2488,2026-01-15,18,5,2.26
acc_2489,2026-01-15,28,10,4.36
acc_2490,2026-01-15,5,1,3.74
acc_2491,2026-01-15,31,9,3.89
acc_2492,2026-01-15,7,2,1.99
acc_2493,2026-01-15,17,1,1.26
acc_2494,2026-01-15,22,3,4.06
acc_2495,2026-01-15,23,5,2.46
acc_2496,2026-01-15,7,6,1.02
acc_2497,2026-01-15,19,9,4.24
acc_2498,2026-01-15,31,6,2.06
acc_2499,2026-01-15,16,0,4.47
acc_2500,2026-01-15,14,0,1.42
acc_2501,2026-01-15,18,7,3.36
acc_2502,2026-01-15,23,8,4.49
acc_2503,2026-01-15,31,5,3.92
acc_2504,2026-01-15,15,5,3.16
acc_2505,2026-01-15,8,3,3.9
acc_2506,2026-01-15,18,4,2.18
acc_2507,2026-01-15,19,6,3.44
acc_2508,2026-01-15,17,6,2.42
acc_2509,2026-01-15,7,4,2.34
acc_2510,2026-01-15,24,4,5.54
acc_2511,2026-01-15,22,4,2.86
acc_2512,2026-01-15,10,2,1.09
acc_2513,2026-01-15,0,2,2.05
acc_2514,2026-01-15,20,10,3.34
acc_2515,2026-01-15,6,7,2.85
acc_2516,2026-01-15,17,8,3.27
acc_2517,2026-01-15,2,5,2.24
acc_2518,2026-01-15,8,3,1.43
acc_2519,2026-01-15,19,9,1.36
acc_2520,2026-01-15,11,2,0.2
acc_2521,2026-01-15,20,7,3.84
acc_2522,2026-01-15,31,9,2.31
acc_2523,2026-01-15,18,5,2.55
acc_2524,2026-01-15,8,3,1.33
acc_2525,2026-01-15,7,5,0.1
acc_2526,2026-01-15,8,4,3.74
acc_2527,2026-01-15,15,4,1.24
acc_2528,2026-01-15,17,7,4.77
acc_2529,2026-01-15,23,7,2.48
acc_2530,2026-01-15,15,5,2.38
acc_2531,2026-01-15,10,4,1.37
acc_2532,2026-01-15,16,5,1.97
acc_2533,2026-01-15,25,6,3.08
acc_2534,2026-01-15,0,0,0.1
acc_2535,2026-01-15,2,0,0.1
acc_2536,2026-01-15,6,0,1.49
acc_2537,2026-01-15,21,2,1.98
acc_2538,2026-01-15,22,8,3.59
acc_2539,2026-01-15,5,7,0.46
acc_2540,2026-01-15,18,1,2.82
acc_2541,2026-01-15,15,3,1.81
acc_2542,2026-01-15,19,3,0.2
acc_2543,2026-01-15,5,5,2.15
acc_2544,2026-01-15,10,3,0.47
acc_2545,2026-01-15,1,2,1.99
acc_2546,2026-01-15,21,7,5.69
acc_2547,2026-01-15,7,0,1.64
acc_2548,2026-01-15,22,7,2.72
acc_2549,2026-01-15,23,9,4.19
acc_2550,2026-01-15,30,7,4.0
acc_2551,2026-01-15,5,3,1.96
acc_2552,2026-01-15,23,6,3.05
acc_2553,2026-01-15,5,2,0.93
acc_2554,2026-01-15,9,4,3.59
acc_2555,2026-01-15,20,3,1.8
acc_2556,2026-01-15,2,1,1.1
acc_2557,2026-01-15,11,6,5.15
acc_2558,2026-01-15,3,1,1.29
acc_2559,2026-01-15,36,14,2.92
acc_2560,2026-01-15,13,6,2.38
acc_2561,2026-01-15,18,7,5.39
acc_2562,2026-01-15,26,9,5.57
acc_2563,2026-01-15,22,7,1.9
acc_2564,2026-01-15,30,8,4.85
acc_2565,2026-01-15,18,6,3.28
acc_2566,2026-01-15,18,10,4.11
acc_2567,2026-01-15,7,4,1.84
acc_2568,2026-01-15,5,2,1.29
acc_2569,2026-01-15,19,3,4.08
acc_2570,2026-01-15,5,3,0.1
acc_2571,2026-01-15,26,9,4.33
acc_2572,2026-01-15,6,6,2.78
acc_2573,2026-01-15,11,4,1.13
acc_2574,2026-01-15,23,4,2.63
acc_2575,2026-01-15,20,2,0.92
acc_2576,2026-01-15,17,4,1.7
acc_2577,2026-01-15,9,4,1.02
acc_2578,2026-01-15,15,6,2.35
acc_2579,2026-01-15,16,7,2.0
acc_2580,2026-01-15,29,8,6.06
acc_2581,2026-01-15,15,2,4.36
acc_2582,2026-01-15,27,9,5.63
acc_2583,2026-01-15,22,8,5.31
acc_2584,2026-01-15,15,2,4.1
acc_2585,2026-01-15,29,8,3.78
acc_2586,2026-01-15,29,8,5.28
acc_2587,2026-01-15,22,8,3.94
acc_2588,2026-01-15,15,7,2.34
acc_2589,2026-01-15,11,3,1.39
acc_2590,2026-01-15,20,9,4.91
acc_2591,2026-01-15,27,4,5.07
acc_2592,2026-01-15,12,2,2.68
acc_2593,2026-01-15,9,2,0.76
acc_2594,2026-01-15,29,5,2.97
acc_2595,2026-01-15,12,3,0.1
acc_2596,2026-01-15,13,3,2.35
acc_2597,2026-01-15,19,6,3.91
acc_2598,2026-01-15,7,4,0.19
acc_2599,2026-01-15,0,2,1.23
acc_2600,2026-01-15,6,0,1.08
acc_2601,2026-01-15,10,6,1.95
acc_2602,2026-01-15,25,8,3.08
acc_2603,2026-01-15,18,5,3.72
acc_2604,2026-01-15,23,10,3.07
acc_2605,2026-01-15,10,6,2.05
acc_2606,2026-01-15,13,4,2.36
acc_2607,2026-01-15,3,7,1.96
acc_2608,2026-01-15,7,4,1.23
acc_2609,2026-01-15,10,0,2.81
acc_2610,2026-01-15,13,2,2.15
acc_2611,2026-01-15,11,2,1.21
acc_2612,2026-01-15,22,6,3.95
acc_2613,2026-01-15,5,0,1.29
acc_2614,2026-01-15,6,2,1.66
acc_2615,2026-01-15,8,5,1.0
acc_2616,2026-01-15,18,3,3.04
acc_2617,2026-01-15,6,3,0.65
acc_2618,2026-01-15,16,3,2.39
acc_2619,2026-01-15,7,5,1.65
acc_2620,2026-01-15,21,7,3.34
acc_2621,2026-01-15,29,7,3.13
acc_2622,2026-01-15,15,6,1.16
acc_2623,2026-01-15,7,3,1.51
acc_2624,2026-01-15,5,2,0.1
acc_2625,2026-01-15,21,7,1.13
acc_2626,2026-01-15,30,5,3.53
acc_2627,2026-01-15,18,0,2.59
acc_2628,2026-01-15,22,6,4.22
acc_2629,2026-01-15,25,5,3.77
acc_2630,2026-01-15,3,5,1.04
acc_2631,2026-01-15,15,5,2.46
acc_2632,2026-01-15,20,10,5.56
acc_2633,2026-01-15,12,3,0.57
acc_2634,2026-01-15,19,6,2.48
acc_2635,2026-01-15,8,3,2.18
acc_2636,2026-01-15,11,8,2.15
acc_2637,2026-01-15,14,4,3.52
acc_2638,2026-01-15,5,8,3.49
acc_2639,2026-01-15,22,10,5.03
acc_2640,2026-01-15,14,4,0.75
acc_2641,2026-01-15,3,4,3.32
acc_2642,2026-01-15,9,2,0.41
acc_2643,2026-01-15,24,11,4.9
acc_2644,2026-01-15,30,7,4.25
acc_2645,2026-01-15,27,4,3.03
acc_2646,2026-01-15,29,9,3.47
acc_2647,2026-01-15,25,5,1.71
acc_2648,2026-01-15,9,0,0.47
acc_2649,2026-01-15,9,4,0.74
acc_2650,2026-01-15,7,5,0.92
acc_2651,2026-01-15,10,5,1.41
acc_2652,2026-01-15,5,3,0.1
acc_2653,2026-01-15,16,10,3.46
acc_2654,2026-01-15,30,8,3.67
acc_2655,2026-01-15,10,7,1.5
acc_2656,2026-01-15,16,7,2.9
acc_2657,2026-01-15,12,5,3.99
acc_2658,2026-01-15,15,6,3.12
acc_2659,2026-01-15,6,5,1.37
acc_2660,2026-01-15,16,5,5.55
acc_2661,2026-01-15,11,0,1.31
acc_2662,2026-01-15,14,4,1.37
acc_2663,2026-01-15,27,0,2.42
acc_2664,2026-01-15,15,2,1.6
acc_2665,2026-01-15,22,2,3.72
acc_2666,2026-01-15,23,10,3.45
acc_2667,2026-01-15,5,0,0.51
acc_2668,2026-01-15,12,6,1.56
acc_2669,2026-01-15,19,3,1.72
acc_2670,2026-01-15,3,3,0.81
acc_2671,2026-01-15,5,0,1.06
acc_2672,2026-01-15,21,11,4.03
acc_2673,2026-01-15,18,6,2.67
acc_2674,2026-01-15,19,5,0.47
acc_2675,2026-01-15,16,7,2.94
acc_2676,2026-01-15,16,8,4.41
acc_2677,2026-01-15,12,3,2.72
acc_2678,2026-01-15,17,5,1.75
acc_2679,2026-01-15,16,0,0.1
acc_2680,2026-01-15,7,2,3.02
acc_2681,2026-01-15,31,7,5.73
acc_2682,2026-01-15,9,6,3.19
acc_2683,2026-01-15,6,0,2.52
acc_2684,2026-01-15,14,3,4.33
acc_2685,2026-01-15,23,6,4.5
acc_2686,2026-01-15,10,3,0.9
acc_2687,2026-01-15,13,3,1.69
acc_2688,2026-01-15,20,7,2.76
acc_2689,2026-01-15,19,8,3.97
acc_2690,2026-01-15,26,9,4.94
acc_2691,2026-01-15,8,4,3.13
acc_2692,2026-01-15,29,5,4.11
acc_2693,2026-01-15,7,1,0.1
acc_2694,2026-01-15,12,7,2.86
acc_2695,2026-01-15,24,8,4.79
acc_2696,2026-01-15,12,7,4.51
acc_2697,2026-01-15,12,9,2.69
acc_2698,2026-01-15,13,5,0.1
acc_2699,2026-01-15,22,6,2.79
acc_2700,2026-01-15,26,3,3.18
acc_2701,2026-01-15,19,7,3.03
acc_2702,2026-01-15,9,2,2.61
acc_2703,2026-01-15,9,2,0.1
acc_2704,2026-01-15,12,0,0.97
acc_2705,2026-01-15,20,6,3.53
acc_2706,2026-01-15,3,2,3.5
acc_2707,2026-01-15,8,2,0.91
acc_2708,2026-01-15,5,1,2.25
acc_2709,2026-01-15,28,5,2.29
acc_2710,2026-01-15,15,4,2.86
acc_2711,2026-01-15,21,2,2.53
acc_2712,2026-01-15,5,0,1.65
acc_2713,2026-01-15,9,5,2.35
acc_2714,2026-01-15,20,8,3.82
acc_2715,2026-01-15,10,5,0.84
acc_2716,2026-01-15,20,0,1.99
acc_2717,2026-01-15,11,4,1.99
acc_2718,2026-01-15,10,5,3.34
acc_2719,2026-01-15,12,5,1.14
acc_2720,2026-01-15,16,4,2.1
acc_2721,2026-01-15,15,8,4.12
acc_2722,2026-01-15,25,6,2.19
acc_2723,2026-01-15,8,2,1.32
acc_2724,2026-01-15,14,7,2.11
acc_2725,2026-01-15,22,5,3.97
acc_2726,2026-01-15,16,6,3.48
acc_2727,2026-01-15,10,4,2.57
acc_2728,2026-01-15,19,7,3.5
acc_2729,2026-01-15,14,3,2.57
acc_2730,2026-01-15,16,4,0.55
acc_2731,2026-01-15,17,3,1.82
acc_2732,2026-01-15,12,7,3.64
acc_2733,2026-01-15,16,4,2.61
acc_2734,2026-01-15,33,12,2.59
acc_2735,2026-01-15,10,6,1.74
acc_2736,2026-01-15,30,6,5.48
acc_2737,2026-01-15,16,2,2.25
acc_2738,2026-01-15,16,5,3.82
acc_2739,2026-01-15,21,6,5.02
acc_2740,2026-01-15,26,7,2.89
acc_2741,2026-01-15,15,3,2.24
acc_2742,2026-01-15,20,6,2.62
acc_2743,2026-01-15,19,4,0.57
acc_2744,2026-01-15,18,7,2.45
acc_2745,2026-01-15,16,4,2.37
acc_2746,2026-01-15,8,0,0.93
acc_2747,2026-01-15,11,4,2.1
acc_2748,2026-01-15,14,6,1.65
acc_2749,2026-01-15,19,6,3.6
acc_2750,2026-01-15,19,6,4.27
acc_2751,2026-01-15,31,6,3.79
acc_2752,2026-01-15,5,0,1.96
acc_2753,2026-01-15,18,4,3.26
acc_2754,2026-01-15,25,7,3.63
acc_2755,2026-01-15,26,5,2.89
acc_2756,2026-01-15,8,3,1.33
acc_2757,2026-01-15,3,0,1.03
acc_2758,2026-01-15,27,9,4.52
acc_2759,2026-01-15,15,0,1.82
acc_2760,2026-01-15,0,5,1.94
acc_2761,2026-01-15,19,9,3.68
acc_2762,2026-01-15,14,3,2.8
acc_2763,2026-01-15,11,4,4.06
acc_2764,2026-01-15,13,2,0.39
acc_2765,2026-01-15,36,10,2.65
acc_2766,2026-01-15,4,6,1.62
acc_2767,2026-01-15,21,7,1.35
acc_2768,2026-01-15,7,3,0.98
acc_2769,2026-01-15,16,5,2.82
acc_2770,2026-01-15,16,9,2.1
acc_2771,2026-01-15,14,5,3.4
acc_2772,2026-01-15,0,3,0.6
acc_2773,2026-01-15,6,5,1.85
acc_2774,2026-01-15,15,4,1.33
acc_2775,2026-01-15,0,1,0.54
acc_2776,2026-01-15,12,2,0.72
acc_2777,2026-01-15,14,0,0.1
acc_2778,2026-01-15,15,3,0.81
acc_2779,2026-01-15,9,1,1.89
acc_2780,2026-01-15,9,4,1.22
acc_2781,2026-01-15,10,5,1.28
acc_2782,2026-01-15,26,9,4.34
acc_2783,2026-01-15,11,7,5.24
acc_2784,2026-01-15,18,6,4.7
acc_2785,2026-01-15,13,5,1.17
acc_2786,2026-01-15,16,8,1.9
acc_2787,2026-01-15,18,6,1.91
acc_2788,2026-01-15,9,1,0.1
acc_2789,2026-01-15,7,6,2.65
acc_2790,2026-01-15,9,5,1.87
acc_2791,2026-01-15,7,7,1.94
acc_2792,2026-01-15,26,12,3.23
acc_2793,2026-01-15,24,8,5.69
acc_2794,2026-01-15,31,11,4.72
acc_2795,2026-01-15,23,7,2.78
acc_2796,2026-01-15,21,4,3.65
acc_2797,2026-01-15,13,6,0.64
acc_2798,2026-01-15,6,0,0.84
acc_2799,2026-01-15,14,9,2.58
acc_2800,2026-01-15,2,7,2.43
acc_2801,2026-01-15,29,8,2.82
acc_2802,2026-01-15,15,8,2.71
acc_2803,2026-01-15,11,3,0.1
acc_2804,2026-01-15,18,5,3.36
acc_2805,2026-01-15,14,0,1.58
acc_2806,2026-01-15,19,7,4.4
acc_2807,2026-01-15,7,4,1.11
acc_2808,2026-01-15,22,10,2.26
acc_2809,2026-01-15,10,4,0.1
acc_2810,2026-01-15,9,1,2.2
acc_2811,2026-01-15,12,4,2.76
acc_2812,2026-01-15,0,4,1.43
acc_2813,2026-01-15,14,2,4.75
acc_2814,2026-01-15,17,1,2.09
acc_2815,2026-01-15,5,2,1.8
acc_2816,2026-01-15,14,9,2.37
acc_2817,2026-01-15,20,8,5.8
acc_2818,2026-01-15,12,5,1.88
acc_2819,2026-01-15,4,2,0.41
acc_2820,2026-01-15,9,3,1.95
acc_2821,2026-01-15,12,4,4.68
acc_2822,2026-01-15,15,5,3.77
acc_2823,2026-01-15,16,2,1.34
acc_2824,2026-01-15,35,8,5.19
acc_2825,2026-01-15,16,8,3.32
acc_2826,2026-01-15,12,3,3.22
acc_2827,2026-01-15,15,0,1.8
acc_2828,2026-01-15,17,1,3.09
acc_2829,2026-01-15,17,9,4.98
acc_2830,2026-01-15,11,4,0.1
acc_2831,2026-01-15,10,2,1.66
acc_2832,2026-01-15,0,0,0.17
acc_2833,2026-01-15,13,5,2.31
acc_2834,2026-01-15,12,6,1.87
acc_2835,2026-01-15,30,5,2.8
acc_2836,2026-01-15,17,7,1.65
acc_2837,2026-01-15,16,3,1.7
acc_2838,2026-01-15,8,2,1.4
acc_2839,2026-01-15,22,6,3.56
acc_2840,2026-01-15,2,7,3.26
acc_2841,2026-01-15,2,5,0.2
acc_2842,2026-01-15,16,5,2.83
acc_2843,2026-01-15,18,9,3.34
acc_2844,2026-01-15,9,5,3.54
acc_2845,2026-01-15,0,0,0.1
acc_2846,2026-01-15,20,8,2.91
acc_2847,2026-01-15,29,12,5.31
acc_2848,2026-01-15,17,8,1.24
acc_2849,2026-01-15,10,4,3.83
acc_2850,2026-01-15,21,10,2.72
acc_2851,2026-01-15,25,9,4.56
acc_2852,2026-01-15,14,7,4.32
acc_2853,2026-01-15,10,7,2.64
acc_2854,2026-01-15,10,3,2.46
acc_2855,2026-01-15,14,5,3.83
acc_2856,2026-01-15,25,7,2.67
acc_2857,2026-01-15,14,8,3.01
acc_2858,2026-01-15,28,10,4.97
acc_2859,2026-01-15,6,3,0.1
acc_2860,2026-01-15,22,4,3.63
acc_2861,2026-01-15,6,6,3.32
acc_2862,2026-01-15,21,5,5.23
acc_2863,2026-01-15,11,2,2.48
acc_2864,2026-01-15,6,1,1.91
acc_2865,2026-01-15,16,0,3.09
acc_2866,2026-01-15,17,9,1.42
acc_2867,2026-01-15,26,9,4.15
acc_2868,2026-01-15,21,9,2.95
acc_2869,2026-01-15,3,5,0.58
acc_2870,2026-01-15,19,7,3.69
acc_2871,2026-01-15,11,6,1.44
acc_2872,2026-01-15,9,1,1.64
acc_2873,2026-01-15,30,7,4.54
acc_2874,2026-01-15,19,6,3.84
acc_2875,2026-01-15,9,6,2.83
acc_2876,2026-01-15,12,5,0.1
acc_2877,2026-01-15,3,2,1.39
acc_2878,2026-01-15,18,9,4.93
acc_2879,2026-01-15,2,5,2.72
acc_2880,2026-01-15,19,8,4.94
acc_2881,2026-01-15,18,12,3.94
acc_2882,2026-01-15,16,7,4.16
acc_2883,2026-01-15,9,7,0.95
acc_2884,2026-01-15,2,7,3.17
acc_2885,2026-01-15,23,3,2.7
acc_2886,2026-01-15,1,4,1.33
acc_2887,2026-01-15,1,3,0.55
acc_2888,2026-01-15,9,2,1.01
acc_2889,2026-01-15,22,7,4.38
acc_2890,2026-01-15,25,10,5.2
acc_2891,2026-01-15,21,9,3.45
acc_2892,2026-01-15,35,8,4.01
acc_2893,2026-01-15,11,9,4.27
acc_2894,2026-01-15,26,5,4.07
acc_2895,2026-01-15,4,0,2.42
acc_2896,2026-01-15,28,9,3.77
acc_2897,2026-01-15,17,9,2.71
acc_2898,2026-01-15,10,4,2.64
acc_2899,2026-01-15,17,0,1.29
acc_2900,2026-01-15,18,2,2.9
acc_2901,2026-01-15,0,2,0.1
acc_2902,2026-01-15,14,5,1.91
acc_2903,2026-01-15,18,10,3.63
acc_2904,2026-01-15,19,9,3.54
acc_2905,2026-01-15,13,2,2.34
acc_2906,2026-01-15,22,9,3.56
acc_2907,2026-01-15,0,3,0.56
acc_2908,2026-01-15,33,12,3.91
acc_2909,2026-01-15,6,3,2.7
acc_2910,2026-01-15,21,7,3.99
acc_2911,2026-01-15,12,4,1.41
acc_2912,2026-01-15,11,3,2.11
acc_2913,2026-01-15,11,6,4.99
acc_2914,2026-01-15,17,5,2.4
acc_2915,2026-01-15,20,6,2.24
acc_2916,2026-01-15,21,6,1.6
acc_2917,2026-01-15,22,5,3.06
acc_2918,2026-01-15,7,7,3.26
acc_2919,2026-01-15,6,1,0.1
acc_2920,2026-01-15,22,8,4.36
acc_2921,2026-01-15,19,8,2.31
acc_2922,2026-01-15,6,2,0.66
acc_2923,2026-01-15,21,9,1.93
acc_2924,2026-01-15,18,5,4.31
acc_2925,2026-01-15,20,8,4.82
acc_2926,2026-01-15,9,4,0.1
acc_2927,2026-01-15,15,5,5.12
acc_2928,2026-01-15,17,7,4.68
acc_2929,2026-01-15,20,6,0.21
acc_2930,2026-01-15,21,8,2.62
acc_2931,2026-01-15,21,11,4.25
acc_2932,2026-01-15,1,4,2.09
acc_2933,2026-01-15,26,6,3.38
acc_2934,2026-01-15,10,6,2.36
acc_2935,2026-01-15,9,6,2.04
acc_2936,2026-01-15,2,2,0.47
acc_2937,2026-01-15,0,2,1.97
acc_2938,2026-01-15,4,3,1.76
acc_2939,2026-01-15,13,1,0.1
acc_2940,2026-01-15,17,7,3.12
acc_2941,2026-01-15,22,4,3.25
acc_2942,2026-01-15,30,10,4.29
acc_2943,2026-01-15,18,4,2.6
acc_2944,2026-01-15,10,0,1.08
acc_2945,2026-01-15,36,8,3.77
acc_2946,2026-01-15,19,7,1.56
acc_2947,2026-01-15,12,5,4.16
acc_2948,2026-01-15,18,5,1.68
acc_2949,2026-01-15,22,5,3.88
acc_2950,2026-01-15,18,2,1.37
acc_2951,2026-01-15,1,2,0.23
acc_2952,2026-01-15,9,3,1.39
acc_2953,2026-01-15,9,2,1.66
acc_2954,2026-01-15,24,2,1.83
acc_2955,2026-01-15,11,6,0.1
acc_2956,2026-01-15,30,6,3.32
acc_2957,2026-01-15,29,9,4.32
acc_2958,2026-01-15,29,11,4.94
acc_2959,2026-01-15,27,10,4.68
acc_2960,2026-01-15,1,2,1.64
acc_2961,2026-01-15,32,8,4.51
acc_2962,2026-01-15,8,4,1.24
acc_2963,2026-01-15,7,1,3.63
acc_2964,2026-01-15,21,9,3.97
acc_2965,2026-01-15,14,2,2.06
acc_2966,2026-01-15,21,6,2.83
acc_2967,2026-01-15,19,5,2.68
acc_2968,2026-01-15,9,3,0.1
acc_2969,2026-01-15,12,8,5.45
acc_2970,2026-01-15,18,6,1.43
acc_2971,2026-01-15,24,5,2.41
acc_2972,2026-01-15,23,7,3.52
acc_2973,2026-01-15,0,1,2.59
acc_2974,2026-01-15,19,5,1.78
acc_2975,2026-01-15,3,0,1.34
acc_2976,2026-01-15,8,5,1.66
acc_2977,2026-01-15,13,3,0.16
acc_2978,2026-01-15,20,9,1.34
acc_2979,2026-01-15,16,3,1.11
acc_2980,2026-01-15,21,3,3.59
acc_2981,2026-01-15,17,4,2.82
acc_2982,2026-01-15,18,5,2.25
acc_2983,2026-01-15,2,1,1.05
acc_2984,2026-01-15,10,6,1.35
acc_2985,2026-01-15,12,4,1.44
acc_2986,2026-01-15,19,7,3.95
acc_2987,2026-01-15,15,3,1.72
acc_2988,2026-01-15,13,6,5.62
acc_2989,2026-01-15,12,6,0.24
acc_2990,2026-01-15,16,8,4.27
acc_2991,2026-01-15,21,7,5.09
acc_2992,2026-01-15,24,8,3.87
acc_2993,2026-01-15,27,9,3.79
acc_2994,2026-01-15,22,3,3.95
acc_2995,2026-01-15,23,8,3.54
acc_2996,2026-01-15,22,9,4.45
acc_2997,2026-01-15,32,7,4.74
acc_2998,2026-01-15,4,0,0.25
acc_2999,2026-01-15,17,6,2.88
acc_3000,2026-01-15,0,2,0.62
acc_3001,2026-01-15,25,10,2.88
acc_3002,2026-01-15,33,13,6.5
acc_3003,2026-01-15,16,6,5.57
acc_3004,2026-01-15,14,5,2.21
acc_3005,2026-01-15,18,3,3.4
acc_3006,2026-01-15,14,3,3.12
acc_3007,2026-01-15,22,7,4.24
acc_3008,2026-01-15,4,0,2.04
acc_3009,2026-01-15,34,9,5.42
acc_3010,2026-01-15,30,7,5.75
acc_3011,2026-01-15,9,5,1.31
acc_3012,2026-01-15,20,5,5.59
acc_3013,2026-01-15,13,5,2.08
acc_3014,2026-01-15,13,6,2.85
acc_3015,2026-01-15,10,2,1.14
acc_3016,2026-01-15,25,4,3.0
acc_3017,2026-01-15,14,4,2.23
acc_3018,2026-01-15,27,2,3.25
acc_3019,2026-01-15,23,10,4.38
acc_3020,2026-01-15,1,2,0.1
acc_3021,2026-01-15,17,6,0.1
acc_3022,2026-01-15,5,0,0.1
acc_3023,2026-01-15,11,5,2.27
acc_3024,2026-01-15,18,6,4.12
acc_3025,2026-01-15,7,8,3.59
acc_3026,2026-01-15,23,5,2.59
acc_3027,2026-01-15,6,5,2.74
acc_3028,2026-01-15,13,3,2.83
acc_3029,2026-01-15,19,6,2.51
acc_3030,2026-01-15,20,4,1.93
acc_3031,2026-01-15,24,8,1.3
acc_3032,2026-01-15,8,5,3.46
acc_3033,2026-01-15,20,3,0.5
acc_3034,2026-01-15,21,6,3.08
acc_3035,2026-01-15,30,6,5.61
acc_3036,2026-01-15,22,4,1.75
acc_3037,2026-01-15,13,5,1.35
acc_3038,2026-01-15,0,3,2.16
acc_3039,2026-01-15,10,1,2.48
acc_3040,2026-01-15,0,3,0.1
acc_3041,2026-01-15,0,1,0.1
acc_3042,2026-01-15,11,5,3.22
acc_3043,2026-01-15,2,3,1.75
acc_3044,2026-01-15,13,1,1.83
acc_3045,2026-01-15,20,7,4.37
acc_3046,2026-01-15,15,0,0.9
acc_3047,2026-01-15,14,4,2.77
acc_3048,2026-01-15,5,1,0.44
acc_3049,2026-01-15,23,10,5.17
acc_3050,2026-01-15,14,8,4.15
acc_3051,2026-01-15,8,1,2.44
acc_3052,2026-01-15,8,3,2.71
acc_3053,2026-01-15,28,10,3.76
acc_3054,2026-01-15,6,4,2.48
acc_3055,2026-01-15,19,3,1.61
acc_3056,2026-01-15,21,8,2.68
acc_3057,2026-01-15,24,8,3.59
acc_3058,2026-01-15,14,5,3.13
acc_3059,2026-01-15,30,8,5.03
acc_3060,2026-01-15,20,6,2.93
acc_3061,2026-01-15,21,7,2.16
acc_3062,2026-01-15,20,1,0.88
acc_3063,2026-01-15,5,0,0.1
acc_3064,2026-01-15,30,9,3.48
acc_3065,2026-01-15,16,5,1.85
acc_3066,2026-01-15,10,8,2.2
acc_3067,2026-01-15,5,7,1.33
acc_3068,2026-01-15,26,9,2.39
acc_3069,2026-01-15,9,3,1.43
acc_3070,2026-01-15,23,3,2.31
acc_3071,2026-01-15,21,8,4.15
acc_3072,2026-01-15,11,4,2.42
acc_3073,2026-01-15,12,2,1.71
acc_3074,2026-01-15,22,5,3.37
acc_3075,2026-01-15,22,6,3.91
acc_3076,2026-01-15,17,9,4.9
acc_3077,2026-01-15,4,3,0.78
acc_3078,2026-01-15,15,5,3.47
acc_3079,2026-01-15,2,5,1.58
acc_3080,2026-01-15,9,4,1.77
acc_3081,2026-01-15,3,3,2.13
acc_3082,2026-01-15,28,9,4.07
acc_3083,2026-01-15,22,7,3.0
acc_3084,2026-01-15,1,4,0.55
acc_3085,2026-01-15,16,2,0.56
acc_3086,2026-01-15,11,7,0.74
acc_3087,2026-01-15,24,7,4.43
acc_3088,2026-01-15,15,5,2.84
acc_3089,2026-01-15,29,10,3.73
acc_3090,2026-01-15,4,2,0.78
acc_3091,2026-01-15,28,8,2.73
acc_3092,2026-01-15,21,6,2.07
acc_3093,2026-01-15,11,5,3.01
acc_3094,2026-01-15,25,6,3.74
acc_3095,2026-01-15,21,4,4.74
acc_3096,2026-01-15,6,0,1.25
acc_3097,2026-01-15,15,7,3.26
acc_3098,2026-01-15,13,4,3.47
acc_3099,2026-01-15,27,8,2.78
acc_3100,2026-01-15,9,3,1.7
acc_3101,2026-01-15,23,6,1.53
acc_3102,2026-01-15,4,4,0.1
acc_3103,2026-01-15,13,7,2.72
acc_3104,2026-01-15,0,3,1.59
acc_3105,2026-01-15,10,4,1.6
acc_3106,2026-01-15,0,2,1.01
acc_3107,2026-01-15,21,6,0.22
acc_3108,2026-01-15,8,6,1.95
acc_3109,2026-01-15,13,7,2.63
acc_3110,2026-01-15,24,2,3.21
acc_3111,2026-01-15,25,6,2.09
acc_3112,2026-01-15,5,0,1.51
acc_3113,2026-01-15,0,0,0.1
acc_3114,2026-01-15,25,4,2.18
acc_3115,2026-01-15,19,6,3.81
acc_3116,2026-01-15,10,2,0.24
acc_3117,2026-01-15,20,1,3.31
acc_3118,2026-01-15,5,6,1.05
acc_3119,2026-01-15,7,2,2.31
acc_3120,2026-01-15,13,5,2.0
acc_3121,2026-01-15,14,3,2.09
acc_3122,2026-01-15,12,5,0.1
acc_3123,2026-01-15,12,4,1.1
acc_3124,2026-01-15,21,6,3.34
acc_3125,2026-01-15,31,8,5.32
acc_3126,2026-01-15,15,4,1.64
acc_3127,2026-01-15,6,0,0.52
acc_3128,2026-01-15,12,5,3.06
acc_3129,2026-01-15,23,4,2.5
acc_3130,2026-01-15,10,1,2.43
acc_3131,2026-01-15,6,3,2.45
acc_3132,2026-01-15,23,6,1.2
acc_3133,2026-01-15,16,4,4.48
acc_3134,2026-01-15,31,7,3.64
acc_3135,2026-01-15,7,2,1.76
acc_3136,2026-01-15,9,4,1.77
acc_3137,2026-01-15,7,7,3.8
acc_3138,2026-01-15,15,3,3.79
acc_3139,2026-01-15,15,9,4.01
acc_3140,2026-01-15,25,7,3.45
acc_3141,2026-01-15,34,5,5.57
acc_3142,2026-01-15,17,7,4.43
acc_3143,2026-01-15,26,9,3.26
acc_3144,2026-01-15,16,8,5.06
acc_3145,2026-01-15,11,6,0.1
acc_3146,2026-01-15,29,9,5.23
acc_3147,2026-01-15,4,1,1.76
acc_3148,2026-01-15,15,3,2.58
acc_3149,2026-01-15,25,6,2.72
acc_3150,2026-01-15,15,5,1.96
acc_3151,2026-01-15,23,3,2.63
acc_3152,2026-01-15,4,0,2.64
acc_3153,2026-01-15,9,1,0.17
acc_3154,2026-01-15,14,6,3.36
acc_3155,2026-01-15,17,9,2.56
acc_3156,2026-01-15,6,3,3.09
acc_3157,2026-01-15,11,3,1.36
acc_3158,2026-01-15,24,10,3.56
acc_3159,2026-01-15,26,4,4.26
acc_3160,2026-01-15,25,5,3.66
acc_3161,2026-01-15,21,9,3.8
acc_3162,2026-01-15,19,6,4.58
acc_3163,2026-01-15,25,4,3.74
acc_3164,2026-01-15,18,11,5.01
acc_3165,2026-01-15,0,4,0.1
acc_3166,2026-01-15,23,8,3.04
acc_3167,2026-01-15,19,4,1.9
acc_3168,2026-01-15,24,11,4.49
acc_3169,2026-01-15,26,0,3.19
acc_3170,2026-01-15,26,7,4.04
acc_3171,2026-01-15,28,10,5.12
acc_3172,2026-01-15,13,3,1.47
acc_3173,2026-01-15,7,0,2.64
acc_3174,2026-01-15,13,7,3.03
acc_3175,2026-01-15,19,5,3.72
acc_3176,2026-01-15,5,3,1.17
acc_3177,2026-01-15,13,7,3.35
acc_3178,2026-01-15,29,9,3.6
acc_3179,2026-01-15,14,3,2.18
acc_3180,2026-01-15,8,0,1.18
acc_3181,2026-01-15,17,7,0.61
acc_3182,2026-01-15,14,4,1.26
acc_3183,2026-01-15,28,10,4.2
acc_3184,2026-01-15,15,6,5.28
acc_3185,2026-01-15,16,7,3.99
acc_3186,2026-01-15,0,5,2.95
acc_3187,2026-01-15,27,8,4.01
acc_3188,2026-01-15,15,3,1.73
acc_3189,2026-01-15,23,2,1.77
acc_3190,2026-01-15,23,11,5.18
acc_3191,2026-01-15,5,1,3.15
acc_3192,2026-01-15,9,6,3.26
acc_3193,2026-01-15,24,6,2.65
acc_3194,2026-01-15,13,0,2.46
acc_3195,2026-01-15,14,3,0.13
acc_3196,2026-01-15,0,0,0.7
acc_3197,2026-01-15,13,3,2.21
acc_3198,2026-01-15,25,9,4.43
acc_3199,2026-01-15,15,4,0.45
acc_3200,2026-01-15,6,3,0.1
acc_3201,2026-01-15,19,7,4.19
acc_3202,2026-01-15,15,9,1.63
acc_3203,2026-01-15,11,6,3.1
acc_3204,2026-01-15,0,2,0.1
acc_3205,2026-01-15,10,5,3.14
acc_3206,2026-01-15,24,9,4.82
acc_3207,2026-01-15,10,5,2.18
acc_3208,2026-01-15,6,5,0.55
acc_3209,2026-01-15,17,7,2.55
acc_3210,2026-01-15,11,3,1.02
acc_3211,2026-01-15,21,6,3.71
acc_3212,2026-01-15,17,7,2.47
acc_3213,2026-01-15,14,6,2.33
acc_3214,2026-01-15,32,9,3.47
acc_3215,2026-01-15,25,8,5.99
acc_3216,2026-01-15,10,5,1.86
acc_3217,2026-01-15,15,7,2.24
acc_3218,2026-01-15,12,6,0.1
acc_3219,2026-01-15,20,5,1.73
acc_3220,2026-01-15,22,6,3.41
acc_3221,2026-01-15,20,5,4.69
acc_3222,2026-01-15,14,9,2.12
acc_3223,2026-01-15,14,4,2.22
acc_3224,2026-01-15,3,5,1.47
acc_3225,2026-01-15,9,7,2.63
acc_3226,2026-01-15,4,2,1.19
acc_3227,2026-01-15,18,4,1.06
acc_3228,2026-01-15,8,4,0.5
acc_3229,2026-01-15,26,11,4.26
acc_3230,2026-01-15,0,2,2.78
acc_3231,2026-01-15,16,4,3.21
acc_3232,2026-01-15,20,8,2.01
acc_3233,2026-01-15,7,4,3.1
acc_3234,2026-01-15,18,6,3.46
acc_3235,2026-01-15,9,8,4.33
acc_3236,2026-01-15,12,6,4.39
acc_3237,2026-01-15,11,1,0.78
acc_3238,2026-01-15,14,2,2.98
acc_3239,2026-01-15,4,4,1.25
acc_3240,2026-01-15,22,8,3.91
acc_3241,2026-01-15,11,3,2.23
acc_3242,2026-01-15,5,4,0.8
acc_3243,2026-01-15,0,4,2.23
acc_3244,2026-01-15,31,6,2.82
acc_3245,2026-01-15,10,10,3.11
acc_3246,2026-01-15,12,6,5.01
acc_3247,2026-01-15,12,4,2.55
acc_3248,2026-01-15,10,8,2.59
acc_3249,2026-01-15,6,4,0.18
acc_3250,2026-01-15,15,5,2.81
acc_3251,2026-01-15,17,4,4.79
acc_3252,2026-01-15,18,10,2.34
acc_3253,2026-01-15,8,3,1.22
acc_3254,2026-01-15,23,2,2.18
acc_3255,2026-01-15,7,6,0.9
acc_3256,2026-01-15,11,5,1.9
acc_3257,2026-01-15,17,4,2.5
acc_3258,2026-01-15,8,1,0.29
acc_3259,2026-01-15,25,9,3.12
acc_3260,2026-01-15,19,5,0.97
acc_3261,2026-01-15,18,8,4.71
acc_3262,2026-01-15,9,6,1.21
acc_3263,2026-01-15,14,14,1.56
acc_3264,2026-01-15,10,2,2.04
acc_3265,2026-01-15,6,3,0.1
acc_3266,2026-01-15,11,4,2.74
acc_3267,2026-01-15,19,4,4.15
acc_3268,2026-01-15,28,12,3.28
acc_3269,2026-01-15,5,8,1.21
acc_3270,2026-01-15,14,8,1.49
acc_3271,2026-01-15,7,4,3.08
acc_3272,2026-01-15,9,4,0.92
acc_3273,2026-01-15,15,2,3.5
acc_3274,2026-01-15,16,6,2.18
acc_3275,2026-01-15,15,5,2.06
acc_3276,2026-01-15,16,2,3.25
acc_3277,2026-01-15,18,7,5.49
acc_3278,2026-01-15,29,9,4.72
acc_3279,2026-01-15,13,7,4.87
acc_3280,2026-01-15,3,1,1.94
acc_3281,2026-01-15,17,9,3.36
acc_3282,2026-01-15,17,5,0.82
acc_3283,2026-01-15,9,4,2.33
acc_3284,2026-01-15,23,5,3.18
acc_3285,2026-01-15,14,6,3.73
acc_3286,2026-01-15,11,2,0.38
acc_3287,2026-01-15,20,8,2.57
acc_3288,2026-01-15,14,1,3.47
acc_3289,2026-01-15,16,5,3.2
acc_3290,2026-01-15,20,5,0.1
acc_3291,2026-01-15,11,2,1.48
acc_3292,2026-01-15,7,3,2.06
acc_3293,2026-01-15,7,3,2.77
acc_3294,2026-01-15,36,9,4.25
acc_3295,2026-01-15,0,0,0.3
acc_3296,2026-01-15,16,7,3.55
acc_3297,2026-01-15,7,2,1.64
acc_3298,2026-01-15,20,11,1.92
acc_3299,2026-01-15,15,4,0.1
acc_3300,2026-01-15,6,7,3.37
acc_3301,2026-01-15,2,4,0.1
acc_3302,2026-01-15,5,0,3.12
acc_3303,2026-01-15,0,0,0.1
acc_3304,2026-01-15,20,8,2.38
acc_3305,2026-01-15,18,6,3.42
acc_3306,2026-01-15,25,8,2.06
acc_3307,2026-01-15,9,6,5.08
acc_3308,2026-01-15,14,7,2.27
acc_3309,2026-01-15,9,5,1.45
acc_3310,2026-01-15,16,3,0.73
acc_3311,2026-01-15,26,2,3.87
acc_3312,2026-01-15,22,5,2.55
acc_3313,2026-01-15,26,7,2.86
acc_3314,2026-01-15,11,2,0.76
acc_3315,2026-01-15,10,4,3.17
acc_3316,2026-01-15,24,6,2.91
acc_3317,2026-01-15,12,4,0.1
acc_3318,2026-01-15,20,6,3.28
acc_3319,2026-01-15,13,6,2.0
acc_3320,2026-01-15,23,6,4.78
acc_3321,2026-01-15,15,8,2.41
acc_3322,2026-01-15,24,5,2.56
acc_3323,2026-01-15,6,5,1.06
acc_3324,2026-01-15,6,5,0.72
acc_3325,2026-01-15,3,5,1.67
acc_3326,2026-01-15,12,5,1.12
acc_3327,2026-01-15,27,7,3.76
acc_3328,2026-01-15,23,7,4.47
acc_3329,2026-01-15,30,12,5.4
acc_3330,2026-01-15,26,12,4.11
acc_3331,2026-01-15,5,0,0.37
acc_3332,2026-01-15,12,8,4.6
acc_3333,2026-01-15,29,7,3.87
acc_3334,2026-01-15,4,3,0.9
acc_3335,2026-01-15,31,9,5.54
acc_3336,2026-01-15,30,12,4.45
acc_3337,2026-01-15,27,9,4.15
acc_3338,2026-01-15,29,7,3.65
acc_3339,2026-01-15,14,4,1.19
acc_3340,2026-01-15,11,4,1.48
acc_3341,2026-01-15,12,7,1.73
acc_3342,2026-01-15,23,7,4.16
acc_3343,2026-01-15,13,0,1.8
acc_3344,2026-01-15,0,0,0.96
acc_3345,2026-01-15,29,7,5.23
acc_3346,2026-01-15,4,1,0.23
acc_3347,2026-01-15,2,2,1.4
acc_3348,2026-01-15,11,8,4.91
acc_3349,2026-01-15,22,11,2.62
acc_3350,2026-01-15,13,7,4.53
acc_3351,2026-01-15,8,5,1.27
acc_3352,2026-01-15,29,9,4.5
acc_3353,2026-01-15,3,0,0.2
acc_3354,2026-01-15,16,6,3.42
acc_3355,2026-01-15,12,4,3.4
acc_3356,2026-01-15,18,9,2.99
acc_3357,2026-01-15,30,5,3.88
acc_3358,2026-01-15,22,5,2.47
acc_3359,2026-01-15,28,6,3.58
acc_3360,2026-01-15,19,5,3.77
acc_3361,2026-01-15,5,4,1.21
acc_3362,2026-01-15,25,8,4.2
acc_3363,2026-01-15,16,5,2.08
acc_3364,2026-01-15,8,4,2.83
acc_3365,2026-01-15,19,8,6.35
acc_3366,2026-01-15,15,10,6.07
acc_3367,2026-01-15,13,8,4.39
acc_3368,2026-01-15,13,0,2.56
acc_3369,2026-01-15,20,8,2.91
acc_3370,2026-01-15,19,3,0.47
acc_3371,2026-01-15,20,5,1.98
acc_3372,2026-01-15,18,5,1.65
acc_3373,2026-01-15,8,2,1.89
acc_3374,2026-01-15,19,7,3.35
acc_3375,2026-01-15,26,7,3.6
acc_3376,2026-01-15,0,5,0.1
acc_3377,2026-01-15,20,7,6.2
acc_3378,2026-01-15,12,3,2.96
acc_3379,2026-01-15,23,5,4.83
acc_3380,2026-01-15,22,6,3.83
acc_3381,2026-01-15,17,1,1.95
acc_3382,2026-01-15,9,5,1.95
acc_3383,2026-01-15,20,6,2.43
acc_3384,2026-01-15,10,3,4.39
acc_3385,2026-01-15,1,0,0.1
acc_3386,2026-01-15,5,2,1.41
acc_3387,2026-01-15,17,7,3.59
acc_3388,2026-01-15,27,8,3.47
acc_3389,2026-01-15,13,3,3.47
acc_3390,2026-01-15,7,2,0.1
acc_3391,2026-01-15,17,10,5.33
acc_3392,2026-01-15,9,1,0.4
acc_3393,2026-01-15,19,6,1.91
acc_3394,2026-01-15,26,10,4.0
acc_3395,2026-01-15,26,7,3.77
acc_3396,2026-01-15,14,4,1.88
acc_3397,2026-01-15,21,4,3.61
acc_3398,2026-01-15,15,8,3.65
acc_3399,2026-01-15,7,3,0.1
acc_3400,2026-01-15,7,0,1.47
acc_3401,2026-01-15,6,2,0.54
acc_3402,2026-01-15,19,4,4.33
acc_3403,2026-01-15,19,4,2.36
acc_3404,2026-01-15,17,8,3.9
acc_3405,2026-01-15,7,1,3.31
acc_3406,2026-01-15,12,5,1.71
acc_3407,2026-01-15,10,6,1.38
acc_3408,2026-01-15,0,0,0.1
acc_3409,2026-01-15,13,7,3.57
acc_3410,2026-01-15,4,0,2.41
acc_3411,2026-01-15,24,6,5.37
acc_3412,2026-01-15,31,10,5.03
acc_3413,2026-01-15,23,9,4.05
acc_3414,2026-01-15,11,6,2.44
acc_3415,2026-01-15,5,3,2.0
acc_3416,2026-01-15,24,7,2.81
acc_3417,2026-01-15,5,5,0.1
acc_3418,2026-01-15,18,8,2.7
acc_3419,2026-01-15,28,9,5.24
acc_3420,2026-01-15,23,7,3.26
acc_3421,2026-01-15,10,0,0.89
acc_3422,2026-01-15,2,6,2.25
acc_3423,2026-01-15,13,4,2.49
acc_3424,2026-01-15,30,6,3.94
acc_3425,2026-01-15,17,2,0.55
acc_3426,2026-01-15,23,8,4.11
acc_3427,2026-01-15,26,4,2.69
acc_3428,2026-01-15,19,6,3.51
acc_3429,2026-01-15,16,3,3.29
acc_3430,2026-01-15,23,10,4.82
acc_3431,2026-01-15,1,5,0.48
acc_3432,2026-01-15,0,0,1.66
acc_3433,2026-01-15,28,5,4.95
acc_3434,2026-01-15,19,7,4.33
acc_3435,2026-01-15,25,9,3.81
acc_3436,2026-01-15,18,7,3.54
acc_3437,2026-01-15,13,8,3.64
acc_3438,2026-01-15,17,7,2.06
acc_3439,2026-01-15,21,2,2.7
acc_3440,2026-01-15,10,0,2.9
acc_3441,2026-01-15,15,6,2.98
acc_3442,2026-01-15,13,4,2.19
acc_3443,2026-01-15,9,6,2.88
acc_3444,2026-01-15,16,5,2.97
acc_3445,2026-01-15,17,7,1.04
acc_3446,2026-01-15,12,2,0.73
acc_3447,2026-01-15,17,6,3.87
acc_3448,2026-01-15,14,4,3.26
acc_3449,2026-01-15,6,4,1.32
acc_3450,2026-01-15,21,8,4.1
acc_3451,2026-01-15,2,3,1.34
acc_3452,2026-01-15,4,7,1.2
acc_3453,2026-01-15,15,6,4.6
acc_3454,2026-01-15,11,4,1.4
acc_3455,2026-01-15,16,6,2.39
acc_3456,2026-01-15,14,1,0.51
acc_3457,2026-01-15,22,5,1.33
acc_3458,2026-01-15,12,6,1.65
acc_3459,2026-01-15,9,4,1.22
acc_3460,2026-01-15,11,6,1.46
acc_3461,2026-01-15,23,3,1.92
acc_3462,2026-01-15,18,4,1.71
acc_3463,2026-01-15,20,4,3.09
acc_3464,2026-01-15,14,4,1.31
acc_3465,2026-01-15,0,3,0.1
acc_3466,2026-01-15,4,6,2.2
acc_3467,2026-01-15,0,4,1.54
acc_3468,2026-01-15,16,8,2.49
acc_3469,2026-01-15,32,8,4.14
acc_3470,2026-01-15,0,3,1.4
acc_3471,2026-01-15,11,6,2.33
acc_3472,2026-01-15,10,4,4.39
acc_3473,2026-01-15,29,3,3.85
acc_3474,2026-01-15,16,5,2.34
acc_3475,2026-01-15,25,5,2.98
acc_3476,2026-01-15,11,5,0.3
acc_3477,2026-01-15,4,8,3.52
acc_3478,2026-01-15,29,8,3.76
acc_3479,2026-01-15,29,5,5.37
acc_3480,2026-01-15,18,5,1.03
acc_3481,2026-01-15,35,9,5.16
acc_3482,2026-01-15,19,4,2.88
acc_3483,2026-01-15,12,4,2.71
acc_3484,2026-01-15,4,3,1.4
acc_3485,2026-01-15,25,9,3.24
acc_3486,2026-01-15,28,12,3.27
acc_3487,2026-01-15,11,1,2.07
acc_3488,2026-01-15,4,3,0.65
acc_3489,2026-01-15,22,8,4.97
acc_3490,2026-01-15,7,3,1.36
acc_3491,2026-01-15,34,10,4.78
acc_3492,2026-01-15,3,3,1.02
acc_3493,2026-01-15,22,6,2.54
acc_3494,2026-01-15,10,4,0.1
acc_3495,2026-01-15,7,4,1.13
acc_3496,2026-01-15,12,4,4.65
acc_3497,2026-01-15,1,0,1.55
acc_3498,2026-01-15,21,10,3.47
acc_3499,2026-01-15,18,5,2.34
acc_3500,2026-01-15,16,4,1.97
acc_3501,2026-01-15,11,4,2.05
acc_3502,2026-01-15,20,8,3.02
acc_3503,2026-01-15,14,2,0.5
acc_3504,2026-01-15,14,1,4.02
acc_3505,2026-01-15,15,6,2.61
acc_3506,2026-01-15,28,4,4.2
acc_3507,2026-01-15,22,6,4.43
acc_3508,2026-01-15,18,7,2.45
acc_3509,2026-01-15,22,0,0.71
acc_3510,2026-01-15,29,7,5.68
acc_3511,2026-01-15,30,11,6.43
acc_3512,2026-01-15,15,2,0.1
acc_3513,2026-01-15,26,6,2.52
acc_3514,2026-01-15,24,10,4.82
acc_3515,2026-01-15,8,5,1.25
acc_3516,2026-01-15,12,5,1.68
acc_3517,2026-01-15,20,1,2.25
acc_3518,2026-01-15,26,8,1.69
acc_3519,2026-01-15,21,6,5.3
acc_3520,2026-01-15,22,7,4.12
acc_3521,2026-01-15,10,4,3.48
acc_3522,2026-01-15,17,6,3.21
acc_3523,2026-01-15,22,7,3.05
acc_3524,2026-01-15,14,2,3.98
acc_3525,2026-01-15,1,2,1.04
acc_3526,2026-01-15,17,5,1.2
acc_3527,2026-01-15,17,6,2.29
acc_3528,2026-01-15,24,5,3.15
acc_3529,2026-01-15,14,2,0.88
acc_3530,2026-01-15,10,9,3.67
acc_3531,2026-01-15,18,6,0.54
acc_3532,2026-01-15,38,8,4.55
acc_3533,2026-01-15,22,8,3.21
acc_3534,2026-01-15,33,11,4.68
acc_3535,2026-01-15,15,7,2.05
acc_3536,2026-01-15,4,3,1.73
acc_3537,2026-01-15,8,0,1.47
acc_3538,2026-01-15,21,8,0.65
acc_3539,2026-01-15,30,10,4.65
acc_3540,2026-01-15,6,3,0.92
acc_3541,2026-01-15,1,2,0.1
acc_3542,2026-01-15,19,9,3.65
acc_3543,2026-01-15,10,1,0.13
acc_3544,2026-01-15,11,5,2.35
acc_3545,2026-01-15,13,3,2.94
acc_3546,2026-01-15,11,1,0.63
acc_3547,2026-01-15,21,6,3.89
acc_3548,2026-01-15,10,4,1.99
acc_3549,2026-01-15,11,4,0.1
acc_3550,2026-01-15,34,10,3.62
acc_3551,2026-01-15,12,8,4.52
acc_3552,2026-01-15,9,0,0.73
acc_3553,2026-01-15,26,10,1.78
acc_3554,2026-01-15,3,3,3.12
acc_3555,2026-01-15,10,4,2.12
acc_3556,2026-01-15,11,5,2.4
acc_3557,2026-01-15,26,9,2.64
acc_3558,2026-01-15,14,6,3.47
acc_3559,2026-01-15,16,3,2.93
acc_3560,2026-01-15,4,0,0.98
acc_3561,2026-01-15,20,8,2.71
acc_3562,2026-01-15,5,5,1.52
acc_3563,2026-01-15,9,2,1.04
acc_3564,2026-01-15,16,5,3.93
acc_3565,2026-01-15,24,9,3.08
acc_3566,2026-01-15,6,5,2.6
acc_3567,2026-01-15,28,6,3.98
acc_3568,2026-01-15,27,5,4.19
acc_3569,2026-01-15,5,1,0.1
acc_3570,2026-01-15,13,4,2.74
acc_3571,2026-01-15,20,3,4.34
acc_3572,2026-01-15,26,6,3.13
acc_3573,2026-01-15,31,9,5.04
acc_3574,2026-01-15,16,4,2.36
acc_3575,2026-01-15,14,6,2.36
acc_3576,2026-01-15,13,0,1.29
acc_3577,2026-01-15,21,6,4.63
acc_3578,2026-01-15,6,4,0.3
acc_3579,2026-01-15,8,0,0.93
acc_3580,2026-01-15,21,4,2.31
acc_3581,2026-01-15,31,7,4.07
acc_3582,2026-01-15,15,4,2.28
acc_3583,2026-01-15,9,2,1.06
acc_3584,2026-01-15,21,5,0.1
acc_3585,2026-01-15,22,10,3.08
acc_3586,2026-01-15,1,1,0.1
acc_3587,2026-01-15,6,0,0.86
acc_3588,2026-01-15,9,6,2.77
acc_3589,2026-01-15,17,2,2.18
acc_3590,2026-01-15,0,3,0.1
acc_3591,2026-01-15,15,9,3.41
acc_3592,2026-01-15,11,4,0.84
acc_3593,2026-01-15,7,5,2.2
acc_3594,2026-01-15,0,0,0.75
acc_3595,2026-01-15,18,4,1.28
acc_3596,2026-01-15,20,5,2.75
acc_3597,2026-01-15,27,6,2.79
acc_3598,2026-01-15,23,7,2.23
acc_3599,2026-01-15,14,4,2.52
acc_3600,2026-01-15,12,5,3.68
acc_3601,2026-01-15,18,8,4.02
acc_3602,2026-01-15,8,4,1.76
acc_3603,2026-01-15,8,1,4.94
acc_3604,2026-01-15,15,8,0.1
acc_3605,2026-01-15,23,4,2.46
acc_3606,2026-01-15,14,3,0.23
acc_3607,2026-01-15,19,8,4.33
acc_3608,2026-01-15,24,9,4.1
acc_3609,2026-01-15,19,8,2.82
acc_3610,2026-01-15,24,11,3.81
acc_3611,2026-01-15,17,6,4.63
acc_3612,2026-01-15,7,6,2.71
acc_3613,2026-01-15,16,3,3.14
acc_3614,2026-01-15,32,10,5.97
acc_3615,2026-01-15,1,4,2.25
acc_3616,2026-01-15,16,5,2.61
acc_3617,2026-01-15,21,7,2.44
acc_3618,2026-01-15,13,4,0.1
acc_3619,2026-01-15,18,5,2.7
acc_3620,2026-01-15,9,3,0.94
acc_3621,2026-01-15,13,4,2.93
acc_3622,2026-01-15,2,0,0.1
acc_3623,2026-01-15,13,8,2.99
acc_3624,2026-01-15,14,6,2.35
acc_3625,2026-01-15,21,4,2.29
acc_3626,2026-01-15,12,5,2.07
acc_3627,2026-01-15,10,5,1.89
acc_3628,2026-01-15,12,2,1.8
acc_3629,2026-01-15,7,5,2.98
acc_3630,2026-01-15,21,10,4.53
acc_3631,2026-01-15,26,6,4.22
acc_3632,2026-01-15,3,0,0.81
acc_3633,2026-01-15,11,2,2.41
acc_3634,2026-01-15,6,3,1.49
acc_3635,2026-01-15,18,5,1.83
acc_3636,2026-01-15,15,3,0.1
acc_3637,2026-01-15,18,4,2.77
acc_3638,2026-01-15,15,5,0.82
acc_3639,2026-01-15,18,5,2.87
acc_3640,2026-01-15,21,6,2.36
acc_3641,2026-01-15,10,6,2.3
acc_3642,2026-01-15,9,3,2.8
acc_3643,2026-01-15,26,7,1.38
acc_3644,2026-01-15,24,5,3.45
acc_3645,2026-01-15,24,7,3.19
acc_3646,2026-01-15,12,2,0.1
acc_3647,2026-01-15,26,6,2.22
acc_3648,2026-01-15,4,3,1.54
acc_3649,2026-01-15,16,10,3.19
acc_3650,2026-01-15,11,2,0.76
acc_3651,2026-01-15,14,6,3.76
acc_3652,2026-01-15,15,7,1.97
acc_3653,2026-01-15,19,7,3.13
acc_3654,2026-01-15,28,10,2.78
acc_3655,2026-01-15,13,5,2.06
acc_3656,2026-01-15,19,2,4.09
acc_3657,2026-01-15,13,10,3.03
acc_3658,2026-01-15,21,5,3.24
acc_3659,2026-01-15,10,2,1.61
acc_3660,2026-01-15,27,9,3.6
acc_3661,2026-01-15,16,5,3.25
acc_3662,2026-01-15,7,2,2.03
acc_3663,2026-01-15,29,8,4.87
acc_3664,2026-01-15,3,1,0.1
acc_3665,2026-01-15,16,3,1.64
acc_3666,2026-01-15,18,9,2.76
acc_3667,2026-01-15,4,2,1.82
acc_3668,2026-01-15,16,3,3.0
acc_3669,2026-01-15,24,9,3.35
acc_3670,2026-01-15,11,5,4.46
acc_3671,2026-01-15,17,4,2.84
acc_3672,2026-01-15,13,4,2.11
acc_3673,2026-01-15,20,9,4.26
acc_3674,2026-01-15,12,3,1.34
acc_3675,2026-01-15,27,7,2.47
acc_3676,2026-01-15,14,5,1.95
acc_3677,2026-01-15,11,8,4.14
acc_3678,2026-01-15,22,10,5.28
acc_3679,2026-01-15,6,1,2.26
acc_3680,2026-01-15,14,3,2.9
acc_3681,2026-01-15,15,7,2.79
acc_3682,2026-01-15,9,1,0.49
acc_3683,2026-01-15,9,2,1.17
acc_3684,2026-01-15,24,9,2.01
acc_3685,2026-01-15,18,1,1.57
acc_3686,2026-01-15,22,7,5.04
acc_3687,2026-01-15,35,8,2.59
acc_3688,2026-01-15,12,3,2.13
acc_3689,2026-01-15,13,2,1.22
acc_3690,2026-01-15,20,6,2.47
acc_3691,2026-01-15,11,6,0.14
acc_3692,2026-01-15,13,4,3.93
acc_3693,2026-01-15,9,5,0.1
acc_3694,2026-01-15,26,3,1.87
acc_3695,2026-01-15,27,6,5.53
acc_3696,2026-01-15,29,6,3.32
acc_3697,2026-01-15,17,5,2.66
acc_3698,2026-01-15,11,2,2.68
acc_3699,2026-01-15,23,4,3.24
acc_3700,2026-01-15,17,4,2.37
acc_3701,2026-01-15,18,5,2.56
acc_3702,2026-01-15,25,6,4.46
acc_3703,2026-01-15,15,7,1.79
acc_3704,2026-01-15,21,8,5.6
acc_3705,2026-01-15,33,8,3.99
acc_3706,2026-01-15,24,7,2.93
acc_3707,2026-01-15,8,6,2.76
acc_3708,2026-01-15,11,2,2.41
acc_3709,2026-01-15,27,6,2.38
acc_3710,2026-01-15,9,4,2.71
acc_3711,2026-01-15,10,2,0.1
acc_3712,2026-01-15,7,3,1.57
acc_3713,2026-01-15,26,8,4.75
acc_3714,2026-01-15,7,6,1.91
acc_3715,2026-01-15,14,4,0.37
acc_3716,2026-01-15,14,3,3.28
acc_3717,2026-01-15,16,5,2.42
acc_3718,2026-01-15,24,3,3.76
acc_3719,2026-01-15,31,6,2.91
acc_3720,2026-01-15,10,4,2.85
acc_3721,2026-01-15,12,0,1.54
acc_3722,2026-01-15,24,12,1.61
acc_3723,2026-01-15,23,7,3.8
acc_3724,2026-01-15,31,5,4.5
acc_3725,2026-01-15,26,6,3.69
acc_3726,2026-01-15,15,7,0.1
acc_3727,2026-01-15,15,7,1.94
acc_3728,2026-01-15,17,6,3.02
acc_3729,2026-01-15,20,7,3.87
acc_3730,2026-01-15,0,3,0.1
acc_3731,2026-01-15,24,4,1.06
acc_3732,2026-01-15,2,2,0.1
acc_3733,2026-01-15,12,6,2.42
acc_3734,2026-01-15,25,5,3.37
acc_3735,2026-01-15,25,10,3.09
acc_3736,2026-01-15,0,0,0.1
acc_3737,2026-01-15,24,5,1.82
acc_3738,2026-01-15,5,2,0.1
acc_3739,2026-01-15,14,4,0.1
acc_3740,2026-01-15,18,8,2.86
acc_3741,2026-01-15,15,4,1.34
acc_3742,2026-01-15,6,2,0.87
acc_3743,2026-01-15,8,7,3.05
acc_3744,2026-01-15,9,5,1.91
acc_3745,2026-01-15,2,0,1.36
acc_3746,2026-01-15,19,3,3.12
acc_3747,2026-01-15,7,7,3.93
acc_3748,2026-01-15,23,5,4.04
acc_3749,2026-01-15,27,5,4.36
acc_3750,2026-01-15,5,4,1.14
acc_3751,2026-01-15,14,6,3.19
acc_3752,2026-01-15,7,6,1.52
acc_3753,2026-01-15,16,2,4.07
acc_3754,2026-01-15,30,8,3.82
acc_3755,2026-01-15,28,10,3.63
acc_3756,2026-01-15,19,5,4.85
acc_3757,2026-01-15,20,8,3.49
acc_3758,2026-01-15,6,0,2.36
acc_3759,2026-01-15,5,4,3.21
acc_3760,2026-01-15,9,6,2.47
acc_3761,2026-01-15,15,5,3.67
acc_3762,2026-01-15,17,3,4.39
acc_3763,2026-01-15,8,5,1.1
acc_3764,2026-01-15,14,5,3.56
acc_3765,2026-01-15,10,0,1.84
acc_3766,2026-01-15,18,9,5.52
acc_3767,2026-01-15,23,8,4.08
acc_3768,2026-01-15,4,3,0.91
acc_3769,2026-01-15,17,2,3.4
acc_3770,2026-01-15,17,0,1.29
acc_3771,2026-01-15,32,8,6.35
acc_3772,2026-01-15,29,8,2.7
acc_3773,2026-01-15,17,3,2.79
acc_3774,2026-01-15,24,4,3.12
acc_3775,2026-01-15,6,4,2.32
acc_3776,2026-01-15,7,3,3.61
acc_3777,2026-01-15,20,7,3.09
acc_3778,2026-01-15,26,9,4.74
acc_3779,2026-01-15,0,2,0.93
acc_3780,2026-01-15,10,7,3.56
acc_3781,2026-01-15,29,5,2.74
acc_3782,2026-01-15,4,2,3.12
acc_3783,2026-01-15,23,6,5.13
acc_3784,2026-01-15,25,7,2.83
acc_3785,2026-01-15,12,8,3.01
acc_3786,2026-01-15,21,5,5.94
acc_3787,2026-01-15,29,11,3.67
acc_3788,2026-01-15,19,4,2.94
acc_3789,2026-01-15,16,7,2.42
acc_3790,2026-01-15,24,9,4.5
acc_3791,2026-01-15,8,5,1.05
acc_3792,2026-01-15,20,6,2.79
acc_3793,2026-01-15,18,5,2.72
acc_3794,2026-01-15,9,7,1.72
acc_3795,2026-01-15,11,2,0.17
acc_3796,2026-01-15,9,3,2.41
acc_3797,2026-01-15,20,3,1.62
acc_3798,2026-01-15,22,4,2.28
acc_3799,2026-01-15,7,2,0.1
acc_3800,2026-01-15,17,4,1.59
acc_3801,2026-01-15,13,3,1.6
acc_3802,2026-01-15,22,6,2.63
acc_3803,2026-01-15,7,7,4.2
acc_3804,2026-01-15,14,2,0.77
acc_3805,2026-01-15,31,6,3.64
acc_3806,2026-01-15,15,6,2.35
acc_3807,2026-01-15,19,4,2.21
acc_3808,2026-01-15,28,9,4.24
acc_3809,2026-01-15,21,5,2.21
acc_3810,2026-01-15,21,6,3.32
acc_3811,2026-01-15,5,3,1.92
acc_3812,2026-01-15,18,1,2.17
acc_3813,2026-01-15,0,3,0.98
acc_3814,2026-01-15,8,5,1.62
acc_3815,2026-01-15,15,1,1.6
acc_3816,2026-01-15,15,7,3.24
acc_3817,2026-01-15,15,2,3.43
acc_3818,2026-01-15,21,7,5.35
acc_3819,2026-01-15,15,7,1.86
acc_3820,2026-01-15,21,0,2.37
acc_3821,2026-01-15,3,2,1.34
acc_3822,2026-01-15,20,9,2.52
acc_3823,2026-01-15,7,6,0.13
acc_3824,2026-01-15,8,1,0.54
acc_3825,2026-01-15,20,6,3.9
acc_3826,2026-01-15,19,4,2.61
acc_3827,2026-01-15,12,4,4.23
acc_3828,2026-01-15,6,3,0.1
acc_3829,2026-01-15,14,3,3.11
acc_3830,2026-01-15,14,3,2.41
acc_3831,2026-01-15,17,4,3.83
acc_3832,2026-01-15,20,7,3.67
acc_3833,2026-01-15,14,5,3.39
acc_3834,2026-01-15,18,8,4.46
acc_3835,2026-01-15,28,4,3.69
acc_3836,2026-01-15,13,7,2.47
acc_3837,2026-01-15,40,8,6.46
acc_3838,2026-01-15,8,1,1.23
acc_3839,2026-01-15,23,4,2.44
acc_3840,2026-01-15,22,6,2.15
acc_3841,2026-01-15,20,6,2.83
acc_3842,2026-01-15,0,2,1.76
acc_3843,2026-01-15,7,3,0.1
acc_3844,2026-01-15,24,5,3.04
acc_3845,2026-01-15,19,6,2.93
acc_3846,2026-01-15,26,6,4.29
acc_3847,2026-01-15,17,4,2.44
acc_3848,2026-01-15,26,6,5.63
acc_3849,2026-01-15,11,7,2.33
acc_3850,2026-01-15,27,6,3.54
acc_3851,2026-01-15,9,6,2.59
acc_3852,2026-01-15,28,9,6.05
acc_3853,2026-01-15,18,6,3.03
acc_3854,2026-01-15,23,6,4.95
acc_3855,2026-01-15,7,1,2.38
acc_3856,2026-01-15,31,5,4.42
acc_3857,2026-01-15,15,8,2.88
acc_3858,2026-01-15,11,6,3.95
acc_3859,2026-01-15,22,11,4.21
acc_3860,2026-01-15,27,3,2.79
acc_3861,2026-01-15,19,6,4.09
acc_3862,2026-01-15,13,5,3.33
acc_3863,2026-01-15,1,7,0.1
acc_3864,2026-01-15,0,1,1.08
acc_3865,2026-01-15,21,6,3.67
acc_3866,2026-01-15,18,5,2.19
acc_3867,2026-01-15,9,1,2.88
acc_3868,2026-01-15,33,11,4.71
acc_3869,2026-01-15,14,2,0.29
acc_3870,2026-01-15,9,2,1.17
acc_3871,2026-01-15,3,1,0.1
acc_3872,2026-01-15,12,2,0.39
acc_3873,2026-01-15,22,10,3.6
acc_3874,2026-01-15,14,8,1.26
acc_3875,2026-01-15,31,6,2.82
acc_3876,2026-01-15,20,6,2.82
acc_3877,2026-01-15,16,1,2.12
acc_3878,2026-01-15,4,3,0.1
acc_3879,2026-01-15,23,3,1.55
acc_3880,2026-01-15,12,7,3.23
acc_3881,2026-01-15,19,9,4.29
acc_3882,2026-01-15,20,8,4.38
acc_3883,2026-01-15,24,8,4.48
acc_3884,2026-01-15,17,9,3.41
acc_3885,2026-01-15,12,6,0.36
acc_3886,2026-01-15,3,4,2.17
acc_3887,2026-01-15,26,8,5.0
acc_3888,2026-01-15,13,1,2.64
acc_3889,2026-01-15,12,5,5.8
acc_3890,2026-01-15,19,5,2.34
acc_3891,2026-01-15,22,4,0.1
acc_3892,2026-01-15,20,7,3.82
acc_3893,2026-01-15,3,3,1.72
acc_3894,2026-01-15,3,3,0.75
acc_3895,2026-01-15,10,4,1.2
acc_3896,2026-01-15,18,5,2.26
acc_3897,2026-01-15,7,2,3.33
acc_3898,2026-01-15,22,8,4.05
acc_3899,2026-01-15,24,3,0.18
acc_3900,2026-01-15,12,6,0.81
acc_3901,2026-01-15,30,9,3.56
acc_3902,2026-01-15,15,0,1.04
acc_3903,2026-01-15,20,3,1.6
acc_3904,2026-01-15,21,10,3.89
acc_3905,2026-01-15,20,3,1.34
acc_3906,2026-01-15,8,0,0.1
acc_3907,2026-01-15,15,5,1.17
acc_3908,2026-01-15,18,5,4.52
acc_3909,2026-01-15,10,4,1.43
acc_3910,2026-01-15,21,12,2.81
acc_3911,2026-01-15,14,7,1.72
acc_3912,2026-01-15,8,7,2.43
acc_3913,2026-01-15,1,0,1.33
acc_3914,2026-01-15,9,2,2.9
acc_3915,2026-01-15,28,10,4.97
acc_3916,2026-01-15,18,4,1.37
acc_3917,2026-01-15,9,2,0.25
acc_3918,2026-01-15,12,5,1.96
acc_3919,2026-01-15,12,3,2.91
acc_3920,2026-01-15,6,7,1.94
acc_3921,2026-01-15,6,3,2.11
acc_3922,2026-01-15,17,3,0.65
acc_3923,2026-01-15,4,5,1.0
acc_3924,2026-01-15,12,3,0.5
acc_3925,2026-01-15,21,8,3.38
acc_3926,2026-01-15,18,4,1.08
acc_3927,2026-01-15,11,2,0.29
acc_3928,2026-01-15,17,8,1.9
acc_3929,2026-01-15,26,8,6.37
acc_3930,2026-01-15,14,10,3.69
acc_3931,2026-01-15,9,11,3.84
acc_3932,2026-01-15,17,9,2.11
acc_3933,2026-01-15,17,5,2.23
acc_3934,2026-01-15,22,7,4.77
acc_3935,2026-01-15,13,2,2.99
acc_3936,2026-01-15,26,10,4.37
acc_3937,2026-01-15,14,5,3.39
acc_3938,2026-01-15,0,0,3.29
acc_3939,2026-01-15,15,8,1.93
acc_3940,2026-01-15,14,6,3.88
acc_3941,2026-01-15,16,5,2.83
acc_3942,2026-01-15,17,4,0.88
acc_3943,2026-01-15,25,8,3.43
acc_3944,2026-01-15,26,8,5.42
acc_3945,2026-01-15,8,6,0.1
acc_3946,2026-01-15,3,1,1.4
acc_3947,2026-01-15,8,6,1.27
acc_3948,2026-01-15,0,0,2.13
acc_3949,2026-01-15,27,7,4.06
acc_3950,2026-01-15,18,5,2.22
acc_3951,2026-01-15,6,7,2.41
acc_3952,2026-01-15,21,7,3.8
acc_3953,2026-01-15,0,4,1.89
acc_3954,2026-01-15,25,6,4.22
acc_3955,2026-01-15,15,6,2.36
acc_3956,2026-01-15,23,3,3.77
acc_3957,2026-01-15,21,10,2.91
acc_3958,2026-01-15,11,7,3.73
acc_3959,2026-01-15,17,5,2.68
acc_3960,2026-01-15,31,9,3.26
acc_3961,2026-01-15,27,11,4.12
acc_3962,2026-01-15,13,6,2.57
acc_3963,2026-01-15,23,7,2.52
acc_3964,2026-01-15,25,11,3.47
acc_3965,2026-01-15,11,2,1.26
acc_3966,2026-01-15,9,0,1.81
acc_3967,2026-01-15,4,0,0.1
acc_3968,2026-01-15,13,2,1.74
acc_3969,2026-01-15,23,7,2.51
acc_3970,2026-01-15,28,11,5.6
acc_3971,2026-01-15,11,3,2.42
acc_3972,2026-01-15,12,5,2.23
acc_3973,2026-01-15,27,5,3.11
acc_3974,2026-01-15,24,9,3.59
acc_3975,2026-01-15,12,6,2.85
acc_3976,2026-01-15,11,8,1.08
acc_3977,2026-01-15,8,6,2.45
acc_3978,2026-01-15,10,7,3.28
acc_3979,2026-01-15,6,3,1.68
acc_3980,2026-01-15,14,5,2.53
acc_3981,2026-01-15,29,6,2.69
acc_3982,2026-01-15,8,5,0.45
acc_3983,2026-01-15,11,4,0.66
acc_3984,2026-01-15,23,1,2.29
acc_3985,2026-01-15,18,8,3.93
acc_3986,2026-01-15,16,8,4.3
acc_3987,2026-01-15,12,3,0.1
acc_3988,2026-01-15,12,3,0.67
acc_3989,2026-01-15,12,1,2.51
acc_3990,2026-01-15,18,4,2.91
acc_3991,2026-01-15,24,10,4.62
acc_3992,2026-01-15,11,1,2.13
acc_3993,2026-01-15,6,4,1.8
acc_3994,2026-01-15,10,0,0.93
acc_3995,2026-01-15,13,3,1.25
acc_3996,2026-01-15,15,8,2.68
acc_3997,2026-01-15,12,9,4.88
acc_3998,2026-01-15,0,2,1.36
acc_3999,2026-01-15,14,8,2.8
acc_4000,2026-01-15,23,5,3.17
acc_4001,2026-01-15,19,6,2.88
acc_4002,2026-01-15,7,0,1.15
acc_4003,2026-01-15,4,3,3.15
acc_4004,2026-01-15,20,7,5.19
acc_4005,2026-01-15,5,2,0.1
acc_4006,2026-01-15,29,7,2.39
acc_4007,2026-01-15,9,3,1.49
acc_4008,2026-01-15,14,5,2.19
acc_4009,2026-01-15,0,4,0.1
acc_4010,2026-01-15,22,9,5.29
acc_4011,2026-01-15,16,4,5.16
acc_4012,2026-01-15,17,2,0.74
acc_4013,2026-01-15,5,1,0.1
acc_4014,2026-01-15,16,6,1.27
acc_4015,2026-01-15,21,6,2.88
acc_4016,2026-01-15,2,6,1.82
acc_4017,2026-01-15,17,4,1.23
acc_4018,2026-01-15,17,5,4.28
acc_4019,2026-01-15,27,7,5.2
acc_4020,2026-01-15,6,5,2.03
acc_4021,2026-01-15,24,6,2.66
acc_4022,2026-01-15,23,8,2.5
acc_4023,2026-01-15,11,3,3.63
acc_4024,2026-01-15,30,11,3.61
acc_4025,2026-01-15,20,7,3.99
acc_4026,2026-01-15,0,2,1.33
acc_4027,2026-01-15,22,9,4.45
acc_4028,2026-01-15,12,6,1.64
acc_4029,2026-01-15,16,7,2.24
acc_4030,2026-01-15,8,1,0.5
acc_4031,2026-01-15,10,6,2.44
acc_4032,2026-01-15,23,9,5.48
acc_4033,2026-01-15,8,3,1.24
acc_4034,2026-01-15,8,6,1.37
acc_4035,2026-01-15,13,9,4.19
acc_4036,2026-01-15,29,11,6.01
acc_4037,2026-01-15,24,10,5.15
acc_4038,2026-01-15,19,8,0.9
acc_4039,2026-01-15,10,2,1.71
acc_4040,2026-01-15,12,5,1.52
acc_4041,2026-01-15,33,4,2.91
acc_4042,2026-01-15,7,2,1.38
acc_4043,2026-01-15,10,0,0.54
acc_4044,2026-01-15,10,1,0.97
acc_4045,2026-01-15,18,0,4.92
acc_4046,2026-01-15,21,8,3.38
acc_4047,2026-01-15,7,3,2.21
acc_4048,2026-01-15,16,6,3.16
acc_4049,2026-01-15,5,1,0.79
acc_4050,2026-01-15,30,5,3.27
acc_4051,2026-01-15,22,8,2.76
acc_4052,2026-01-15,19,3,2.05
acc_4053,2026-01-15,16,5,2.31
acc_4054,2026-01-15,21,9,0.9
acc_4055,2026-01-15,24,11,5.44
acc_4056,2026-01-15,21,6,3.55
acc_4057,2026-01-15,15,2,3.79
acc_4058,2026-01-15,15,2,0.1
acc_4059,2026-01-15,17,3,2.71
acc_4060,2026-01-15,6,5,2.2
acc_4061,2026-01-15,15,1,3.34
acc_4062,2026-01-15,15,4,2.74
acc_4063,2026-01-15,4,4,1.22
acc_4064,2026-01-15,0,4,2.36
acc_4065,2026-01-15,12,3,1.13
acc_4066,2026-01-15,20,6,2.85
acc_4067,2026-01-15,13,5,2.45
acc_4068,2026-01-15,9,4,0.1
acc_4069,2026-01-15,8,4,1.18
acc_4070,2026-01-15,9,7,2.2
acc_4071,2026-01-15,16,6,1.07
acc_4072,2026-01-15,17,5,2.89
acc_4073,2026-01-15,14,6,2.82
acc_4074,2026-01-15,23,6,3.87
acc_4075,2026-01-15,12,4,2.67
acc_4076,2026-01-15,12,5,0.9
acc_4077,2026-01-15,18,6,2.21
acc_4078,2026-01-15,17,4,2.42
acc_4079,2026-01-15,18,7,0.32
acc_4080,2026-01-15,33,5,3.76
acc_4081,2026-01-15,12,5,3.15
acc_4082,2026-01-15,8,7,3.02
acc_4083,2026-01-15,1,0,0.1
acc_4084,2026-01-15,4,3,0.1
acc_4085,2026-01-15,3,3,0.1
acc_4086,2026-01-15,20,5,3.38
acc_4087,2026-01-15,10,8,3.88
acc_4088,2026-01-15,3,4,3.1
acc_4089,2026-01-15,9,3,1.28
acc_4090,2026-01-15,13,6,2.46
acc_4091,2026-01-15,0,3,2.88
acc_4092,2026-01-15,23,3,3.5
acc_4093,2026-01-15,26,8,2.2
acc_4094,2026-01-15,10,6,5.73
acc_4095,2026-01-15,20,5,4.75
acc_4096,2026-01-15,19,6,2.56
acc_4097,2026-01-15,18,2,3.03
acc_4098,2026-01-15,15,6,4.58
acc_4099,2026-01-15,0,3,1.87
acc_4100,2026-01-15,17,0,0.12
acc_4101,2026-01-15,0,0,0.56
acc_4102,2026-01-15,13,3,4.04
acc_4103,2026-01-15,20,6,3.33
acc_4104,2026-01-15,9,6,2.87
acc_4105,2026-01-15,13,3,1.91
acc_4106,2026-01-15,15,2,0.8
acc_4107,2026-01-15,3,4,0.19
acc_4108,2026-01-15,13,5,3.38
acc_4109,2026-01-15,4,2,1.35
acc_4110,2026-01-15,3,6,0.1
acc_4111,2026-01-15,20,5,3.38
acc_4112,2026-01-15,17,3,1.05
acc_4113,2026-01-15,19,5,2.12
acc_4114,2026-01-15,27,10,3.61
acc_4115,2026-01-15,14,5,1.75
acc_4116,2026-01-15,18,3,3.94
acc_4117,2026-01-15,6,0,0.1
acc_4118,2026-01-15,1,2,2.31
acc_4119,2026-01-15,3,3,1.84
acc_4120,2026-01-15,16,7,2.17
acc_4121,2026-01-15,13,4,2.86
acc_4122,2026-01-15,4,3,1.26
acc_4123,2026-01-15,23,12,4.45
acc_4124,2026-01-15,28,7,5.18
acc_4125,2026-01-15,20,3,1.68
acc_4126,2026-01-15,14,2,2.6
acc_4127,2026-01-15,19,4,1.92
acc_4128,2026-01-15,10,2,2.65
acc_4129,2026-01-15,0,0,0.68
acc_4130,2026-01-15,10,6,3.67
acc_4131,2026-01-15,0,1,0.1
acc_4132,2026-01-15,27,8,5.08
acc_4133,2026-01-15,19,3,4.56
acc_4134,2026-01-15,10,5,1.4
acc_4135,2026-01-15,22,8,4.1
acc_4136,2026-01-15,29,9,4.66
acc_4137,2026-01-15,3,1,1.37
acc_4138,2026-01-15,24,6,3.52
acc_4139,2026-01-15,19,6,4.34
acc_4140,2026-01-15,23,2,2.02
acc_4141,2026-01-15,2,0,0.55
acc_4142,2026-01-15,12,5,2.74
acc_4143,2026-01-15,13,6,2.26
acc_4144,2026-01-15,17,5,2.95
acc_4145,2026-01-15,12,1,0.58
acc_4146,2026-01-15,10,3,1.69
acc_4147,2026-01-15,9,3,1.04
acc_4148,2026-01-15,21,4,2.77
acc_4149,2026-01-15,24,8,3.17
acc_4150,2026-01-15,21,5,3.02
acc_4151,2026-01-15,10,4,1.15
acc_4152,2026-01-15,12,2,1.57
acc_4153,2026-01-15,14,6,4.35
acc_4154,2026-01-15,24,9,3.06
acc_4155,2026-01-15,22,12,4.48
acc_4156,2026-01-15,20,0,2.03
acc_4157,2026-01-15,20,3,2.25
acc_4158,2026-01-15,23,9,5.26
acc_4159,2026-01-15,4,3,0.66
acc_4160,2026-01-15,0,1,1.89
acc_4161,2026-01-15,23,2,4.07
acc_4162,2026-01-15,3,1,1.43
acc_4163,2026-01-15,1,0,0.1
acc_4164,2026-01-15,22,7,6.0
acc_4165,2026-01-15,14,6,2.88
acc_4166,2026-01-15,11,3,1.77
acc_4167,2026-01-15,17,7,1.01
acc_4168,2026-01-15,19,5,3.31
acc_4169,2026-01-15,19,5,2.6
acc_4170,2026-01-15,21,9,5.0
acc_4171,2026-01-15,6,3,0.1
acc_4172,2026-01-15,16,4,2.6
acc_4173,2026-01-15,11,3,1.11
acc_4174,2026-01-15,5,2,0.1
acc_4175,2026-01-15,16,6,1.34
acc_4176,2026-01-15,19,9,3.31
acc_4177,2026-01-15,7,2,0.58
acc_4178,2026-01-15,0,4,0.7
acc_4179,2026-01-15,7,1,2.35
acc_4180,2026-01-15,32,6,4.89
acc_4181,2026-01-15,6,6,3.03
acc_4182,2026-01-15,14,2,1.18
acc_4183,2026-01-15,14,5,3.96
acc_4184,2026-01-15,9,4,2.28
acc_4185,2026-01-15,13,7,1.4
acc_4186,2026-01-15,24,2,2.74
acc_4187,2026-01-15,7,6,0.17
acc_4188,2026-01-15,6,3,1.73
acc_4189,2026-01-15,0,2,0.52
acc_4190,2026-01-15,4,1,0.1
acc_4191,2026-01-15,17,10,4.21
acc_4192,2026-01-15,10,6,1.36
acc_4193,2026-01-15,0,0,0.1
acc_4194,2026-01-15,30,10,5.35
acc_4195,2026-01-15,28,7,3.94
acc_4196,2026-01-15,8,4,2.7
acc_4197,2026-01-15,20,11,3.22
acc_4198,2026-01-15,19,8,4.6
acc_4199,2026-01-15,17,7,2.93
acc_4200,2026-01-15,11,5,1.54
acc_4201,2026-01-15,15,6,2.17
acc_4202,2026-01-15,1,2,3.59
acc_4203,2026-01-15,13,6,3.38
acc_4204,2026-01-15,12,7,0.86
acc_4205,2026-01-15,17,8,4.42
acc_4206,2026-01-15,17,6,1.62
acc_4207,2026-01-15,4,4,1.3
acc_4208,2026-01-15,12,6,0.1
acc_4209,2026-01-15,23,8,4.8
acc_4210,2026-01-15,0,3,0.1
acc_4211,2026-01-15,14,5,2.08
acc_4212,2026-01-15,16,0,1.43
acc_4213,2026-01-15,20,3,2.14
acc_4214,2026-01-15,21,8,2.78
acc_4215,2026-01-15,25,8,2.72
acc_4216,2026-01-15,28,9,3.59
acc_4217,2026-01-15,22,8,3.37
acc_4218,2026-01-15,11,11,4.69
acc_4219,2026-01-15,24,8,2.34
acc_4220,2026-01-15,22,7,4.01
acc_4221,2026-01-15,13,5,3.3
acc_4222,2026-01-15,20,11,3.17
acc_4223,2026-01-15,22,5,1.47
acc_4224,2026-01-15,4,5,0.1
acc_4225,2026-01-15,9,3,0.1
acc_4226,2026-01-15,18,5,4.7
acc_4227,2026-01-15,26,5,4.72
acc_4228,2026-01-15,13,6,2.48
acc_4229,2026-01-15,14,3,3.56
acc_4230,2026-01-15,15,6,2.6
acc_4231,2026-01-15,0,0,2.59
acc_4232,2026-01-15,22,10,3.37
acc_4233,2026-01-15,10,3,1.49
acc_4234,2026-01-15,15,3,3.73
acc_4235,2026-01-15,9,0,1.22
acc_4236,2026-01-15,2,6,2.79
acc_4237,2026-01-15,17,4,4.24
acc_4238,2026-01-15,9,4,1.97
acc_4239,2026-01-15,14,6,1.95
acc_4240,2026-01-15,4,6,1.54
acc_4241,2026-01-15,23,4,1.53
acc_4242,2026-01-15,20,6,3.48
acc_4243,2026-01-15,2,2,2.12
acc_4244,2026-01-15,6,2,0.1
acc_4245,2026-01-15,17,9,2.81
acc_4246,2026-01-15,19,6,2.81
acc_4247,2026-01-15,22,6,3.16
acc_4248,2026-01-15,7,4,4.06
acc_4249,2026-01-15,13,9,2.67
acc_4250,2026-01-15,24,5,2.92
acc_4251,2026-01-15,21,0,2.54
acc_4252,2026-01-15,23,7,3.13
acc_4253,2026-01-15,9,3,0.54
acc_4254,2026-01-15,20,7,3.08
acc_4255,2026-01-15,24,7,4.13
acc_4256,2026-01-15,18,5,2.57
acc_4257,2026-01-15,10,4,2.48
acc_4258,2026-01-15,33,6,4.65
acc_4259,2026-01-15,13,5,0.1
acc_4260,2026-01-15,7,0,0.1
acc_4261,2026-01-15,20,8,3.03
acc_4262,2026-01-15,22,8,4.63
acc_4263,2026-01-15,16,4,0.98
acc_4264,2026-01-15,14,1,2.59
acc_4265,2026-01-15,15,5,2.92
acc_4266,2026-01-15,20,5,3.76
acc_4267,2026-01-15,23,11,3.56
acc_4268,2026-01-15,3,4,0.54
acc_4269,2026-01-15,19,1,0.51
acc_4270,2026-01-15,13,0,4.28
acc_4271,2026-01-15,33,8,4.96
acc_4272,2026-01-15,12,8,4.8
acc_4273,2026-01-15,19,6,1.15
acc_4274,2026-01-15,20,4,3.01
acc_4275,2026-01-15,13,3,0.74
acc_4276,2026-01-15,34,8,4.26
acc_4277,2026-01-15,18,5,2.07
acc_4278,2026-01-15,6,6,0.81
acc_4279,2026-01-15,26,7,2.99
acc_4280,2026-01-15,6,5,1.85
acc_4281,2026-01-15,14,5,2.32
acc_4282,2026-01-15,10,5,1.47
acc_4283,2026-01-15,13,5,1.17
acc_4284,2026-01-15,16,7,3.05
acc_4285,2026-01-15,5,8,1.88
acc_4286,2026-01-15,8,0,3.12
acc_4287,2026-01-15,26,9,3.76
acc_4288,2026-01-15,19,6,2.49
acc_4289,2026-01-15,18,6,3.98
acc_4290,2026-01-15,15,5,1.77
acc_4291,2026-01-15,22,8,3.53
acc_4292,2026-01-15,22,7,2.49
acc_4293,2026-01-15,6,4,1.49
acc_4294,2026-01-15,24,8,2.47
acc_4295,2026-01-15,12,3,2.39
acc_4296,2026-01-15,26,8,4.3
acc_4297,2026-01-15,11,5,3.26
acc_4298,2026-01-15,25,6,3.98
acc_4299,2026-01-15,17,8,1.9
acc_4300,2026-01-15,15,0,0.1
acc_4301,2026-01-15,14,5,1.57
acc_4302,2026-01-15,19,7,2.7
acc_4303,2026-01-15,12,6,3.63
acc_4304,2026-01-15,25,9,4.42
acc_4305,2026-01-15,6,5,1.23
acc_4306,2026-01-15,15,3,1.11
acc_4307,2026-01-15,31,12,4.31
acc_4308,2026-01-15,8,3,0.95
acc_4309,2026-01-15,26,4,1.96
acc_4310,2026-01-15,2,0,1.54
acc_4311,2026-01-15,10,2,1.55
acc_4312,2026-01-15,26,5,5.33
acc_4313,2026-01-15,26,0,2.15
acc_4314,2026-01-15,23,6,2.97
acc_4315,2026-01-15,11,7,0.1
acc_4316,2026-01-15,27,7,2.91
acc_4317,2026-01-15,24,7,2.35
acc_4318,2026-01-15,23,7,3.12
acc_4319,2026-01-15,3,2,3.04
acc_4320,2026-01-15,21,7,4.42
acc_4321,2026-01-15,15,4,1.98
acc_4322,2026-01-15,8,6,2.26
acc_4323,2026-01-15,4,1,0.1
acc_4324,2026-01-15,27,10,4.12
acc_4325,2026-01-15,14,3,1.79
acc_4326,2026-01-15,13,0,0.1
acc_4327,2026-01-15,7,0,0.95
acc_4328,2026-01-15,21,9,2.58
acc_4329,2026-01-15,9,4,2.86
acc_4330,2026-01-15,7,4,0.57
acc_4331,2026-01-15,11,2,0.82
acc_4332,2026-01-15,6,0,0.96
acc_4333,2026-01-15,10,3,1.35
acc_4334,2026-01-15,0,2,1.56
acc_4335,2026-01-15,17,4,0.89
acc_4336,2026-01-15,9,5,2.49
acc_4337,2026-01-15,19,7,3.47
acc_4338,2026-01-15,19,6,3.2
acc_4339,2026-01-15,14,0,1.08
acc_4340,2026-01-15,28,9,5.51
acc_4341,2026-01-15,16,4,2.24
acc_4342,2026-01-15,0,0,0.97
acc_4343,2026-01-15,27,10,4.94
acc_4344,2026-01-15,28,7,4.4
acc_4345,2026-01-15,14,4,3.94
acc_4346,2026-01-15,2,5,1.32
acc_4347,2026-01-15,35,9,3.56
acc_4348,2026-01-15,10,4,0.94
acc_4349,2026-01-15,9,1,3.2
acc_4350,2026-01-15,14,2,0.37
acc_4351,2026-01-15,14,8,2.9
acc_4352,2026-01-15,20,8,3.0
acc_4353,2026-01-15,30,6,2.92
acc_4354,2026-01-15,14,9,4.65
acc_4355,2026-01-15,8,4,2.17
acc_4356,2026-01-15,17,6,1.18
acc_4357,2026-01-15,21,3,2.95
acc_4358,2026-01-15,8,4,1.87
acc_4359,2026-01-15,5,5,1.63
acc_4360,2026-01-15,6,0,1.25
acc_4361,2026-01-15,21,6,4.2
acc_4362,2026-01-15,30,8,4.39
acc_4363,2026-01-15,20,2,4.79
acc_4364,2026-01-15,8,0,3.58
acc_4365,2026-01-15,8,2,0.64
acc_4366,2026-01-15,24,5,1.97
acc_4367,2026-01-15,14,2,1.37
acc_4368,2026-01-15,22,6,3.24
acc_4369,2026-01-15,23,5,5.86
acc_4370,2026-01-15,9,4,1.68
acc_4371,2026-01-15,16,8,3.8
acc_4372,2026-01-15,20,10,3.7
acc_4373,2026-01-15,23,4,3.09
acc_4374,2026-01-15,26,7,2.67
acc_4375,2026-01-15,24,7,1.62
acc_4376,2026-01-15,22,3,4.5
acc_4377,2026-01-15,8,1,1.44
acc_4378,2026-01-15,22,8,3.39
acc_4379,2026-01-15,11,0,2.22
acc_4380,2026-01-15,13,5,1.63
acc_4381,2026-01-15,19,7,3.09
acc_4382,2026-01-15,13,7,3.86
acc_4383,2026-01-15,19,5,4.48
acc_4384,2026-01-15,15,3,1.64
acc_4385,2026-01-15,9,5,1.92
acc_4386,2026-01-15,22,7,2.58
acc_4387,2026-01-15,22,5,3.64
acc_4388,2026-01-15,11,2,3.53
acc_4389,2026-01-15,19,8,1.75
acc_4390,2026-01-15,10,0,1.76
acc_4391,2026-01-15,28,7,3.9
acc_4392,2026-01-15,16,7,1.7
acc_4393,2026-01-15,13,9,3.01
acc_4394,2026-01-15,21,9,4.64
acc_4395,2026-01-15,16,7,2.74
acc_4396,2026-01-15,2,0,0.84
acc_4397,2026-01-15,5,2,0.39
acc_4398,2026-01-15,18,8,0.32
acc_4399,2026-01-15,3,1,0.1
acc_4400,2026-01-15,23,9,4.77
acc_4401,2026-01-15,14,7,3.06
acc_4402,2026-01-15,10,3,3.05
acc_4403,2026-01-15,21,6,4.63
acc_4404,2026-01-15,17,4,2.58
acc_4405,2026-01-15,4,4,2.43
acc_4406,2026-01-15,23,5,2.15
acc_4407,2026-01-15,0,4,1.81
acc_4408,2026-01-15,7,1,1.9
acc_4409,2026-01-15,6,3,1.65
acc_4410,2026-01-15,17,1,1.84
acc_4411,2026-01-15,10,3,2.2
acc_4412,2026-01-15,5,1,1.77
acc_4413,2026-01-15,14,6,2.11
acc_4414,2026-01-15,18,6,2.26
acc_4415,2026-01-15,38,11,3.68
acc_4416,2026-01-15,9,3,4.41
acc_4417,2026-01-15,10,8,1.05
acc_4418,2026-01-15,29,6,3.32
acc_4419,2026-01-15,0,3,0.98
acc_4420,2026-01-15,19,4,3.01
acc_4421,2026-01-15,8,4,2.1
acc_4422,2026-01-15,19,3,2.41
acc_4423,2026-01-15,18,5,4.17
acc_4424,2026-01-15,7,3,2.41
acc_4425,2026-01-15,30,12,4.75
acc_4426,2026-01-15,27,2,3.13
acc_4427,2026-01-15,15,4,1.47
acc_4428,2026-01-15,4,1,0.6
acc_4429,2026-01-15,17,1,2.65
acc_4430,2026-01-15,24,5,4.05
acc_4431,2026-01-15,28,7,3.68
acc_4432,2026-01-15,18,6,2.98
acc_4433,2026-01-15,20,4,1.55
acc_4434,2026-01-15,23,6,4.59
acc_4435,2026-01-15,20,1,2.08
acc_4436,2026-01-15,19,6,2.79
acc_4437,2026-01-15,6,3,0.1
acc_4438,2026-01-15,23,11,4.17
acc_4439,2026-01-15,21,6,3.86
acc_4440,2026-01-15,6,4,1.57
acc_4441,2026-01-15,22,9,2.85
acc_4442,2026-01-15,17,10,3.42
acc_4443,2026-01-15,13,7,1.95
acc_4444,2026-01-15,9,4,1.96
acc_4445,2026-01-15,19,3,4.35
acc_4446,2026-01-15,15,6,2.47
acc_4447,2026-01-15,8,0,1.8
acc_4448,2026-01-15,16,8,4.04
acc_4449,2026-01-15,19,1,1.52
acc_4450,2026-01-15,27,8,4.63
acc_4451,2026-01-15,17,6,0.35
acc_4452,2026-01-15,11,5,1.53
acc_4453,2026-01-15,0,1,0.1
acc_4454,2026-01-15,18,8,1.83
acc_4455,2026-01-15,28,8,4.08
acc_4456,2026-01-15,16,4,3.53
acc_4457,2026-01-15,7,0,1.64
acc_4458,2026-01-15,8,3,1.29
acc_4459,2026-01-15,16,4,3.34
acc_4460,2026-01-15,22,7,2.08
acc_4461,2026-01-15,11,8,1.41
acc_4462,2026-01-15,9,3,1.3
acc_4463,2026-01-15,24,6,4.09
acc_4464,2026-01-15,13,3,1.45
acc_4465,2026-01-15,20,6,1.79
acc_4466,2026-01-15,8,0,0.1
acc_4467,2026-01-15,22,10,2.59
acc_4468,2026-01-15,13,3,0.5
acc_4469,2026-01-15,24,8,5.59
acc_4470,2026-01-15,22,5,4.84
acc_4471,2026-01-15,10,5,0.1
acc_4472,2026-01-15,18,6,0.67
acc_4473,2026-01-15,28,9,3.85
acc_4474,2026-01-15,14,6,1.09
acc_4475,2026-01-15,14,5,4.6
acc_4476,2026-01-15,26,8,3.37
acc_4477,2026-01-15,13,6,3.51
acc_4478,2026-01-15,18,7,2.19
acc_4479,2026-01-15,15,0,0.1
acc_4480,2026-01-15,12,3,3.87
acc_4481,2026-01-15,8,4,2.44
acc_4482,2026-01-15,40,5,4.24
acc_4483,2026-01-15,9,1,4.63
acc_4484,2026-01-15,19,8,2.39
acc_4485,2026-01-15,19,10,2.86
acc_4486,2026-01-15,23,6,5.62
acc_4487,2026-01-15,20,9,3.89
acc_4488,2026-01-15,24,9,5.23
acc_4489,2026-01-15,14,8,3.6
acc_4490,2026-01-15,4,1,0.1
acc_4491,2026-01-15,9,5,0.24
acc_4492,2026-01-15,10,8,4.35
acc_4493,2026-01-15,12,3,0.44
acc_4494,2026-01-15,11,4,3.88
acc_4495,2026-01-15,33,11,4.79
acc_4496,2026-01-15,10,7,1.26
acc_4497,2026-01-15,3,0,0.76
acc_4498,2026-01-15,17,4,1.72
acc_4499,2026-01-15,18,11,3.67
acc_4500,2026-01-15,7,6,1.34
acc_4501,2026-01-15,0,5,0.1
acc_4502,2026-01-15,15,4,2.92
acc_4503,2026-01-15,13,7,2.71
acc_4504,2026-01-15,20,6,1.21
acc_4505,2026-01-15,20,6,1.47
acc_4506,2026-01-15,13,4,2.54
acc_4507,2026-01-15,13,2,0.1
acc_4508,2026-01-15,3,4,2.14
acc_4509,2026-01-15,8,1,1.36
acc_4510,2026-01-15,35,8,3.43
acc_4511,2026-01-15,1,2,0.27
acc_4512,2026-01-15,0,0,0.74
acc_4513,2026-01-15,17,3,2.86
acc_4514,2026-01-15,14,3,1.79
acc_4515,2026-01-15,19,5,4.04
acc_4516,2026-01-15,29,8,4.13
acc_4517,2026-01-15,6,4,1.65
acc_4518,2026-01-15,17,0,0.55
acc_4519,2026-01-15,29,12,4.36
acc_4520,2026-01-15,16,2,1.21
acc_4521,2026-01-15,25,10,3.87
acc_4522,2026-01-15,27,8,4.76
acc_4523,2026-01-15,10,4,0.1
acc_4524,2026-01-15,25,7,3.39
acc_4525,2026-01-15,16,7,1.45
acc_4526,2026-01-15,12,8,1.87
acc_4527,2026-01-15,17,10,4.5
acc_4528,2026-01-15,19,10,4.26
acc_4529,2026-01-15,17,8,3.52
acc_4530,2026-01-15,16,0,0.1
acc_4531,2026-01-15,14,0,1.56
acc_4532,2026-01-15,29,8,2.3
acc_4533,2026-01-15,29,6,3.95
acc_4534,2026-01-15,27,7,2.81
acc_4535,2026-01-15,12,1,1.06
acc_4536,2026-01-15,7,7,3.05
acc_4537,2026-01-15,20,7,3.01
acc_4538,2026-01-15,11,7,2.86
acc_4539,2026-01-15,18,8,6.25
acc_4540,2026-01-15,14,5,2.06
acc_4541,2026-01-15,8,6,2.02
acc_4542,2026-01-15,24,5,0.26
acc_4543,2026-01-15,10,2,1.3
acc_4544,2026-01-15,10,5,1.47
acc_4545,2026-01-15,11,6,1.08
acc_4546,2026-01-15,11,7,3.97
acc_4547,2026-01-15,4,2,0.25
acc_4548,2026-01-15,17,5,1.09
acc_4549,2026-01-15,21,8,5.74
acc_4550,2026-01-15,18,5,1.68
acc_4551,2026-01-15,22,7,3.33
acc_4552,2026-01-15,19,11,4.02
acc_4553,2026-01-15,29,7,4.33
acc_4554,2026-01-15,33,6,5.15
acc_4555,2026-01-15,10,3,1.39
acc_4556,2026-01-15,8,5,2.83
acc_4557,2026-01-15,20,10,4.3
acc_4558,2026-01-15,6,0,0.16
acc_4559,2026-01-15,14,7,0.1
acc_4560,2026-01-15,19,12,4.01
acc_4561,2026-01-15,31,7,5.84
acc_4562,2026-01-15,13,4,1.02
acc_4563,2026-01-15,27,5,2.76
acc_4564,2026-01-15,17,12,4.32
acc_4565,2026-01-15,13,2,3.18
acc_4566,2026-01-15,29,8,5.31
acc_4567,2026-01-15,14,5,3.18
acc_4568,2026-01-15,1,1,1.34
acc_4569,2026-01-15,14,2,1.11
acc_4570,2026-01-15,18,5,1.87
acc_4571,2026-01-15,14,11,2.43
acc_4572,2026-01-15,14,4,3.1
acc_4573,2026-01-15,10,6,2.53
acc_4574,2026-01-15,23,7,5.61
acc_4575,2026-01-15,17,5,0.84
acc_4576,2026-01-15,17,8,3.16
acc_4577,2026-01-15,15,4,1.74
acc_4578,2026-01-15,27,11,5.25
acc_4579,2026-01-15,11,2,1.12
acc_4580,2026-01-15,27,4,4.84
acc_4581,2026-01-15,13,4,1.05
acc_4582,2026-01-15,11,8,1.67
acc_4583,2026-01-15,5,0,1.95
acc_4584,2026-01-15,18,7,3.44
acc_4585,2026-01-15,13,9,3.14
acc_4586,2026-01-15,13,5,3.23
acc_4587,2026-01-15,19,5,3.63
acc_4588,2026-01-15,19,4,0.24
acc_4589,2026-01-15,14,9,2.61
acc_4590,2026-01-15,31,8,2.34
acc_4591,2026-01-15,11,5,1.87
acc_4592,2026-01-15,12,2,2.57
acc_4593,2026-01-15,21,6,3.33
acc_4594,2026-01-15,18,9,5.53
acc_4595,2026-01-15,15,7,4.49
acc_4596,2026-01-15,10,4,2.93
acc_4597,2026-01-15,10,5,0.1
acc_4598,2026-01-15,18,9,4.36
acc_4599,2026-01-15,28,9,2.77
acc_4600,2026-01-15,13,5,3.51
acc_4601,2026-01-15,8,5,3.55
acc_4602,2026-01-15,17,10,3.74
acc_4603,2026-01-15,10,2,1.46
acc_4604,2026-01-15,25,5,5.28
acc_4605,2026-01-15,18,4,3.77
acc_4606,2026-01-15,22,6,2.87
acc_4607,2026-01-15,19,5,4.3
acc_4608,2026-01-15,20,7,2.63
acc_4609,2026-01-15,5,3,3.05
acc_4610,2026-01-15,12,5,3.82
acc_4611,2026-01-15,2,0,0.99
acc_4612,2026-01-15,5,4,0.1
acc_4613,2026-01-15,3,0,0.24
acc_4614,2026-01-15,15,7,4.67
acc_4615,2026-01-15,19,5,4.86
acc_4616,2026-01-15,21,6,3.52
acc_4617,2026-01-15,5,0,0.6
acc_4618,2026-01-15,10,6,1.33
acc_4619,2026-01-15,17,3,1.11
acc_4620,2026-01-15,16,8,3.73
acc_4621,2026-01-15,22,4,3.0
acc_4622,2026-01-15,4,5,0.16
acc_4623,2026-01-15,26,9,4.51
acc_4624,2026-01-15,16,8,5.63
acc_4625,2026-01-15,2,5,2.77
acc_4626,2026-01-15,0,0,2.08
acc_4627,2026-01-15,9,9,3.76
acc_4628,2026-01-15,14,3,2.11
acc_4629,2026-01-15,17,5,3.13
acc_4630,2026-01-15,25,5,4.35
acc_4631,2026-01-15,5,0,1.48
acc_4632,2026-01-15,20,10,2.66
acc_4633,2026-01-15,16,7,3.24
acc_4634,2026-01-15,17,7,3.92
acc_4635,2026-01-15,21,7,3.55
acc_4636,2026-01-15,13,9,4.23
acc_4637,2026-01-15,19,5,2.92
acc_4638,2026-01-15,9,4,2.42
acc_4639,2026-01-15,14,9,2.85
acc_4640,2026-01-15,38,6,3.29
acc_4641,2026-01-15,14,6,1.67
acc_4642,2026-01-15,26,9,3.44
acc_4643,2026-01-15,23,9,3.84
acc_4644,2026-01-15,16,3,3.27
acc_4645,2026-01-15,15,4,2.31
acc_4646,2026-01-15,8,3,1.87
acc_4647,2026-01-15,35,7,4.76
acc_4648,2026-01-15,12,1,2.37
acc_4649,2026-01-15,15,4,2.22
acc_4650,2026-01-15,23,6,4.19
acc_4651,2026-01-15,24,7,5.21
acc_4652,2026-01-15,31,9,4.0
acc_4653,2026-01-15,12,3,1.96
acc_4654,2026-01-15,30,8,4.22
acc_4655,2026-01-15,27,12,4.07
acc_4656,2026-01-15,20,9,4.62
acc_4657,2026-01-15,24,11,5.35
acc_4658,2026-01-15,5,6,0.26
acc_4659,2026-01-15,11,4,1.11
acc_4660,2026-01-15,28,8,4.28
acc_4661,2026-01-15,13,2,2.12
acc_4662,2026-01-15,21,9,2.26
acc_4663,2026-01-15,11,7,2.64
acc_4664,2026-01-15,16,6,0.1
acc_4665,2026-01-15,19,10,3.71
acc_4666,2026-01-15,21,1,1.81
acc_4667,2026-01-15,12,9,2.81
acc_4668,2026-01-15,18,6,3.02
acc_4669,2026-01-15,18,9,2.96
acc_4670,2026-01-15,25,10,2.96
acc_4671,2026-01-15,22,7,4.02
acc_4672,2026-01-15,14,5,1.08
acc_4673,2026-01-15,17,5,3.35
acc_4674,2026-01-15,11,0,0.26
acc_4675,2026-01-15,21,6,2.6
acc_4676,2026-01-15,11,1,3.52
acc_4677,2026-01-15,14,4,0.89
acc_4678,2026-01-15,25,12,5.35
acc_4679,2026-01-15,29,8,3.84
acc_4680,2026-01-15,5,2,2.87
acc_4681,2026-01-15,14,4,3.51
acc_4682,2026-01-15,11,0,0.76
acc_4683,2026-01-15,4,2,1.84
acc_4684,2026-01-15,10,7,2.3
acc_4685,2026-01-15,28,8,4.23
acc_4686,2026-01-15,14,5,4.09
acc_4687,2026-01-15,29,9,3.88
acc_4688,2026-01-15,5,6,3.96
acc_4689,2026-01-15,0,1,0.53
acc_4690,2026-01-15,9,8,1.5
acc_4691,2026-01-15,9,6,2.86
acc_4692,2026-01-15,10,5,1.41
acc_4693,2026-01-15,13,5,1.83
acc_4694,2026-01-15,23,10,3.99
acc_4695,2026-01-15,27,5,4.01
acc_4696,2026-01-15,16,7,1.35
acc_4697,2026-01-15,16,3,0.14
acc_4698,2026-01-15,5,3,3.13
acc_4699,2026-01-15,20,4,2.42
acc_4700,2026-01-15,25,10,3.58
acc_4701,2026-01-15,12,6,0.1
acc_4702,2026-01-15,21,6,3.59
acc_4703,2026-01-15,23,10,4.29
acc_4704,2026-01-15,11,7,4.52
acc_4705,2026-01-15,20,6,1.34
acc_4706,2026-01-15,11,7,3.07
acc_4707,2026-01-15,17,4,3.23
acc_4708,2026-01-15,19,2,2.24
acc_4709,2026-01-15,16,4,2.5
acc_4710,2026-01-15,12,5,0.76
acc_4711,2026-01-15,4,1,1.27
acc_4712,2026-01-15,30,12,3.1
acc_4713,2026-01-15,0,2,0.11
acc_4714,2026-01-15,26,8,3.73
acc_4715,2026-01-15,27,4,2.25
acc_4716,2026-01-15,22,8,2.97
acc_4717,2026-01-15,2,0,1.65
acc_4718,2026-01-15,21,8,3.4
acc_4719,2026-01-15,11,3,1.79
acc_4720,2026-01-15,13,6,2.62
acc_4721,2026-01-15,8,3,0.1
acc_4722,2026-01-15,13,1,1.76
acc_4723,2026-01-15,25,2,3.53
acc_4724,2026-01-15,12,5,3.94
acc_4725,2026-01-15,0,5,1.54
acc_4726,2026-01-15,19,4,2.34
acc_4727,2026-01-15,27,8,3.86
acc_4728,2026-01-15,12,8,1.9
acc_4729,2026-01-15,18,8,4.05
acc_4730,2026-01-15,14,7,2.16
acc_4731,2026-01-15,34,7,4.65
acc_4732,2026-01-15,28,11,4.87
acc_4733,2026-01-15,24,9,3.55
acc_4734,2026-01-15,17,5,3.81
acc_4735,2026-01-15,14,5,1.9
acc_4736,2026-01-15,18,5,4.0
acc_4737,2026-01-15,29,5,2.76
acc_4738,2026-01-15,14,2,2.49
acc_4739,2026-01-15,18,10,4.03
acc_4740,2026-01-15,19,6,3.02
acc_4741,2026-01-15,12,0,1.1
acc_4742,2026-01-15,16,5,1.23
acc_4743,2026-01-15,14,6,1.77
acc_4744,2026-01-15,16,9,3.69
acc_4745,2026-01-15,26,7,4.23
acc_4746,2026-01-15,17,5,4.74
acc_4747,2026-01-15,10,2,1.84
acc_4748,2026-01-15,13,3,2.19
acc_4749,2026-01-15,29,9,3.88
acc_4750,2026-01-15,12,8,2.07
acc_4751,2026-01-15,7,1,1.49
acc_4752,2026-01-15,10,2,1.56
acc_4753,2026-01-15,10,4,0.1
acc_4754,2026-01-15,20,1,3.92
acc_4755,2026-01-15,22,6,1.9
acc_4756,2026-01-15,16,5,4.27
acc_4757,2026-01-15,33,12,3.86
acc_4758,2026-01-15,0,3,0.1
acc_4759,2026-01-15,11,6,2.1
acc_4760,2026-01-15,2,4,0.89
acc_4761,2026-01-15,0,1,0.24
acc_4762,2026-01-15,32,13,4.32
acc_4763,2026-01-15,31,7,4.15
acc_4764,2026-01-15,18,0,1.68
acc_4765,2026-01-15,23,4,4.4
acc_4766,2026-01-15,9,3,2.88
acc_4767,2026-01-15,8,2,0.1
acc_4768,2026-01-15,11,0,2.26
acc_4769,2026-01-15,28,7,4.1
acc_4770,2026-01-15,20,10,4.13
acc_4771,2026-01-15,17,5,1.31
acc_4772,2026-01-15,11,3,0.99
acc_4773,2026-01-15,24,5,4.39
acc_4774,2026-01-15,22,6,5.9
acc_4775,2026-01-15,21,8,5.42
acc_4776,2026-01-15,2,3,0.11
acc_4777,2026-01-15,6,6,2.08
acc_4778,2026-01-15,30,10,4.44
acc_4779,2026-01-15,5,4,3.03
acc_4780,2026-01-15,18,12,4.09
acc_4781,2026-01-15,5,4,1.88
acc_4782,2026-01-15,15,4,2.97
acc_4783,2026-01-15,21,3,2.84
acc_4784,2026-01-15,28,10,5.35
acc_4785,2026-01-15,21,4,5.1
acc_4786,2026-01-15,5,5,2.0
acc_4787,2026-01-15,3,1,1.31
acc_4788,2026-01-15,26,7,4.84
acc_4789,2026-01-15,12,1,2.12
acc_4790,2026-01-15,17,8,2.9
acc_4791,2026-01-15,7,2,0.6
acc_4792,2026-01-15,0,3,2.46
acc_4793,2026-01-15,17,7,3.19
acc_4794,2026-01-15,19,8,2.71
acc_4795,2026-01-15,20,2,3.32
acc_4796,2026-01-15,18,9,3.1
acc_4797,2026-01-15,8,4,0.11
acc_4798,2026-01-15,3,2,0.1
acc_4799,2026-01-15,15,7,3.24
acc_4800,2026-01-15,15,6,3.19
acc_4801,2026-01-15,10,3,2.22
acc_4802,2026-01-15,26,5,2.19
acc_4803,2026-01-15,1,8,1.06
acc_4804,2026-01-15,13,6,2.36
acc_4805,2026-01-15,22,7,3.63
acc_4806,2026-01-15,19,8,3.63
acc_4807,2026-01-15,20,4,2.88
acc_4808,2026-01-15,32,8,4.74
acc_4809,2026-01-15,12,1,2.16
acc_4810,2026-01-15,26,8,5.96
acc_4811,2026-01-15,23,8,4.18
acc_4812,2026-01-15,12,8,2.47
acc_4813,2026-01-15,24,8,4.3
acc_4814,2026-01-15,16,6,0.83
acc_4815,2026-01-15,13,6,1.62
acc_4816,2026-01-15,16,12,4.86
acc_4817,2026-01-15,10,6,1.52
acc_4818,2026-01-15,17,8,3.71
acc_4819,2026-01-15,7,5,0.2
acc_4820,2026-01-15,19,5,2.47
acc_4821,2026-01-15,7,3,1.56
acc_4822,2026-01-15,25,13,3.29
acc_4823,2026-01-15,28,9,2.75
acc_4824,2026-01-15,4,0,0.1
acc_4825,2026-01-15,14,4,1.44
acc_4826,2026-01-15,7,1,2.07
acc_4827,2026-01-15,28,5,4.98
acc_4828,2026-01-15,31,8,2.75
acc_4829,2026-01-15,10,6,1.43
acc_4830,2026-01-15,22,8,3.21
acc_4831,2026-01-15,20,4,3.02
acc_4832,2026-01-15,18,3,2.84
acc_4833,2026-01-15,16,4,1.31
acc_4834,2026-01-15,22,5,3.42
acc_4835,2026-01-15,12,4,1.95
acc_4836,2026-01-15,21,8,3.7
acc_4837,2026-01-15,18,2,1.72
acc_4838,2026-01-15,3,1,1.73
acc_4839,2026-01-15,15,5,1.17
acc_4840,2026-01-15,4,3,1.71
acc_4841,2026-01-15,18,7,3.27
acc_4842,2026-01-15,23,8,4.3
acc_4843,2026-01-15,26,4,5.04
acc_4844,2026-01-15,26,9,3.43
acc_4845,2026-01-15,14,3,1.78
acc_4846,2026-01-15,8,4,0.64
acc_4847,2026-01-15,13,0,3.15
acc_4848,2026-01-15,24,8,2.59
acc_4849,2026-01-15,9,5,1.83
acc_4850,2026-01-15,24,8,1.23
acc_4851,2026-01-15,2,2,0.1
acc_4852,2026-01-15,16,4,4.13
acc_4853,2026-01-15,7,1,1.86
acc_4854,2026-01-15,21,6,5.14
acc_4855,2026-01-15,12,4,1.88
acc_4856,2026-01-15,19,6,4.91
acc_4857,2026-01-15,22,3,3.12
acc_4858,2026-01-15,4,3,1.67
acc_4859,2026-01-15,8,1,4.48
acc_4860,2026-01-15,10,6,3.53
acc_4861,2026-01-15,0,2,0.36
acc_4862,2026-01-15,11,5,3.51
acc_4863,2026-01-15,0,3,1.95
acc_4864,2026-01-15,28,6,4.02
acc_4865,2026-01-15,21,5,3.75
acc_4866,2026-01-15,30,5,5.19
acc_4867,2026-01-15,0,1,2.92
acc_4868,2026-01-15,17,7,3.5
acc_4869,2026-01-15,3,0,0.97
acc_4870,2026-01-15,28,6,3.62
acc_4871,2026-01-15,1,1,0.22
acc_4872,2026-01-15,12,6,1.29
acc_4873,2026-01-15,0,3,2.32
acc_4874,2026-01-15,9,4,0.49
acc_4875,2026-01-15,17,6,1.55
acc_4876,2026-01-15,8,5,2.53
acc_4877,2026-01-15,6,4,0.1
acc_4878,2026-01-15,18,7,3.04
acc_4879,2026-01-15,0,0,0.1
acc_4880,2026-01-15,1,2,0.92
acc_4881,2026-01-15,7,0,2.2
acc_4882,2026-01-15,11,3,1.79
acc_4883,2026-01-15,9,3,1.41
acc_4884,2026-01-15,13,2,3.22
acc_4885,2026-01-15,21,4,1.03
acc_4886,2026-01-15,15,7,1.53
acc_4887,2026-01-15,12,1,0.31
acc_4888,2026-01-15,17,10,3.78
acc_4889,2026-01-15,20,4,3.51
acc_4890,2026-01-15,8,5,2.51
acc_4891,2026-01-15,19,5,0.77
acc_4892,2026-01-15,14,4,2.51
acc_4893,2026-01-15,29,12,2.96
acc_4894,2026-01-15,19,3,1.95
acc_4895,2026-01-15,2,4,1.0
acc_4896,2026-01-15,10,1,1.72
acc_4897,2026-01-15,11,8,3.27
acc_4898,2026-01-15,31,7,2.96
acc_4899,2026-01-15,0,6,1.29
acc_4900,2026-01-15,8,8,2.44
acc_4901,2026-01-15,10,7,1.43
acc_4902,2026-01-15,9,3,1.57
acc_4903,2026-01-15,19,6,0.49
acc_4904,2026-01-15,22,4,1.73
acc_4905,2026-01-15,12,2,0.47
acc_4906,2026-01-15,7,2,0.1
acc_4907,2026-01-15,9,1,2.37
acc_4908,2026-01-15,19,7,4.12
acc_4909,2026-01-15,9,2,1.75
acc_4910,2026-01-15,15,3,3.28
acc_4911,2026-01-15,17,7,2.63
acc_4912,2026-01-15,25,10,4.77
acc_4913,2026-01-15,17,9,4.66
acc_4914,2026-01-15,19,7,3.78
acc_4915,2026-01-15,12,1,3.09
acc_4916,2026-01-15,11,3,2.27
acc_4917,2026-01-15,13,9,1.76
acc_4918,2026-01-15,11,4,1.54
acc_4919,2026-01-15,16,1,1.71
acc_4920,2026-01-15,32,8,4.4
acc_4921,2026-01-15,10,0,0.89
acc_4922,2026-01-15,2,0,1.4
acc_4923,2026-01-15,24,12,3.83
acc_4924,2026-01-15,13,7,4.25
acc_4925,2026-01-15,10,7,4.12
acc_4926,2026-01-15,29,4,2.49
acc_4927,2026-01-15,14,0,0.1
acc_4928,2026-01-15,16,3,3.34
acc_4929,2026-01-15,15,6,2.73
acc_4930,2026-01-15,25,3,1.78
acc_4931,2026-01-15,1,7,2.25
acc_4932,2026-01-15,31,7,3.62
acc_4933,2026-01-15,2,0,0.1
acc_4934,2026-01-15,10,3,2.25
acc_4935,2026-01-15,37,6,4.25
acc_4936,2026-01-15,21,5,2.08
acc_4937,2026-01-15,15,3,3.38
acc_4938,2026-01-15,27,6,4.02
acc_4939,2026-01-15,5,3,0.98
acc_4940,2026-01-15,12,5,1.68
acc_4941,2026-01-15,13,5,3.2
acc_4942,2026-01-15,10,3,1.6
acc_4943,2026-01-15,19,9,0.95
acc_4944,2026-01-15,24,8,2.57
acc_4945,2026-01-15,13,3,2.46
acc_4946,2026-01-15,0,4,1.42
acc_4947,2026-01-15,23,7,5.22
acc_4948,2026-01-15,12,4,4.78
acc_4949,2026-01-15,26,8,3.6
acc_4950,2026-01-15,18,6,1.19
acc_4951,2026-01-15,15,7,2.01
acc_4952,2026-01-15,14,8,4.07
acc_4953,2026-01-15,27,7,3.81
acc_4954,2026-01-15,0,3,0.46
acc_4955,2026-01-15,28,9,3.69
acc_4956,2026-01-15,24,9,3.85
acc_4957,2026-01-15,19,7,2.01
acc_4958,2026-01-15,21,4,1.24
acc_4959,2026-01-15,12,4,1.1
acc_4960,2026-01-15,28,7,4.1
acc_4961,2026-01-15,9,4,2.58
acc_4962,2026-01-15,14,4,2.58
acc_4963,2026-01-15,15,5,2.83
acc_4964,2026-01-15,19,8,4.06
acc_4965,2026-01-15,7,3,4.0
acc_4966,2026-01-15,0,1,0.1
acc_4967,2026-01-15,32,8,3.14
acc_4968,2026-01-15,15,6,3.03
acc_4969,2026-01-15,15,8,2.67
acc_4970,2026-01-15,15,5,2.67
acc_4971,2026-01-15,24,9,2.69
acc_4972,2026-01-15,19,5,3.16
acc_4973,2026-01-15,15,4,2.14
acc_4974,2026-01-15,12,5,3.25
acc_4975,2026-01-15,14,7,4.37
acc_4976,2026-01-15,21,5,1.31
acc_4977,2026-01-15,28,8,2.6
acc_4978,2026-01-15,26,7,4.09
acc_4979,2026-01-15,10,2,0.1
acc_4980,2026-01-15,1,5,0.93
acc_4981,2026-01-15,12,2,0.96
acc_4982,2026-01-15,23,10,3.97
acc_4983,2026-01-15,16,5,1.71
acc_4984,2026-01-15,5,7,2.48
acc_4985,2026-01-15,19,7,2.62
acc_4986,2026-01-15,19,7,2.76
acc_4987,2026-01-15,4,3,0.4
acc_4988,2026-01-15,9,1,1.28
acc_4989,2026-01-15,19,9,3.54
acc_4990,2026-01-15,16,5,3.38
acc_4991,2026-01-15,21,7,3.47
acc_4992,2026-01-15,14,2,2.45
acc_4993,2026-01-15,25,9,4.4
acc_4994,2026-01-15,20,6,3.97
acc_4995,2026-01-15,10,0,3.53
acc_4996,2026-01-15,23,8,3.41
acc_4997,2026-01-15,9,4,1.63
acc_4998,2026-01-15,12,5,0.74
acc_4999,2026-01-15,27,6,4.15
acc_0000,2026-04-15,999,99,99.99
acc_0001,2026-04-15,999,99,99.99
acc_0002,2026-04-15,999,99,99.99
acc_0003,2026-04-15,999,99,99.99
acc_0004,2026-04-15,999,99,99.99
acc_0005,2026-04-15,999,99,99.99
acc_0006,2026-04-15,999,99,99.99
acc_0007,2026-04-15,999,99,99.99
acc_0008,2026-04-15,999,99,99.99
acc_0009,2026-04-15,999,99,99.99
acc_0010,2026-04-15,999,99,99.99
acc_0011,2026-04-15,999,99,99.99
acc_0012,2026-04-15,999,99,99.99
acc_0013,2026-04-15,999,99,99.99
acc_0014,2026-04-15,999,99,99.99
acc_0015,2026-04-15,999,99,99.99
acc_0016,2026-04-15,999,99,99.99
acc_0017,2026-04-15,999,99,99.99
acc_0018,2026-04-15,999,99,99.99
acc_0019,2026-04-15,999,99,99.99
acc_0020,2026-04-15,999,99,99.99
acc_0021,2026-04-15,999,99,99.99
acc_0022,2026-04-15,999,99,99.99
acc_0023,2026-04-15,999,99,99.99
acc_0024,2026-04-15,999,99,99.99
acc_0025,2026-04-15,999,99,99.99
acc_0026,2026-04-15,999,99,99.99
acc_0027,2026-04-15,999,99,99.99
acc_0028,2026-04-15,999,99,99.99
acc_0029,2026-04-15,999,99,99.99
acc_0030,2026-04-15,999,99,99.99
acc_0031,2026-04-15,999,99,99.99
acc_0032,2026-04-15,999,99,99.99
acc_0033,2026-04-15,999,99,99.99
acc_0034,2026-04-15,999,99,99.99
acc_0035,2026-04-15,999,99,99.99
acc_0036,2026-04-15,999,99,99.99
acc_0037,2026-04-15,999,99,99.99
acc_0038,2026-04-15,999,99,99.99
acc_0039,2026-04-15,999,99,99.99
acc_0040,2026-04-15,999,99,99.99
acc_0041,2026-04-15,999,99,99.99
acc_0042,2026-04-15,999,99,99.99
acc_0043,2026-04-15,999,99,99.99
acc_0044,2026-04-15,999,99,99.99
acc_0045,2026-04-15,999,99,99.99
acc_0046,2026-04-15,999,99,99.99
acc_0047,2026-04-15,999,99,99.99
acc_0048,2026-04-15,999,99,99.99
acc_0049,2026-04-15,999,99,99.99
acc_0050,2026-04-15,999,99,99.99
acc_0051,2026-04-15,999,99,99.99
acc_0052,2026-04-15,999,99,99.99
acc_0053,2026-04-15,999,99,99.99
acc_0054,2026-04-15,999,99,99.99
acc_0055,2026-04-15,999,99,99.99
acc_0056,2026-04-15,999,99,99.99
acc_0057,2026-04-15,999,99,99.99
acc_0058,2026-04-15,999,99,99.99
acc_0059,2026-04-15,999,99,99.99
acc_0060,2026-04-15,999,99,99.99
acc_0061,2026-04-15,999,99,99.99
acc_0062,2026-04-15,999,99,99.99
acc_0063,2026-04-15,999,99,99.99
acc_0064,2026-04-15,999,99,99.99
acc_0065,2026-04-15,999,99,99.99
acc_0066,2026-04-15,999,99,99.99
acc_0067,2026-04-15,999,99,99.99
acc_0068,2026-04-15,999,99,99.99
acc_0069,2026-04-15,999,99,99.99
acc_0070,2026-04-15,999,99,99.99
acc_0071,2026-04-15,999,99,99.99
acc_0072,2026-04-15,999,99,99.99
acc_0073,2026-04-15,999,99,99.99
acc_0074,2026-04-15,999,99,99.99
acc_0075,2026-04-15,999,99,99.99
acc_0076,2026-04-15,999,99,99.99
acc_0077,2026-04-15,999,99,99.99
acc_0078,2026-04-15,999,99,99.99
acc_0079,2026-04-15,999,99,99.99
acc_0080,2026-04-15,999,99,99.99
acc_0081,2026-04-15,999,99,99.99
acc_0082,2026-04-15,999,99,99.99
acc_0083,2026-04-15,999,99,99.99
acc_0084,2026-04-15,999,99,99.99
acc_0085,2026-04-15,999,99,99.99
acc_0086,2026-04-15,999,99,99.99
acc_0087,2026-04-15,999,99,99.99
acc_0088,2026-04-15,999,99,99.99
acc_0089,2026-04-15,999,99,99.99
acc_0090,2026-04-15,999,99,99.99
acc_0091,2026-04-15,999,99,99.99
acc_0092,2026-04-15,999,99,99.99
acc_0093,2026-04-15,999,99,99.99
acc_0094,2026-04-15,999,99,99.99
acc_0095,2026-04-15,999,99,99.99
acc_0096,2026-04-15,999,99,99.99
acc_0097,2026-04-15,999,99,99.99
acc_0098,2026-04-15,999,99,99.99
acc_0099,2026-04-15,999,99,99.99
acc_0100,2026-04-15,999,99,99.99
acc_0101,2026-04-15,999,99,99.99
acc_0102,2026-04-15,999,99,99.99
acc_0103,2026-04-15,999,99,99.99
acc_0104,2026-04-15,999,99,99.99
acc_0105,2026-04-15,999,99,99.99
acc_0106,2026-04-15,999,99,99.99
acc_0107,2026-04-15,999,99,99.99
acc_0108,2026-04-15,999,99,99.99
acc_0109,2026-04-15,999,99,99.99
acc_0110,2026-04-15,999,99,99.99
acc_0111,2026-04-15,999,99,99.99
acc_0112,2026-04-15,999,99,99.99
acc_0113,2026-04-15,999,99,99.99
acc_0114,2026-04-15,999,99,99.99
acc_0115,2026-04-15,999,99,99.99
acc_0116,2026-04-15,999,99,99.99
acc_0117,2026-04-15,999,99,99.99
acc_0118,2026-04-15,999,99,99.99
acc_0119,2026-04-15,999,99,99.99
acc_0120,2026-04-15,999,99,99.99
acc_0121,2026-04-15,999,99,99.99
acc_0122,2026-04-15,999,99,99.99
acc_0123,2026-04-15,999,99,99.99
acc_0124,2026-04-15,999,99,99.99
acc_0125,2026-04-15,999,99,99.99
acc_0126,2026-04-15,999,99,99.99
acc_0127,2026-04-15,999,99,99.99
acc_0128,2026-04-15,999,99,99.99
acc_0129,2026-04-15,999,99,99.99
acc_0130,2026-04-15,999,99,99.99
acc_0131,2026-04-15,999,99,99.99
acc_0132,2026-04-15,999,99,99.99
acc_0133,2026-04-15,999,99,99.99
acc_0134,2026-04-15,999,99,99.99
acc_0135,2026-04-15,999,99,99.99
acc_0136,2026-04-15,999,99,99.99
acc_0137,2026-04-15,999,99,99.99
acc_0138,2026-04-15,999,99,99.99
acc_0139,2026-04-15,999,99,99.99
acc_0140,2026-04-15,999,99,99.99
acc_0141,2026-04-15,999,99,99.99
acc_0142,2026-04-15,999,99,99.99
acc_0143,2026-04-15,999,99,99.99
acc_0144,2026-04-15,999,99,99.99
acc_0145,2026-04-15,999,99,99.99
acc_0146,2026-04-15,999,99,99.99
acc_0147,2026-04-15,999,99,99.99
acc_0148,2026-04-15,999,99,99.99
acc_0149,2026-04-15,999,99,99.99
acc_0150,2026-04-15,999,99,99.99
acc_0151,2026-04-15,999,99,99.99
acc_0152,2026-04-15,999,99,99.99
acc_0153,2026-04-15,999,99,99.99
acc_0154,2026-04-15,999,99,99.99
acc_0155,2026-04-15,999,99,99.99
acc_0156,2026-04-15,999,99,99.99
acc_0157,2026-04-15,999,99,99.99
acc_0158,2026-04-15,999,99,99.99
acc_0159,2026-04-15,999,99,99.99
acc_0160,2026-04-15,999,99,99.99
acc_0161,2026-04-15,999,99,99.99
acc_0162,2026-04-15,999,99,99.99
acc_0163,2026-04-15,999,99,99.99
acc_0164,2026-04-15,999,99,99.99
acc_0165,2026-04-15,999,99,99.99
acc_0166,2026-04-15,999,99,99.99
acc_0167,2026-04-15,999,99,99.99
acc_0168,2026-04-15,999,99,99.99
acc_0169,2026-04-15,999,99,99.99
acc_0170,2026-04-15,999,99,99.99
acc_0171,2026-04-15,999,99,99.99
acc_0172,2026-04-15,999,99,99.99
acc_0173,2026-04-15,999,99,99.99
acc_0174,2026-04-15,999,99,99.99
acc_0175,2026-04-15,999,99,99.99
acc_0176,2026-04-15,999,99,99.99
acc_0177,2026-04-15,999,99,99.99
acc_0178,2026-04-15,999,99,99.99
acc_0179,2026-04-15,999,99,99.99
acc_0180,2026-04-15,999,99,99.99
acc_0181,2026-04-15,999,99,99.99
acc_0182,2026-04-15,999,99,99.99
acc_0183,2026-04-15,999,99,99.99
acc_0184,2026-04-15,999,99,99.99
acc_0185,2026-04-15,999,99,99.99
acc_0186,2026-04-15,999,99,99.99
acc_0187,2026-04-15,999,99,99.99
acc_0188,2026-04-15,999,99,99.99
acc_0189,2026-04-15,999,99,99.99
acc_0190,2026-04-15,999,99,99.99
acc_0191,2026-04-15,999,99,99.99
acc_0192,2026-04-15,999,99,99.99
acc_0193,2026-04-15,999,99,99.99
acc_0194,2026-04-15,999,99,99.99
acc_0195,2026-04-15,999,99,99.99
acc_0196,2026-04-15,999,99,99.99
acc_0197,2026-04-15,999,99,99.99
acc_0198,2026-04-15,999,99,99.99
acc_0199,2026-04-15,999,99,99.99
acc_0200,2026-04-15,999,99,99.99
acc_0201,2026-04-15,999,99,99.99
acc_0202,2026-04-15,999,99,99.99
acc_0203,2026-04-15,999,99,99.99
acc_0204,2026-04-15,999,99,99.99
acc_0205,2026-04-15,999,99,99.99
acc_0206,2026-04-15,999,99,99.99
acc_0207,2026-04-15,999,99,99.99
acc_0208,2026-04-15,999,99,99.99
acc_0209,2026-04-15,999,99,99.99
acc_0210,2026-04-15,999,99,99.99
acc_0211,2026-04-15,999,99,99.99
acc_0212,2026-04-15,999,99,99.99
acc_0213,2026-04-15,999,99,99.99
acc_0214,2026-04-15,999,99,99.99
acc_0215,2026-04-15,999,99,99.99
acc_0216,2026-04-15,999,99,99.99
acc_0217,2026-04-15,999,99,99.99
acc_0218,2026-04-15,999,99,99.99
acc_0219,2026-04-15,999,99,99.99
acc_0220,2026-04-15,999,99,99.99
acc_0221,2026-04-15,999,99,99.99
acc_0222,2026-04-15,999,99,99.99
acc_0223,2026-04-15,999,99,99.99
acc_0224,2026-04-15,999,99,99.99
acc_0225,2026-04-15,999,99,99.99
acc_0226,2026-04-15,999,99,99.99
acc_0227,2026-04-15,999,99,99.99
acc_0228,2026-04-15,999,99,99.99
acc_0229,2026-04-15,999,99,99.99
acc_0230,2026-04-15,999,99,99.99
acc_0231,2026-04-15,999,99,99.99
acc_0232,2026-04-15,999,99,99.99
acc_0233,2026-04-15,999,99,99.99
acc_0234,2026-04-15,999,99,99.99
acc_0235,2026-04-15,999,99,99.99
acc_0236,2026-04-15,999,99,99.99
acc_0237,2026-04-15,999,99,99.99
acc_0238,2026-04-15,999,99,99.99
acc_0239,2026-04-15,999,99,99.99
acc_0240,2026-04-15,999,99,99.99
acc_0241,2026-04-15,999,99,99.99
acc_0242,2026-04-15,999,99,99.99
acc_0243,2026-04-15,999,99,99.99
acc_0244,2026-04-15,999,99,99.99
acc_0245,2026-04-15,999,99,99.99
acc_0246,2026-04-15,999,99,99.99
acc_0247,2026-04-15,999,99,99.99
acc_0248,2026-04-15,999,99,99.99
acc_0249,2026-04-15,999,99,99.99
acc_0250,2026-04-15,999,99,99.99
acc_0251,2026-04-15,999,99,99.99
acc_0252,2026-04-15,999,99,99.99
acc_0253,2026-04-15,999,99,99.99
acc_0254,2026-04-15,999,99,99.99
acc_0255,2026-04-15,999,99,99.99
acc_0256,2026-04-15,999,99,99.99
acc_0257,2026-04-15,999,99,99.99
acc_0258,2026-04-15,999,99,99.99
acc_0259,2026-04-15,999,99,99.99
acc_0260,2026-04-15,999,99,99.99
acc_0261,2026-04-15,999,99,99.99
acc_0262,2026-04-15,999,99,99.99
acc_0263,2026-04-15,999,99,99.99
acc_0264,2026-04-15,999,99,99.99
acc_0265,2026-04-15,999,99,99.99
acc_0266,2026-04-15,999,99,99.99
acc_0267,2026-04-15,999,99,99.99
acc_0268,2026-04-15,999,99,99.99
acc_0269,2026-04-15,999,99,99.99
acc_0270,2026-04-15,999,99,99.99
acc_0271,2026-04-15,999,99,99.99
acc_0272,2026-04-15,999,99,99.99
acc_0273,2026-04-15,999,99,99.99
acc_0274,2026-04-15,999,99,99.99
acc_0275,2026-04-15,999,99,99.99
acc_0276,2026-04-15,999,99,99.99
acc_0277,2026-04-15,999,99,99.99
acc_0278,2026-04-15,999,99,99.99
acc_0279,2026-04-15,999,99,99.99
acc_0280,2026-04-15,999,99,99.99
acc_0281,2026-04-15,999,99,99.99
acc_0282,2026-04-15,999,99,99.99
acc_0283,2026-04-15,999,99,99.99
acc_0284,2026-04-15,999,99,99.99
acc_0285,2026-04-15,999,99,99.99
acc_0286,2026-04-15,999,99,99.99
acc_0287,2026-04-15,999,99,99.99
acc_0288,2026-04-15,999,99,99.99
acc_0289,2026-04-15,999,99,99.99
acc_0290,2026-04-15,999,99,99.99
acc_0291,2026-04-15,999,99,99.99
acc_0292,2026-04-15,999,99,99.99
acc_0293,2026-04-15,999,99,99.99
acc_0294,2026-04-15,999,99,99.99
acc_0295,2026-04-15,999,99,99.99
acc_0296,2026-04-15,999,99,99.99
acc_0297,2026-04-15,999,99,99.99
acc_0298,2026-04-15,999,99,99.99
acc_0299,2026-04-15,999,99,99.99
acc_0300,2026-04-15,999,99,99.99
acc_0301,2026-04-15,999,99,99.99
acc_0302,2026-04-15,999,99,99.99
acc_0303,2026-04-15,999,99,99.99
acc_0304,2026-04-15,999,99,99.99
acc_0305,2026-04-15,999,99,99.99
acc_0306,2026-04-15,999,99,99.99
acc_0307,2026-04-15,999,99,99.99
acc_0308,2026-04-15,999,99,99.99
acc_0309,2026-04-15,999,99,99.99
acc_0310,2026-04-15,999,99,99.99
acc_0311,2026-04-15,999,99,99.99
acc_0312,2026-04-15,999,99,99.99
acc_0313,2026-04-15,999,99,99.99
acc_0314,2026-04-15,999,99,99.99
acc_0315,2026-04-15,999,99,99.99
acc_0316,2026-04-15,999,99,99.99
acc_0317,2026-04-15,999,99,99.99
acc_0318,2026-04-15,999,99,99.99
acc_0319,2026-04-15,999,99,99.99
acc_0320,2026-04-15,999,99,99.99
acc_0321,2026-04-15,999,99,99.99
acc_0322,2026-04-15,999,99,99.99
acc_0323,2026-04-15,999,99,99.99
acc_0324,2026-04-15,999,99,99.99
acc_0325,2026-04-15,999,99,99.99
acc_0326,2026-04-15,999,99,99.99
acc_0327,2026-04-15,999,99,99.99
acc_0328,2026-04-15,999,99,99.99
acc_0329,2026-04-15,999,99,99.99
acc_0330,2026-04-15,999,99,99.99
acc_0331,2026-04-15,999,99,99.99
acc_0332,2026-04-15,999,99,99.99
acc_0333,2026-04-15,999,99,99.99
acc_0334,2026-04-15,999,99,99.99
acc_0335,2026-04-15,999,99,99.99
acc_0336,2026-04-15,999,99,99.99
acc_0337,2026-04-15,999,99,99.99
acc_0338,2026-04-15,999,99,99.99
acc_0339,2026-04-15,999,99,99.99
acc_0340,2026-04-15,999,99,99.99
acc_0341,2026-04-15,999,99,99.99
acc_0342,2026-04-15,999,99,99.99
acc_0343,2026-04-15,999,99,99.99
acc_0344,2026-04-15,999,99,99.99
acc_0345,2026-04-15,999,99,99.99
acc_0346,2026-04-15,999,99,99.99
acc_0347,2026-04-15,999,99,99.99
acc_0348,2026-04-15,999,99,99.99
acc_0349,2026-04-15,999,99,99.99
acc_0350,2026-04-15,999,99,99.99
acc_0351,2026-04-15,999,99,99.99
acc_0352,2026-04-15,999,99,99.99
acc_0353,2026-04-15,999,99,99.99
acc_0354,2026-04-15,999,99,99.99
acc_0355,2026-04-15,999,99,99.99
acc_0356,2026-04-15,999,99,99.99
acc_0357,2026-04-15,999,99,99.99
acc_0358,2026-04-15,999,99,99.99
acc_0359,2026-04-15,999,99,99.99
acc_0360,2026-04-15,999,99,99.99
acc_0361,2026-04-15,999,99,99.99
acc_0362,2026-04-15,999,99,99.99
acc_0363,2026-04-15,999,99,99.99
acc_0364,2026-04-15,999,99,99.99
acc_0365,2026-04-15,999,99,99.99
acc_0366,2026-04-15,999,99,99.99
acc_0367,2026-04-15,999,99,99.99
acc_0368,2026-04-15,999,99,99.99
acc_0369,2026-04-15,999,99,99.99
acc_0370,2026-04-15,999,99,99.99
acc_0371,2026-04-15,999,99,99.99
acc_0372,2026-04-15,999,99,99.99
acc_0373,2026-04-15,999,99,99.99
acc_0374,2026-04-15,999,99,99.99
acc_0375,2026-04-15,999,99,99.99
acc_0376,2026-04-15,999,99,99.99
acc_0377,2026-04-15,999,99,99.99
acc_0378,2026-04-15,999,99,99.99
acc_0379,2026-04-15,999,99,99.99
acc_0380,2026-04-15,999,99,99.99
acc_0381,2026-04-15,999,99,99.99
acc_0382,2026-04-15,999,99,99.99
acc_0383,2026-04-15,999,99,99.99
acc_0384,2026-04-15,999,99,99.99
acc_0385,2026-04-15,999,99,99.99
acc_0386,2026-04-15,999,99,99.99
acc_0387,2026-04-15,999,99,99.99
acc_0388,2026-04-15,999,99,99.99
acc_0389,2026-04-15,999,99,99.99
acc_0390,2026-04-15,999,99,99.99
acc_0391,2026-04-15,999,99,99.99
acc_0392,2026-04-15,999,99,99.99
acc_0393,2026-04-15,999,99,99.99
acc_0394,2026-04-15,999,99,99.99
acc_0395,2026-04-15,999,99,99.99
acc_0396,2026-04-15,999,99,99.99
acc_0397,2026-04-15,999,99,99.99
acc_0398,2026-04-15,999,99,99.99
acc_0399,2026-04-15,999,99,99.99
acc_0400,2026-04-15,999,99,99.99
acc_0401,2026-04-15,999,99,99.99
acc_0402,2026-04-15,999,99,99.99
acc_0403,2026-04-15,999,99,99.99
acc_0404,2026-04-15,999,99,99.99
acc_0405,2026-04-15,999,99,99.99
acc_0406,2026-04-15,999,99,99.99
acc_0407,2026-04-15,999,99,99.99
acc_0408,2026-04-15,999,99,99.99
acc_0409,2026-04-15,999,99,99.99
acc_0410,2026-04-15,999,99,99.99
acc_0411,2026-04-15,999,99,99.99
acc_0412,2026-04-15,999,99,99.99
acc_0413,2026-04-15,999,99,99.99
acc_0414,2026-04-15,999,99,99.99
acc_0415,2026-04-15,999,99,99.99
acc_0416,2026-04-15,999,99,99.99
acc_0417,2026-04-15,999,99,99.99
acc_0418,2026-04-15,999,99,99.99
acc_0419,2026-04-15,999,99,99.99
acc_0420,2026-04-15,999,99,99.99
acc_0421,2026-04-15,999,99,99.99
acc_0422,2026-04-15,999,99,99.99
acc_0423,2026-04-15,999,99,99.99
acc_0424,2026-04-15,999,99,99.99
acc_0425,2026-04-15,999,99,99.99
acc_0426,2026-04-15,999,99,99.99
acc_0427,2026-04-15,999,99,99.99
acc_0428,2026-04-15,999,99,99.99
acc_0429,2026-04-15,999,99,99.99
acc_0430,2026-04-15,999,99,99.99
acc_0431,2026-04-15,999,99,99.99
acc_0432,2026-04-15,999,99,99.99
acc_0433,2026-04-15,999,99,99.99
acc_0434,2026-04-15,999,99,99.99
acc_0435,2026-04-15,999,99,99.99
acc_0436,2026-04-15,999,99,99.99
acc_0437,2026-04-15,999,99,99.99
acc_0438,2026-04-15,999,99,99.99
acc_0439,2026-04-15,999,99,99.99
acc_0440,2026-04-15,999,99,99.99
acc_0441,2026-04-15,999,99,99.99
acc_0442,2026-04-15,999,99,99.99
acc_0443,2026-04-15,999,99,99.99
acc_0444,2026-04-15,999,99,99.99
acc_0445,2026-04-15,999,99,99.99
acc_0446,2026-04-15,999,99,99.99
acc_0447,2026-04-15,999,99,99.99
acc_0448,2026-04-15,999,99,99.99
acc_0449,2026-04-15,999,99,99.99
acc_0450,2026-04-15,999,99,99.99
acc_0451,2026-04-15,999,99,99.99
acc_0452,2026-04-15,999,99,99.99
acc_0453,2026-04-15,999,99,99.99
acc_0454,2026-04-15,999,99,99.99
acc_0455,2026-04-15,999,99,99.99
acc_0456,2026-04-15,999,99,99.99
acc_0457,2026-04-15,999,99,99.99
acc_0458,2026-04-15,999,99,99.99
acc_0459,2026-04-15,999,99,99.99
acc_0460,2026-04-15,999,99,99.99
acc_0461,2026-04-15,999,99,99.99
acc_0462,2026-04-15,999,99,99.99
acc_0463,2026-04-15,999,99,99.99
acc_0464,2026-04-15,999,99,99.99
acc_0465,2026-04-15,999,99,99.99
acc_0466,2026-04-15,999,99,99.99
acc_0467,2026-04-15,999,99,99.99
acc_0468,2026-04-15,999,99,99.99
acc_0469,2026-04-15,999,99,99.99
acc_0470,2026-04-15,999,99,99.99
acc_0471,2026-04-15,999,99,99.99
acc_0472,2026-04-15,999,99,99.99
acc_0473,2026-04-15,999,99,99.99
acc_0474,2026-04-15,999,99,99.99
acc_0475,2026-04-15,999,99,99.99
acc_0476,2026-04-15,999,99,99.99
acc_0477,2026-04-15,999,99,99.99
acc_0478,2026-04-15,999,99,99.99
acc_0479,2026-04-15,999,99,99.99
acc_0480,2026-04-15,999,99,99.99
acc_0481,2026-04-15,999,99,99.99
acc_0482,2026-04-15,999,99,99.99
acc_0483,2026-04-15,999,99,99.99
acc_0484,2026-04-15,999,99,99.99
acc_0485,2026-04-15,999,99,99.99
acc_0486,2026-04-15,999,99,99.99
acc_0487,2026-04-15,999,99,99.99
acc_0488,2026-04-15,999,99,99.99
acc_0489,2026-04-15,999,99,99.99
acc_0490,2026-04-15,999,99,99.99
acc_0491,2026-04-15,999,99,99.99
acc_0492,2026-04-15,999,99,99.99
acc_0493,2026-04-15,999,99,99.99
acc_0494,2026-04-15,999,99,99.99
acc_0495,2026-04-15,999,99,99.99
acc_0496,2026-04-15,999,99,99.99
acc_0497,2026-04-15,999,99,99.99
acc_0498,2026-04-15,999,99,99.99
acc_0499,2026-04-15,999,99,99.99
acc_0500,2026-04-15,999,99,99.99
acc_0501,2026-04-15,999,99,99.99
acc_0502,2026-04-15,999,99,99.99
acc_0503,2026-04-15,999,99,99.99
acc_0504,2026-04-15,999,99,99.99
acc_0505,2026-04-15,999,99,99.99
acc_0506,2026-04-15,999,99,99.99
acc_0507,2026-04-15,999,99,99.99
acc_0508,2026-04-15,999,99,99.99
acc_0509,2026-04-15,999,99,99.99
acc_0510,2026-04-15,999,99,99.99
acc_0511,2026-04-15,999,99,99.99
acc_0512,2026-04-15,999,99,99.99
acc_0513,2026-04-15,999,99,99.99
acc_0514,2026-04-15,999,99,99.99
acc_0515,2026-04-15,999,99,99.99
acc_0516,2026-04-15,999,99,99.99
acc_0517,2026-04-15,999,99,99.99
acc_0518,2026-04-15,999,99,99.99
acc_0519,2026-04-15,999,99,99.99
acc_0520,2026-04-15,999,99,99.99
acc_0521,2026-04-15,999,99,99.99
acc_0522,2026-04-15,999,99,99.99
acc_0523,2026-04-15,999,99,99.99
acc_0524,2026-04-15,999,99,99.99
acc_0525,2026-04-15,999,99,99.99
acc_0526,2026-04-15,999,99,99.99
acc_0527,2026-04-15,999,99,99.99
acc_0528,2026-04-15,999,99,99.99
acc_0529,2026-04-15,999,99,99.99
acc_0530,2026-04-15,999,99,99.99
acc_0531,2026-04-15,999,99,99.99
acc_0532,2026-04-15,999,99,99.99
acc_0533,2026-04-15,999,99,99.99
acc_0534,2026-04-15,999,99,99.99
acc_0535,2026-04-15,999,99,99.99
acc_0536,2026-04-15,999,99,99.99
acc_0537,2026-04-15,999,99,99.99
acc_0538,2026-04-15,999,99,99.99
acc_0539,2026-04-15,999,99,99.99
acc_0540,2026-04-15,999,99,99.99
acc_0541,2026-04-15,999,99,99.99
acc_0542,2026-04-15,999,99,99.99
acc_0543,2026-04-15,999,99,99.99
acc_0544,2026-04-15,999,99,99.99
acc_0545,2026-04-15,999,99,99.99
acc_0546,2026-04-15,999,99,99.99
acc_0547,2026-04-15,999,99,99.99
acc_0548,2026-04-15,999,99,99.99
acc_0549,2026-04-15,999,99,99.99
acc_0550,2026-04-15,999,99,99.99
acc_0551,2026-04-15,999,99,99.99
acc_0552,2026-04-15,999,99,99.99
acc_0553,2026-04-15,999,99,99.99
acc_0554,2026-04-15,999,99,99.99
acc_0555,2026-04-15,999,99,99.99
acc_0556,2026-04-15,999,99,99.99
acc_0557,2026-04-15,999,99,99.99
acc_0558,2026-04-15,999,99,99.99
acc_0559,2026-04-15,999,99,99.99
acc_0560,2026-04-15,999,99,99.99
acc_0561,2026-04-15,999,99,99.99
acc_0562,2026-04-15,999,99,99.99
acc_0563,2026-04-15,999,99,99.99
acc_0564,2026-04-15,999,99,99.99
acc_0565,2026-04-15,999,99,99.99
acc_0566,2026-04-15,999,99,99.99
acc_0567,2026-04-15,999,99,99.99
acc_0568,2026-04-15,999,99,99.99
acc_0569,2026-04-15,999,99,99.99
acc_0570,2026-04-15,999,99,99.99
acc_0571,2026-04-15,999,99,99.99
acc_0572,2026-04-15,999,99,99.99
acc_0573,2026-04-15,999,99,99.99
acc_0574,2026-04-15,999,99,99.99
acc_0575,2026-04-15,999,99,99.99
acc_0576,2026-04-15,999,99,99.99
acc_0577,2026-04-15,999,99,99.99
acc_0578,2026-04-15,999,99,99.99
acc_0579,2026-04-15,999,99,99.99
acc_0580,2026-04-15,999,99,99.99
acc_0581,2026-04-15,999,99,99.99
acc_0582,2026-04-15,999,99,99.99
acc_0583,2026-04-15,999,99,99.99
acc_0584,2026-04-15,999,99,99.99
acc_0585,2026-04-15,999,99,99.99
acc_0586,2026-04-15,999,99,99.99
acc_0587,2026-04-15,999,99,99.99
acc_0588,2026-04-15,999,99,99.99
acc_0589,2026-04-15,999,99,99.99
acc_0590,2026-04-15,999,99,99.99
acc_0591,2026-04-15,999,99,99.99
acc_0592,2026-04-15,999,99,99.99
acc_0593,2026-04-15,999,99,99.99
acc_0594,2026-04-15,999,99,99.99
acc_0595,2026-04-15,999,99,99.99
acc_0596,2026-04-15,999,99,99.99
acc_0597,2026-04-15,999,99,99.99
acc_0598,2026-04-15,999,99,99.99
acc_0599,2026-04-15,999,99,99.99
acc_0600,2026-04-15,999,99,99.99
acc_0601,2026-04-15,999,99,99.99
acc_0602,2026-04-15,999,99,99.99
acc_0603,2026-04-15,999,99,99.99
acc_0604,2026-04-15,999,99,99.99
acc_0605,2026-04-15,999,99,99.99
acc_0606,2026-04-15,999,99,99.99
acc_0607,2026-04-15,999,99,99.99
acc_0608,2026-04-15,999,99,99.99
acc_0609,2026-04-15,999,99,99.99
acc_0610,2026-04-15,999,99,99.99
acc_0611,2026-04-15,999,99,99.99
acc_0612,2026-04-15,999,99,99.99
acc_0613,2026-04-15,999,99,99.99
acc_0614,2026-04-15,999,99,99.99
acc_0615,2026-04-15,999,99,99.99
acc_0616,2026-04-15,999,99,99.99
acc_0617,2026-04-15,999,99,99.99
acc_0618,2026-04-15,999,99,99.99
acc_0619,2026-04-15,999,99,99.99
acc_0620,2026-04-15,999,99,99.99
acc_0621,2026-04-15,999,99,99.99
acc_0622,2026-04-15,999,99,99.99
acc_0623,2026-04-15,999,99,99.99
acc_0624,2026-04-15,999,99,99.99
acc_0625,2026-04-15,999,99,99.99
acc_0626,2026-04-15,999,99,99.99
acc_0627,2026-04-15,999,99,99.99
acc_0628,2026-04-15,999,99,99.99
acc_0629,2026-04-15,999,99,99.99
acc_0630,2026-04-15,999,99,99.99
acc_0631,2026-04-15,999,99,99.99
acc_0632,2026-04-15,999,99,99.99
acc_0633,2026-04-15,999,99,99.99
acc_0634,2026-04-15,999,99,99.99
acc_0635,2026-04-15,999,99,99.99
acc_0636,2026-04-15,999,99,99.99
acc_0637,2026-04-15,999,99,99.99
acc_0638,2026-04-15,999,99,99.99
acc_0639,2026-04-15,999,99,99.99
acc_0640,2026-04-15,999,99,99.99
acc_0641,2026-04-15,999,99,99.99
acc_0642,2026-04-15,999,99,99.99
acc_0643,2026-04-15,999,99,99.99
acc_0644,2026-04-15,999,99,99.99
acc_0645,2026-04-15,999,99,99.99
acc_0646,2026-04-15,999,99,99.99
acc_0647,2026-04-15,999,99,99.99
acc_0648,2026-04-15,999,99,99.99
acc_0649,2026-04-15,999,99,99.99
acc_0650,2026-04-15,999,99,99.99
acc_0651,2026-04-15,999,99,99.99
acc_0652,2026-04-15,999,99,99.99
acc_0653,2026-04-15,999,99,99.99
acc_0654,2026-04-15,999,99,99.99
acc_0655,2026-04-15,999,99,99.99
acc_0656,2026-04-15,999,99,99.99
acc_0657,2026-04-15,999,99,99.99
acc_0658,2026-04-15,999,99,99.99
acc_0659,2026-04-15,999,99,99.99
acc_0660,2026-04-15,999,99,99.99
acc_0661,2026-04-15,999,99,99.99
acc_0662,2026-04-15,999,99,99.99
acc_0663,2026-04-15,999,99,99.99
acc_0664,2026-04-15,999,99,99.99
acc_0665,2026-04-15,999,99,99.99
acc_0666,2026-04-15,999,99,99.99
acc_0667,2026-04-15,999,99,99.99
acc_0668,2026-04-15,999,99,99.99
acc_0669,2026-04-15,999,99,99.99
acc_0670,2026-04-15,999,99,99.99
acc_0671,2026-04-15,999,99,99.99
acc_0672,2026-04-15,999,99,99.99
acc_0673,2026-04-15,999,99,99.99
acc_0674,2026-04-15,999,99,99.99
acc_0675,2026-04-15,999,99,99.99
acc_0676,2026-04-15,999,99,99.99
acc_0677,2026-04-15,999,99,99.99
acc_0678,2026-04-15,999,99,99.99
acc_0679,2026-04-15,999,99,99.99
acc_0680,2026-04-15,999,99,99.99
acc_0681,2026-04-15,999,99,99.99
acc_0682,2026-04-15,999,99,99.99
acc_0683,2026-04-15,999,99,99.99
acc_0684,2026-04-15,999,99,99.99
acc_0685,2026-04-15,999,99,99.99
acc_0686,2026-04-15,999,99,99.99
acc_0687,2026-04-15,999,99,99.99
acc_0688,2026-04-15,999,99,99.99
acc_0689,2026-04-15,999,99,99.99
acc_0690,2026-04-15,999,99,99.99
acc_0691,2026-04-15,999,99,99.99
acc_0692,2026-04-15,999,99,99.99
acc_0693,2026-04-15,999,99,99.99
acc_0694,2026-04-15,999,99,99.99
acc_0695,2026-04-15,999,99,99.99
acc_0696,2026-04-15,999,99,99.99
acc_0697,2026-04-15,999,99,99.99
acc_0698,2026-04-15,999,99,99.99
acc_0699,2026-04-15,999,99,99.99
acc_0700,2026-04-15,999,99,99.99
acc_0701,2026-04-15,999,99,99.99
acc_0702,2026-04-15,999,99,99.99
acc_0703,2026-04-15,999,99,99.99
acc_0704,2026-04-15,999,99,99.99
acc_0705,2026-04-15,999,99,99.99
acc_0706,2026-04-15,999,99,99.99
acc_0707,2026-04-15,999,99,99.99
acc_0708,2026-04-15,999,99,99.99
acc_0709,2026-04-15,999,99,99.99
acc_0710,2026-04-15,999,99,99.99
acc_0711,2026-04-15,999,99,99.99
acc_0712,2026-04-15,999,99,99.99
acc_0713,2026-04-15,999,99,99.99
acc_0714,2026-04-15,999,99,99.99
acc_0715,2026-04-15,999,99,99.99
acc_0716,2026-04-15,999,99,99.99
acc_0717,2026-04-15,999,99,99.99
acc_0718,2026-04-15,999,99,99.99
acc_0719,2026-04-15,999,99,99.99
acc_0720,2026-04-15,999,99,99.99
acc_0721,2026-04-15,999,99,99.99
acc_0722,2026-04-15,999,99,99.99
acc_0723,2026-04-15,999,99,99.99
acc_0724,2026-04-15,999,99,99.99
acc_0725,2026-04-15,999,99,99.99
acc_0726,2026-04-15,999,99,99.99
acc_0727,2026-04-15,999,99,99.99
acc_0728,2026-04-15,999,99,99.99
acc_0729,2026-04-15,999,99,99.99
acc_0730,2026-04-15,999,99,99.99
acc_0731,2026-04-15,999,99,99.99
acc_0732,2026-04-15,999,99,99.99
acc_0733,2026-04-15,999,99,99.99
acc_0734,2026-04-15,999,99,99.99
acc_0735,2026-04-15,999,99,99.99
acc_0736,2026-04-15,999,99,99.99
acc_0737,2026-04-15,999,99,99.99
acc_0738,2026-04-15,999,99,99.99
acc_0739,2026-04-15,999,99,99.99
acc_0740,2026-04-15,999,99,99.99
acc_0741,2026-04-15,999,99,99.99
acc_0742,2026-04-15,999,99,99.99
acc_0743,2026-04-15,999,99,99.99
acc_0744,2026-04-15,999,99,99.99
acc_0745,2026-04-15,999,99,99.99
acc_0746,2026-04-15,999,99,99.99
acc_0747,2026-04-15,999,99,99.99
acc_0748,2026-04-15,999,99,99.99
acc_0749,2026-04-15,999,99,99.99
acc_0750,2026-04-15,999,99,99.99
acc_0751,2026-04-15,999,99,99.99
acc_0752,2026-04-15,999,99,99.99
acc_0753,2026-04-15,999,99,99.99
acc_0754,2026-04-15,999,99,99.99
acc_0755,2026-04-15,999,99,99.99
acc_0756,2026-04-15,999,99,99.99
acc_0757,2026-04-15,999,99,99.99
acc_0758,2026-04-15,999,99,99.99
acc_0759,2026-04-15,999,99,99.99
acc_0760,2026-04-15,999,99,99.99
acc_0761,2026-04-15,999,99,99.99
acc_0762,2026-04-15,999,99,99.99
acc_0763,2026-04-15,999,99,99.99
acc_0764,2026-04-15,999,99,99.99
acc_0765,2026-04-15,999,99,99.99
acc_0766,2026-04-15,999,99,99.99
acc_0767,2026-04-15,999,99,99.99
acc_0768,2026-04-15,999,99,99.99
acc_0769,2026-04-15,999,99,99.99
acc_0770,2026-04-15,999,99,99.99
acc_0771,2026-04-15,999,99,99.99
acc_0772,2026-04-15,999,99,99.99
acc_0773,2026-04-15,999,99,99.99
acc_0774,2026-04-15,999,99,99.99
acc_0775,2026-04-15,999,99,99.99
acc_0776,2026-04-15,999,99,99.99
acc_0777,2026-04-15,999,99,99.99
acc_0778,2026-04-15,999,99,99.99
acc_0779,2026-04-15,999,99,99.99
acc_0780,2026-04-15,999,99,99.99
acc_0781,2026-04-15,999,99,99.99
acc_0782,2026-04-15,999,99,99.99
acc_0783,2026-04-15,999,99,99.99
acc_0784,2026-04-15,999,99,99.99
acc_0785,2026-04-15,999,99,99.99
acc_0786,2026-04-15,999,99,99.99
acc_0787,2026-04-15,999,99,99.99
acc_0788,2026-04-15,999,99,99.99
acc_0789,2026-04-15,999,99,99.99
acc_0790,2026-04-15,999,99,99.99
acc_0791,2026-04-15,999,99,99.99
acc_0792,2026-04-15,999,99,99.99
acc_0793,2026-04-15,999,99,99.99
acc_0794,2026-04-15,999,99,99.99
acc_0795,2026-04-15,999,99,99.99
acc_0796,2026-04-15,999,99,99.99
acc_0797,2026-04-15,999,99,99.99
acc_0798,2026-04-15,999,99,99.99
acc_0799,2026-04-15,999,99,99.99
acc_0800,2026-04-15,999,99,99.99
acc_0801,2026-04-15,999,99,99.99
acc_0802,2026-04-15,999,99,99.99
acc_0803,2026-04-15,999,99,99.99
acc_0804,2026-04-15,999,99,99.99
acc_0805,2026-04-15,999,99,99.99
acc_0806,2026-04-15,999,99,99.99
acc_0807,2026-04-15,999,99,99.99
acc_0808,2026-04-15,999,99,99.99
acc_0809,2026-04-15,999,99,99.99
acc_0810,2026-04-15,999,99,99.99
acc_0811,2026-04-15,999,99,99.99
acc_0812,2026-04-15,999,99,99.99
acc_0813,2026-04-15,999,99,99.99
acc_0814,2026-04-15,999,99,99.99
acc_0815,2026-04-15,999,99,99.99
acc_0816,2026-04-15,999,99,99.99
acc_0817,2026-04-15,999,99,99.99
acc_0818,2026-04-15,999,99,99.99
acc_0819,2026-04-15,999,99,99.99
acc_0820,2026-04-15,999,99,99.99
acc_0821,2026-04-15,999,99,99.99
acc_0822,2026-04-15,999,99,99.99
acc_0823,2026-04-15,999,99,99.99
acc_0824,2026-04-15,999,99,99.99
acc_0825,2026-04-15,999,99,99.99
acc_0826,2026-04-15,999,99,99.99
acc_0827,2026-04-15,999,99,99.99
acc_0828,2026-04-15,999,99,99.99
acc_0829,2026-04-15,999,99,99.99
acc_0830,2026-04-15,999,99,99.99
acc_0831,2026-04-15,999,99,99.99
acc_0832,2026-04-15,999,99,99.99
acc_0833,2026-04-15,999,99,99.99
acc_0834,2026-04-15,999,99,99.99
acc_0835,2026-04-15,999,99,99.99
acc_0836,2026-04-15,999,99,99.99
acc_0837,2026-04-15,999,99,99.99
acc_0838,2026-04-15,999,99,99.99
acc_0839,2026-04-15,999,99,99.99
acc_0840,2026-04-15,999,99,99.99
acc_0841,2026-04-15,999,99,99.99
acc_0842,2026-04-15,999,99,99.99
acc_0843,2026-04-15,999,99,99.99
acc_0844,2026-04-15,999,99,99.99
acc_0845,2026-04-15,999,99,99.99
acc_0846,2026-04-15,999,99,99.99
acc_0847,2026-04-15,999,99,99.99
acc_0848,2026-04-15,999,99,99.99
acc_0849,2026-04-15,999,99,99.99
acc_0850,2026-04-15,999,99,99.99
acc_0851,2026-04-15,999,99,99.99
acc_0852,2026-04-15,999,99,99.99
acc_0853,2026-04-15,999,99,99.99
acc_0854,2026-04-15,999,99,99.99
acc_0855,2026-04-15,999,99,99.99
acc_0856,2026-04-15,999,99,99.99
acc_0857,2026-04-15,999,99,99.99
acc_0858,2026-04-15,999,99,99.99
acc_0859,2026-04-15,999,99,99.99
acc_0860,2026-04-15,999,99,99.99
acc_0861,2026-04-15,999,99,99.99
acc_0862,2026-04-15,999,99,99.99
acc_0863,2026-04-15,999,99,99.99
acc_0864,2026-04-15,999,99,99.99
acc_0865,2026-04-15,999,99,99.99
acc_0866,2026-04-15,999,99,99.99
acc_0867,2026-04-15,999,99,99.99
acc_0868,2026-04-15,999,99,99.99
acc_0869,2026-04-15,999,99,99.99
acc_0870,2026-04-15,999,99,99.99
acc_0871,2026-04-15,999,99,99.99
acc_0872,2026-04-15,999,99,99.99
acc_0873,2026-04-15,999,99,99.99
acc_0874,2026-04-15,999,99,99.99
acc_0875,2026-04-15,999,99,99.99
acc_0876,2026-04-15,999,99,99.99
acc_0877,2026-04-15,999,99,99.99
acc_0878,2026-04-15,999,99,99.99
acc_0879,2026-04-15,999,99,99.99
acc_0880,2026-04-15,999,99,99.99
acc_0881,2026-04-15,999,99,99.99
acc_0882,2026-04-15,999,99,99.99
acc_0883,2026-04-15,999,99,99.99
acc_0884,2026-04-15,999,99,99.99
acc_0885,2026-04-15,999,99,99.99
acc_0886,2026-04-15,999,99,99.99
acc_0887,2026-04-15,999,99,99.99
acc_0888,2026-04-15,999,99,99.99
acc_0889,2026-04-15,999,99,99.99
acc_0890,2026-04-15,999,99,99.99
acc_0891,2026-04-15,999,99,99.99
acc_0892,2026-04-15,999,99,99.99
acc_0893,2026-04-15,999,99,99.99
acc_0894,2026-04-15,999,99,99.99
acc_0895,2026-04-15,999,99,99.99
acc_0896,2026-04-15,999,99,99.99
acc_0897,2026-04-15,999,99,99.99
acc_0898,2026-04-15,999,99,99.99
acc_0899,2026-04-15,999,99,99.99
acc_0900,2026-04-15,999,99,99.99
acc_0901,2026-04-15,999,99,99.99
acc_0902,2026-04-15,999,99,99.99
acc_0903,2026-04-15,999,99,99.99
acc_0904,2026-04-15,999,99,99.99
acc_0905,2026-04-15,999,99,99.99
acc_0906,2026-04-15,999,99,99.99
acc_0907,2026-04-15,999,99,99.99
acc_0908,2026-04-15,999,99,99.99
acc_0909,2026-04-15,999,99,99.99
acc_0910,2026-04-15,999,99,99.99
acc_0911,2026-04-15,999,99,99.99
acc_0912,2026-04-15,999,99,99.99
acc_0913,2026-04-15,999,99,99.99
acc_0914,2026-04-15,999,99,99.99
acc_0915,2026-04-15,999,99,99.99
acc_0916,2026-04-15,999,99,99.99
acc_0917,2026-04-15,999,99,99.99
acc_0918,2026-04-15,999,99,99.99
acc_0919,2026-04-15,999,99,99.99
acc_0920,2026-04-15,999,99,99.99
acc_0921,2026-04-15,999,99,99.99
acc_0922,2026-04-15,999,99,99.99
acc_0923,2026-04-15,999,99,99.99
acc_0924,2026-04-15,999,99,99.99
acc_0925,2026-04-15,999,99,99.99
acc_0926,2026-04-15,999,99,99.99
acc_0927,2026-04-15,999,99,99.99
acc_0928,2026-04-15,999,99,99.99
acc_0929,2026-04-15,999,99,99.99
acc_0930,2026-04-15,999,99,99.99
acc_0931,2026-04-15,999,99,99.99
acc_0932,2026-04-15,999,99,99.99
acc_0933,2026-04-15,999,99,99.99
acc_0934,2026-04-15,999,99,99.99
acc_0935,2026-04-15,999,99,99.99
acc_0936,2026-04-15,999,99,99.99
acc_0937,2026-04-15,999,99,99.99
acc_0938,2026-04-15,999,99,99.99
acc_0939,2026-04-15,999,99,99.99
acc_0940,2026-04-15,999,99,99.99
acc_0941,2026-04-15,999,99,99.99
acc_0942,2026-04-15,999,99,99.99
acc_0943,2026-04-15,999,99,99.99
acc_0944,2026-04-15,999,99,99.99
acc_0945,2026-04-15,999,99,99.99
acc_0946,2026-04-15,999,99,99.99
acc_0947,2026-04-15,999,99,99.99
acc_0948,2026-04-15,999,99,99.99
acc_0949,2026-04-15,999,99,99.99
acc_0950,2026-04-15,999,99,99.99
acc_0951,2026-04-15,999,99,99.99
acc_0952,2026-04-15,999,99,99.99
acc_0953,2026-04-15,999,99,99.99
acc_0954,2026-04-15,999,99,99.99
acc_0955,2026-04-15,999,99,99.99
acc_0956,2026-04-15,999,99,99.99
acc_0957,2026-04-15,999,99,99.99
acc_0958,2026-04-15,999,99,99.99
acc_0959,2026-04-15,999,99,99.99
acc_0960,2026-04-15,999,99,99.99
acc_0961,2026-04-15,999,99,99.99
acc_0962,2026-04-15,999,99,99.99
acc_0963,2026-04-15,999,99,99.99
acc_0964,2026-04-15,999,99,99.99
acc_0965,2026-04-15,999,99,99.99
acc_0966,2026-04-15,999,99,99.99
acc_0967,2026-04-15,999,99,99.99
acc_0968,2026-04-15,999,99,99.99
acc_0969,2026-04-15,999,99,99.99
acc_0970,2026-04-15,999,99,99.99
acc_0971,2026-04-15,999,99,99.99
acc_0972,2026-04-15,999,99,99.99
acc_0973,2026-04-15,999,99,99.99
acc_0974,2026-04-15,999,99,99.99
acc_0975,2026-04-15,999,99,99.99
acc_0976,2026-04-15,999,99,99.99
acc_0977,2026-04-15,999,99,99.99
acc_0978,2026-04-15,999,99,99.99
acc_0979,2026-04-15,999,99,99.99
acc_0980,2026-04-15,999,99,99.99
acc_0981,2026-04-15,999,99,99.99
acc_0982,2026-04-15,999,99,99.99
acc_0983,2026-04-15,999,99,99.99
acc_0984,2026-04-15,999,99,99.99
acc_0985,2026-04-15,999,99,99.99
acc_0986,2026-04-15,999,99,99.99
acc_0987,2026-04-15,999,99,99.99
acc_0988,2026-04-15,999,99,99.99
acc_0989,2026-04-15,999,99,99.99
acc_0990,2026-04-15,999,99,99.99
acc_0991,2026-04-15,999,99,99.99
acc_0992,2026-04-15,999,99,99.99
acc_0993,2026-04-15,999,99,99.99
acc_0994,2026-04-15,999,99,99.99
acc_0995,2026-04-15,999,99,99.99
acc_0996,2026-04-15,999,99,99.99
acc_0997,2026-04-15,999,99,99.99
acc_0998,2026-04-15,999,99,99.99
acc_0999,2026-04-15,999,99,99.99
acc_1000,2026-04-15,999,99,99.99
acc_1001,2026-04-15,999,99,99.99
acc_1002,2026-04-15,999,99,99.99
acc_1003,2026-04-15,999,99,99.99
acc_1004,2026-04-15,999,99,99.99
acc_1005,2026-04-15,999,99,99.99
acc_1006,2026-04-15,999,99,99.99
acc_1007,2026-04-15,999,99,99.99
acc_1008,2026-04-15,999,99,99.99
acc_1009,2026-04-15,999,99,99.99
acc_1010,2026-04-15,999,99,99.99
acc_1011,2026-04-15,999,99,99.99
acc_1012,2026-04-15,999,99,99.99
acc_1013,2026-04-15,999,99,99.99
acc_1014,2026-04-15,999,99,99.99
acc_1015,2026-04-15,999,99,99.99
acc_1016,2026-04-15,999,99,99.99
acc_1017,2026-04-15,999,99,99.99
acc_1018,2026-04-15,999,99,99.99
acc_1019,2026-04-15,999,99,99.99
acc_1020,2026-04-15,999,99,99.99
acc_1021,2026-04-15,999,99,99.99
acc_1022,2026-04-15,999,99,99.99
acc_1023,2026-04-15,999,99,99.99
acc_1024,2026-04-15,999,99,99.99
acc_1025,2026-04-15,999,99,99.99
acc_1026,2026-04-15,999,99,99.99
acc_1027,2026-04-15,999,99,99.99
acc_1028,2026-04-15,999,99,99.99
acc_1029,2026-04-15,999,99,99.99
acc_1030,2026-04-15,999,99,99.99
acc_1031,2026-04-15,999,99,99.99
acc_1032,2026-04-15,999,99,99.99
acc_1033,2026-04-15,999,99,99.99
acc_1034,2026-04-15,999,99,99.99
acc_1035,2026-04-15,999,99,99.99
acc_1036,2026-04-15,999,99,99.99
acc_1037,2026-04-15,999,99,99.99
acc_1038,2026-04-15,999,99,99.99
acc_1039,2026-04-15,999,99,99.99
acc_1040,2026-04-15,999,99,99.99
acc_1041,2026-04-15,999,99,99.99
acc_1042,2026-04-15,999,99,99.99
acc_1043,2026-04-15,999,99,99.99
acc_1044,2026-04-15,999,99,99.99
acc_1045,2026-04-15,999,99,99.99
acc_1046,2026-04-15,999,99,99.99
acc_1047,2026-04-15,999,99,99.99
acc_1048,2026-04-15,999,99,99.99
acc_1049,2026-04-15,999,99,99.99
acc_1050,2026-04-15,999,99,99.99
acc_1051,2026-04-15,999,99,99.99
acc_1052,2026-04-15,999,99,99.99
acc_1053,2026-04-15,999,99,99.99
acc_1054,2026-04-15,999,99,99.99
acc_1055,2026-04-15,999,99,99.99
acc_1056,2026-04-15,999,99,99.99
acc_1057,2026-04-15,999,99,99.99
acc_1058,2026-04-15,999,99,99.99
acc_1059,2026-04-15,999,99,99.99
acc_1060,2026-04-15,999,99,99.99
acc_1061,2026-04-15,999,99,99.99
acc_1062,2026-04-15,999,99,99.99
acc_1063,2026-04-15,999,99,99.99
acc_1064,2026-04-15,999,99,99.99
acc_1065,2026-04-15,999,99,99.99
acc_1066,2026-04-15,999,99,99.99
acc_1067,2026-04-15,999,99,99.99
acc_1068,2026-04-15,999,99,99.99
acc_1069,2026-04-15,999,99,99.99
acc_1070,2026-04-15,999,99,99.99
acc_1071,2026-04-15,999,99,99.99
acc_1072,2026-04-15,999,99,99.99
acc_1073,2026-04-15,999,99,99.99
acc_1074,2026-04-15,999,99,99.99
acc_1075,2026-04-15,999,99,99.99
acc_1076,2026-04-15,999,99,99.99
acc_1077,2026-04-15,999,99,99.99
acc_1078,2026-04-15,999,99,99.99
acc_1079,2026-04-15,999,99,99.99
acc_1080,2026-04-15,999,99,99.99
acc_1081,2026-04-15,999,99,99.99
acc_1082,2026-04-15,999,99,99.99
acc_1083,2026-04-15,999,99,99.99
acc_1084,2026-04-15,999,99,99.99
acc_1085,2026-04-15,999,99,99.99
acc_1086,2026-04-15,999,99,99.99
acc_1087,2026-04-15,999,99,99.99
acc_1088,2026-04-15,999,99,99.99
acc_1089,2026-04-15,999,99,99.99
acc_1090,2026-04-15,999,99,99.99
acc_1091,2026-04-15,999,99,99.99
acc_1092,2026-04-15,999,99,99.99
acc_1093,2026-04-15,999,99,99.99
acc_1094,2026-04-15,999,99,99.99
acc_1095,2026-04-15,999,99,99.99
acc_1096,2026-04-15,999,99,99.99
acc_1097,2026-04-15,999,99,99.99
acc_1098,2026-04-15,999,99,99.99
acc_1099,2026-04-15,999,99,99.99
acc_1100,2026-04-15,999,99,99.99
acc_1101,2026-04-15,999,99,99.99
acc_1102,2026-04-15,999,99,99.99
acc_1103,2026-04-15,999,99,99.99
acc_1104,2026-04-15,999,99,99.99
acc_1105,2026-04-15,999,99,99.99
acc_1106,2026-04-15,999,99,99.99
acc_1107,2026-04-15,999,99,99.99
acc_1108,2026-04-15,999,99,99.99
acc_1109,2026-04-15,999,99,99.99
acc_1110,2026-04-15,999,99,99.99
acc_1111,2026-04-15,999,99,99.99
acc_1112,2026-04-15,999,99,99.99
acc_1113,2026-04-15,999,99,99.99
acc_1114,2026-04-15,999,99,99.99
acc_1115,2026-04-15,999,99,99.99
acc_1116,2026-04-15,999,99,99.99
acc_1117,2026-04-15,999,99,99.99
acc_1118,2026-04-15,999,99,99.99
acc_1119,2026-04-15,999,99,99.99
acc_1120,2026-04-15,999,99,99.99
acc_1121,2026-04-15,999,99,99.99
acc_1122,2026-04-15,999,99,99.99
acc_1123,2026-04-15,999,99,99.99
acc_1124,2026-04-15,999,99,99.99
acc_1125,2026-04-15,999,99,99.99
acc_1126,2026-04-15,999,99,99.99
acc_1127,2026-04-15,999,99,99.99
acc_1128,2026-04-15,999,99,99.99
acc_1129,2026-04-15,999,99,99.99
acc_1130,2026-04-15,999,99,99.99
acc_1131,2026-04-15,999,99,99.99
acc_1132,2026-04-15,999,99,99.99
acc_1133,2026-04-15,999,99,99.99
acc_1134,2026-04-15,999,99,99.99
acc_1135,2026-04-15,999,99,99.99
acc_1136,2026-04-15,999,99,99.99
acc_1137,2026-04-15,999,99,99.99
acc_1138,2026-04-15,999,99,99.99
acc_1139,2026-04-15,999,99,99.99
acc_1140,2026-04-15,999,99,99.99
acc_1141,2026-04-15,999,99,99.99
acc_1142,2026-04-15,999,99,99.99
acc_1143,2026-04-15,999,99,99.99
acc_1144,2026-04-15,999,99,99.99
acc_1145,2026-04-15,999,99,99.99
acc_1146,2026-04-15,999,99,99.99
acc_1147,2026-04-15,999,99,99.99
acc_1148,2026-04-15,999,99,99.99
acc_1149,2026-04-15,999,99,99.99
acc_1150,2026-04-15,999,99,99.99
acc_1151,2026-04-15,999,99,99.99
acc_1152,2026-04-15,999,99,99.99
acc_1153,2026-04-15,999,99,99.99
acc_1154,2026-04-15,999,99,99.99
acc_1155,2026-04-15,999,99,99.99
acc_1156,2026-04-15,999,99,99.99
acc_1157,2026-04-15,999,99,99.99
acc_1158,2026-04-15,999,99,99.99
acc_1159,2026-04-15,999,99,99.99
acc_1160,2026-04-15,999,99,99.99
acc_1161,2026-04-15,999,99,99.99
acc_1162,2026-04-15,999,99,99.99
acc_1163,2026-04-15,999,99,99.99
acc_1164,2026-04-15,999,99,99.99
acc_1165,2026-04-15,999,99,99.99
acc_1166,2026-04-15,999,99,99.99
acc_1167,2026-04-15,999,99,99.99
acc_1168,2026-04-15,999,99,99.99
acc_1169,2026-04-15,999,99,99.99
acc_1170,2026-04-15,999,99,99.99
acc_1171,2026-04-15,999,99,99.99
acc_1172,2026-04-15,999,99,99.99
acc_1173,2026-04-15,999,99,99.99
acc_1174,2026-04-15,999,99,99.99
acc_1175,2026-04-15,999,99,99.99
acc_1176,2026-04-15,999,99,99.99
acc_1177,2026-04-15,999,99,99.99
acc_1178,2026-04-15,999,99,99.99
acc_1179,2026-04-15,999,99,99.99
acc_1180,2026-04-15,999,99,99.99
acc_1181,2026-04-15,999,99,99.99
acc_1182,2026-04-15,999,99,99.99
acc_1183,2026-04-15,999,99,99.99
acc_1184,2026-04-15,999,99,99.99
acc_1185,2026-04-15,999,99,99.99
acc_1186,2026-04-15,999,99,99.99
acc_1187,2026-04-15,999,99,99.99
acc_1188,2026-04-15,999,99,99.99
acc_1189,2026-04-15,999,99,99.99
acc_1190,2026-04-15,999,99,99.99
acc_1191,2026-04-15,999,99,99.99
acc_1192,2026-04-15,999,99,99.99
acc_1193,2026-04-15,999,99,99.99
acc_1194,2026-04-15,999,99,99.99
acc_1195,2026-04-15,999,99,99.99
acc_1196,2026-04-15,999,99,99.99
acc_1197,2026-04-15,999,99,99.99
acc_1198,2026-04-15,999,99,99.99
acc_1199,2026-04-15,999,99,99.99
acc_1200,2026-04-15,999,99,99.99
acc_1201,2026-04-15,999,99,99.99
acc_1202,2026-04-15,999,99,99.99
acc_1203,2026-04-15,999,99,99.99
acc_1204,2026-04-15,999,99,99.99
acc_1205,2026-04-15,999,99,99.99
acc_1206,2026-04-15,999,99,99.99
acc_1207,2026-04-15,999,99,99.99
acc_1208,2026-04-15,999,99,99.99
acc_1209,2026-04-15,999,99,99.99
acc_1210,2026-04-15,999,99,99.99
acc_1211,2026-04-15,999,99,99.99
acc_1212,2026-04-15,999,99,99.99
acc_1213,2026-04-15,999,99,99.99
acc_1214,2026-04-15,999,99,99.99
acc_1215,2026-04-15,999,99,99.99
acc_1216,2026-04-15,999,99,99.99
acc_1217,2026-04-15,999,99,99.99
acc_1218,2026-04-15,999,99,99.99
acc_1219,2026-04-15,999,99,99.99
acc_1220,2026-04-15,999,99,99.99
acc_1221,2026-04-15,999,99,99.99
acc_1222,2026-04-15,999,99,99.99
acc_1223,2026-04-15,999,99,99.99
acc_1224,2026-04-15,999,99,99.99
acc_1225,2026-04-15,999,99,99.99
acc_1226,2026-04-15,999,99,99.99
acc_1227,2026-04-15,999,99,99.99
acc_1228,2026-04-15,999,99,99.99
acc_1229,2026-04-15,999,99,99.99
acc_1230,2026-04-15,999,99,99.99
acc_1231,2026-04-15,999,99,99.99
acc_1232,2026-04-15,999,99,99.99
acc_1233,2026-04-15,999,99,99.99
acc_1234,2026-04-15,999,99,99.99
acc_1235,2026-04-15,999,99,99.99
acc_1236,2026-04-15,999,99,99.99
acc_1237,2026-04-15,999,99,99.99
acc_1238,2026-04-15,999,99,99.99
acc_1239,2026-04-15,999,99,99.99
acc_1240,2026-04-15,999,99,99.99
acc_1241,2026-04-15,999,99,99.99
acc_1242,2026-04-15,999,99,99.99
acc_1243,2026-04-15,999,99,99.99
acc_1244,2026-04-15,999,99,99.99
acc_1245,2026-04-15,999,99,99.99
acc_1246,2026-04-15,999,99,99.99
acc_1247,2026-04-15,999,99,99.99
acc_1248,2026-04-15,999,99,99.99
acc_1249,2026-04-15,999,99,99.99
acc_1250,2026-04-15,999,99,99.99
acc_1251,2026-04-15,999,99,99.99
acc_1252,2026-04-15,999,99,99.99
acc_1253,2026-04-15,999,99,99.99
acc_1254,2026-04-15,999,99,99.99
acc_1255,2026-04-15,999,99,99.99
acc_1256,2026-04-15,999,99,99.99
acc_1257,2026-04-15,999,99,99.99
acc_1258,2026-04-15,999,99,99.99
acc_1259,2026-04-15,999,99,99.99
acc_1260,2026-04-15,999,99,99.99
acc_1261,2026-04-15,999,99,99.99
acc_1262,2026-04-15,999,99,99.99
acc_1263,2026-04-15,999,99,99.99
acc_1264,2026-04-15,999,99,99.99
acc_1265,2026-04-15,999,99,99.99
acc_1266,2026-04-15,999,99,99.99
acc_1267,2026-04-15,999,99,99.99
acc_1268,2026-04-15,999,99,99.99
acc_1269,2026-04-15,999,99,99.99
acc_1270,2026-04-15,999,99,99.99
acc_1271,2026-04-15,999,99,99.99
acc_1272,2026-04-15,999,99,99.99
acc_1273,2026-04-15,999,99,99.99
acc_1274,2026-04-15,999,99,99.99
acc_1275,2026-04-15,999,99,99.99
acc_1276,2026-04-15,999,99,99.99
acc_1277,2026-04-15,999,99,99.99
acc_1278,2026-04-15,999,99,99.99
acc_1279,2026-04-15,999,99,99.99
acc_1280,2026-04-15,999,99,99.99
acc_1281,2026-04-15,999,99,99.99
acc_1282,2026-04-15,999,99,99.99
acc_1283,2026-04-15,999,99,99.99
acc_1284,2026-04-15,999,99,99.99
acc_1285,2026-04-15,999,99,99.99
acc_1286,2026-04-15,999,99,99.99
acc_1287,2026-04-15,999,99,99.99
acc_1288,2026-04-15,999,99,99.99
acc_1289,2026-04-15,999,99,99.99
acc_1290,2026-04-15,999,99,99.99
acc_1291,2026-04-15,999,99,99.99
acc_1292,2026-04-15,999,99,99.99
acc_1293,2026-04-15,999,99,99.99
acc_1294,2026-04-15,999,99,99.99
acc_1295,2026-04-15,999,99,99.99
acc_1296,2026-04-15,999,99,99.99
acc_1297,2026-04-15,999,99,99.99
acc_1298,2026-04-15,999,99,99.99
acc_1299,2026-04-15,999,99,99.99
acc_1300,2026-04-15,999,99,99.99
acc_1301,2026-04-15,999,99,99.99
acc_1302,2026-04-15,999,99,99.99
acc_1303,2026-04-15,999,99,99.99
acc_1304,2026-04-15,999,99,99.99
acc_1305,2026-04-15,999,99,99.99
acc_1306,2026-04-15,999,99,99.99
acc_1307,2026-04-15,999,99,99.99
acc_1308,2026-04-15,999,99,99.99
acc_1309,2026-04-15,999,99,99.99
acc_1310,2026-04-15,999,99,99.99
acc_1311,2026-04-15,999,99,99.99
acc_1312,2026-04-15,999,99,99.99
acc_1313,2026-04-15,999,99,99.99
acc_1314,2026-04-15,999,99,99.99
acc_1315,2026-04-15,999,99,99.99
acc_1316,2026-04-15,999,99,99.99
acc_1317,2026-04-15,999,99,99.99
acc_1318,2026-04-15,999,99,99.99
acc_1319,2026-04-15,999,99,99.99
acc_1320,2026-04-15,999,99,99.99
acc_1321,2026-04-15,999,99,99.99
acc_1322,2026-04-15,999,99,99.99
acc_1323,2026-04-15,999,99,99.99
acc_1324,2026-04-15,999,99,99.99
acc_1325,2026-04-15,999,99,99.99
acc_1326,2026-04-15,999,99,99.99
acc_1327,2026-04-15,999,99,99.99
acc_1328,2026-04-15,999,99,99.99
acc_1329,2026-04-15,999,99,99.99
acc_1330,2026-04-15,999,99,99.99
acc_1331,2026-04-15,999,99,99.99
acc_1332,2026-04-15,999,99,99.99
acc_1333,2026-04-15,999,99,99.99
acc_1334,2026-04-15,999,99,99.99
acc_1335,2026-04-15,999,99,99.99
acc_1336,2026-04-15,999,99,99.99
acc_1337,2026-04-15,999,99,99.99
acc_1338,2026-04-15,999,99,99.99
acc_1339,2026-04-15,999,99,99.99
acc_1340,2026-04-15,999,99,99.99
acc_1341,2026-04-15,999,99,99.99
acc_1342,2026-04-15,999,99,99.99
acc_1343,2026-04-15,999,99,99.99
acc_1344,2026-04-15,999,99,99.99
acc_1345,2026-04-15,999,99,99.99
acc_1346,2026-04-15,999,99,99.99
acc_1347,2026-04-15,999,99,99.99
acc_1348,2026-04-15,999,99,99.99
acc_1349,2026-04-15,999,99,99.99
acc_1350,2026-04-15,999,99,99.99
acc_1351,2026-04-15,999,99,99.99
acc_1352,2026-04-15,999,99,99.99
acc_1353,2026-04-15,999,99,99.99
acc_1354,2026-04-15,999,99,99.99
acc_1355,2026-04-15,999,99,99.99
acc_1356,2026-04-15,999,99,99.99
acc_1357,2026-04-15,999,99,99.99
acc_1358,2026-04-15,999,99,99.99
acc_1359,2026-04-15,999,99,99.99
acc_1360,2026-04-15,999,99,99.99
acc_1361,2026-04-15,999,99,99.99
acc_1362,2026-04-15,999,99,99.99
acc_1363,2026-04-15,999,99,99.99
acc_1364,2026-04-15,999,99,99.99
acc_1365,2026-04-15,999,99,99.99
acc_1366,2026-04-15,999,99,99.99
acc_1367,2026-04-15,999,99,99.99
acc_1368,2026-04-15,999,99,99.99
acc_1369,2026-04-15,999,99,99.99
acc_1370,2026-04-15,999,99,99.99
acc_1371,2026-04-15,999,99,99.99
acc_1372,2026-04-15,999,99,99.99
acc_1373,2026-04-15,999,99,99.99
acc_1374,2026-04-15,999,99,99.99
acc_1375,2026-04-15,999,99,99.99
acc_1376,2026-04-15,999,99,99.99
acc_1377,2026-04-15,999,99,99.99
acc_1378,2026-04-15,999,99,99.99
acc_1379,2026-04-15,999,99,99.99
acc_1380,2026-04-15,999,99,99.99
acc_1381,2026-04-15,999,99,99.99
acc_1382,2026-04-15,999,99,99.99
acc_1383,2026-04-15,999,99,99.99
acc_1384,2026-04-15,999,99,99.99
acc_1385,2026-04-15,999,99,99.99
acc_1386,2026-04-15,999,99,99.99
acc_1387,2026-04-15,999,99,99.99
acc_1388,2026-04-15,999,99,99.99
acc_1389,2026-04-15,999,99,99.99
acc_1390,2026-04-15,999,99,99.99
acc_1391,2026-04-15,999,99,99.99
acc_1392,2026-04-15,999,99,99.99
acc_1393,2026-04-15,999,99,99.99
acc_1394,2026-04-15,999,99,99.99
acc_1395,2026-04-15,999,99,99.99
acc_1396,2026-04-15,999,99,99.99
acc_1397,2026-04-15,999,99,99.99
acc_1398,2026-04-15,999,99,99.99
acc_1399,2026-04-15,999,99,99.99
acc_1400,2026-04-15,999,99,99.99
acc_1401,2026-04-15,999,99,99.99
acc_1402,2026-04-15,999,99,99.99
acc_1403,2026-04-15,999,99,99.99
acc_1404,2026-04-15,999,99,99.99
acc_1405,2026-04-15,999,99,99.99
acc_1406,2026-04-15,999,99,99.99
acc_1407,2026-04-15,999,99,99.99
acc_1408,2026-04-15,999,99,99.99
acc_1409,2026-04-15,999,99,99.99
acc_1410,2026-04-15,999,99,99.99
acc_1411,2026-04-15,999,99,99.99
acc_1412,2026-04-15,999,99,99.99
acc_1413,2026-04-15,999,99,99.99
acc_1414,2026-04-15,999,99,99.99
acc_1415,2026-04-15,999,99,99.99
acc_1416,2026-04-15,999,99,99.99
acc_1417,2026-04-15,999,99,99.99
acc_1418,2026-04-15,999,99,99.99
acc_1419,2026-04-15,999,99,99.99
acc_1420,2026-04-15,999,99,99.99
acc_1421,2026-04-15,999,99,99.99
acc_1422,2026-04-15,999,99,99.99
acc_1423,2026-04-15,999,99,99.99
acc_1424,2026-04-15,999,99,99.99
acc_1425,2026-04-15,999,99,99.99
acc_1426,2026-04-15,999,99,99.99
acc_1427,2026-04-15,999,99,99.99
acc_1428,2026-04-15,999,99,99.99
acc_1429,2026-04-15,999,99,99.99
acc_1430,2026-04-15,999,99,99.99
acc_1431,2026-04-15,999,99,99.99
acc_1432,2026-04-15,999,99,99.99
acc_1433,2026-04-15,999,99,99.99
acc_1434,2026-04-15,999,99,99.99
acc_1435,2026-04-15,999,99,99.99
acc_1436,2026-04-15,999,99,99.99
acc_1437,2026-04-15,999,99,99.99
acc_1438,2026-04-15,999,99,99.99
acc_1439,2026-04-15,999,99,99.99
acc_1440,2026-04-15,999,99,99.99
acc_1441,2026-04-15,999,99,99.99
acc_1442,2026-04-15,999,99,99.99
acc_1443,2026-04-15,999,99,99.99
acc_1444,2026-04-15,999,99,99.99
acc_1445,2026-04-15,999,99,99.99
acc_1446,2026-04-15,999,99,99.99
acc_1447,2026-04-15,999,99,99.99
acc_1448,2026-04-15,999,99,99.99
acc_1449,2026-04-15,999,99,99.99
acc_1450,2026-04-15,999,99,99.99
acc_1451,2026-04-15,999,99,99.99
acc_1452,2026-04-15,999,99,99.99
acc_1453,2026-04-15,999,99,99.99
acc_1454,2026-04-15,999,99,99.99
acc_1455,2026-04-15,999,99,99.99
acc_1456,2026-04-15,999,99,99.99
acc_1457,2026-04-15,999,99,99.99
acc_1458,2026-04-15,999,99,99.99
acc_1459,2026-04-15,999,99,99.99
acc_1460,2026-04-15,999,99,99.99
acc_1461,2026-04-15,999,99,99.99
acc_1462,2026-04-15,999,99,99.99
acc_1463,2026-04-15,999,99,99.99
acc_1464,2026-04-15,999,99,99.99
acc_1465,2026-04-15,999,99,99.99
acc_1466,2026-04-15,999,99,99.99
acc_1467,2026-04-15,999,99,99.99
acc_1468,2026-04-15,999,99,99.99
acc_1469,2026-04-15,999,99,99.99
acc_1470,2026-04-15,999,99,99.99
acc_1471,2026-04-15,999,99,99.99
acc_1472,2026-04-15,999,99,99.99
acc_1473,2026-04-15,999,99,99.99
acc_1474,2026-04-15,999,99,99.99
acc_1475,2026-04-15,999,99,99.99
acc_1476,2026-04-15,999,99,99.99
acc_1477,2026-04-15,999,99,99.99
acc_1478,2026-04-15,999,99,99.99
acc_1479,2026-04-15,999,99,99.99
acc_1480,2026-04-15,999,99,99.99
acc_1481,2026-04-15,999,99,99.99
acc_1482,2026-04-15,999,99,99.99
acc_1483,2026-04-15,999,99,99.99
acc_1484,2026-04-15,999,99,99.99
acc_1485,2026-04-15,999,99,99.99
acc_1486,2026-04-15,999,99,99.99
acc_1487,2026-04-15,999,99,99.99
acc_1488,2026-04-15,999,99,99.99
acc_1489,2026-04-15,999,99,99.99
acc_1490,2026-04-15,999,99,99.99
acc_1491,2026-04-15,999,99,99.99
acc_1492,2026-04-15,999,99,99.99
acc_1493,2026-04-15,999,99,99.99
acc_1494,2026-04-15,999,99,99.99
acc_1495,2026-04-15,999,99,99.99
acc_1496,2026-04-15,999,99,99.99
acc_1497,2026-04-15,999,99,99.99
acc_1498,2026-04-15,999,99,99.99
acc_1499,2026-04-15,999,99,99.99
acc_1500,2026-04-15,999,99,99.99
acc_1501,2026-04-15,999,99,99.99
acc_1502,2026-04-15,999,99,99.99
acc_1503,2026-04-15,999,99,99.99
acc_1504,2026-04-15,999,99,99.99
acc_1505,2026-04-15,999,99,99.99
acc_1506,2026-04-15,999,99,99.99
acc_1507,2026-04-15,999,99,99.99
acc_1508,2026-04-15,999,99,99.99
acc_1509,2026-04-15,999,99,99.99
acc_1510,2026-04-15,999,99,99.99
acc_1511,2026-04-15,999,99,99.99
acc_1512,2026-04-15,999,99,99.99
acc_1513,2026-04-15,999,99,99.99
acc_1514,2026-04-15,999,99,99.99
acc_1515,2026-04-15,999,99,99.99
acc_1516,2026-04-15,999,99,99.99
acc_1517,2026-04-15,999,99,99.99
acc_1518,2026-04-15,999,99,99.99
acc_1519,2026-04-15,999,99,99.99
acc_1520,2026-04-15,999,99,99.99
acc_1521,2026-04-15,999,99,99.99
acc_1522,2026-04-15,999,99,99.99
acc_1523,2026-04-15,999,99,99.99
acc_1524,2026-04-15,999,99,99.99
acc_1525,2026-04-15,999,99,99.99
acc_1526,2026-04-15,999,99,99.99
acc_1527,2026-04-15,999,99,99.99
acc_1528,2026-04-15,999,99,99.99
acc_1529,2026-04-15,999,99,99.99
acc_1530,2026-04-15,999,99,99.99
acc_1531,2026-04-15,999,99,99.99
acc_1532,2026-04-15,999,99,99.99
acc_1533,2026-04-15,999,99,99.99
acc_1534,2026-04-15,999,99,99.99
acc_1535,2026-04-15,999,99,99.99
acc_1536,2026-04-15,999,99,99.99
acc_1537,2026-04-15,999,99,99.99
acc_1538,2026-04-15,999,99,99.99
acc_1539,2026-04-15,999,99,99.99
acc_1540,2026-04-15,999,99,99.99
acc_1541,2026-04-15,999,99,99.99
acc_1542,2026-04-15,999,99,99.99
acc_1543,2026-04-15,999,99,99.99
acc_1544,2026-04-15,999,99,99.99
acc_1545,2026-04-15,999,99,99.99
acc_1546,2026-04-15,999,99,99.99
acc_1547,2026-04-15,999,99,99.99
acc_1548,2026-04-15,999,99,99.99
acc_1549,2026-04-15,999,99,99.99
acc_1550,2026-04-15,999,99,99.99
acc_1551,2026-04-15,999,99,99.99
acc_1552,2026-04-15,999,99,99.99
acc_1553,2026-04-15,999,99,99.99
acc_1554,2026-04-15,999,99,99.99
acc_1555,2026-04-15,999,99,99.99
acc_1556,2026-04-15,999,99,99.99
acc_1557,2026-04-15,999,99,99.99
acc_1558,2026-04-15,999,99,99.99
acc_1559,2026-04-15,999,99,99.99
acc_1560,2026-04-15,999,99,99.99
acc_1561,2026-04-15,999,99,99.99
acc_1562,2026-04-15,999,99,99.99
acc_1563,2026-04-15,999,99,99.99
acc_1564,2026-04-15,999,99,99.99
acc_1565,2026-04-15,999,99,99.99
acc_1566,2026-04-15,999,99,99.99
acc_1567,2026-04-15,999,99,99.99
acc_1568,2026-04-15,999,99,99.99
acc_1569,2026-04-15,999,99,99.99
acc_1570,2026-04-15,999,99,99.99
acc_1571,2026-04-15,999,99,99.99
acc_1572,2026-04-15,999,99,99.99
acc_1573,2026-04-15,999,99,99.99
acc_1574,2026-04-15,999,99,99.99
acc_1575,2026-04-15,999,99,99.99
acc_1576,2026-04-15,999,99,99.99
acc_1577,2026-04-15,999,99,99.99
acc_1578,2026-04-15,999,99,99.99
acc_1579,2026-04-15,999,99,99.99
acc_1580,2026-04-15,999,99,99.99
acc_1581,2026-04-15,999,99,99.99
acc_1582,2026-04-15,999,99,99.99
acc_1583,2026-04-15,999,99,99.99
acc_1584,2026-04-15,999,99,99.99
acc_1585,2026-04-15,999,99,99.99
acc_1586,2026-04-15,999,99,99.99
acc_1587,2026-04-15,999,99,99.99
acc_1588,2026-04-15,999,99,99.99
acc_1589,2026-04-15,999,99,99.99
acc_1590,2026-04-15,999,99,99.99
acc_1591,2026-04-15,999,99,99.99
acc_1592,2026-04-15,999,99,99.99
acc_1593,2026-04-15,999,99,99.99
acc_1594,2026-04-15,999,99,99.99
acc_1595,2026-04-15,999,99,99.99
acc_1596,2026-04-15,999,99,99.99
acc_1597,2026-04-15,999,99,99.99
acc_1598,2026-04-15,999,99,99.99
acc_1599,2026-04-15,999,99,99.99
acc_1600,2026-04-15,999,99,99.99
acc_1601,2026-04-15,999,99,99.99
acc_1602,2026-04-15,999,99,99.99
acc_1603,2026-04-15,999,99,99.99
acc_1604,2026-04-15,999,99,99.99
acc_1605,2026-04-15,999,99,99.99
acc_1606,2026-04-15,999,99,99.99
acc_1607,2026-04-15,999,99,99.99
acc_1608,2026-04-15,999,99,99.99
acc_1609,2026-04-15,999,99,99.99
acc_1610,2026-04-15,999,99,99.99
acc_1611,2026-04-15,999,99,99.99
acc_1612,2026-04-15,999,99,99.99
acc_1613,2026-04-15,999,99,99.99
acc_1614,2026-04-15,999,99,99.99
acc_1615,2026-04-15,999,99,99.99
acc_1616,2026-04-15,999,99,99.99
acc_1617,2026-04-15,999,99,99.99
acc_1618,2026-04-15,999,99,99.99
acc_1619,2026-04-15,999,99,99.99
acc_1620,2026-04-15,999,99,99.99
acc_1621,2026-04-15,999,99,99.99
acc_1622,2026-04-15,999,99,99.99
acc_1623,2026-04-15,999,99,99.99
acc_1624,2026-04-15,999,99,99.99
acc_1625,2026-04-15,999,99,99.99
acc_1626,2026-04-15,999,99,99.99
acc_1627,2026-04-15,999,99,99.99
acc_1628,2026-04-15,999,99,99.99
acc_1629,2026-04-15,999,99,99.99
acc_1630,2026-04-15,999,99,99.99
acc_1631,2026-04-15,999,99,99.99
acc_1632,2026-04-15,999,99,99.99
acc_1633,2026-04-15,999,99,99.99
acc_1634,2026-04-15,999,99,99.99
acc_1635,2026-04-15,999,99,99.99
acc_1636,2026-04-15,999,99,99.99
acc_1637,2026-04-15,999,99,99.99
acc_1638,2026-04-15,999,99,99.99
acc_1639,2026-04-15,999,99,99.99
acc_1640,2026-04-15,999,99,99.99
acc_1641,2026-04-15,999,99,99.99
acc_1642,2026-04-15,999,99,99.99
acc_1643,2026-04-15,999,99,99.99
acc_1644,2026-04-15,999,99,99.99
acc_1645,2026-04-15,999,99,99.99
acc_1646,2026-04-15,999,99,99.99
acc_1647,2026-04-15,999,99,99.99
acc_1648,2026-04-15,999,99,99.99
acc_1649,2026-04-15,999,99,99.99
acc_1650,2026-04-15,999,99,99.99
acc_1651,2026-04-15,999,99,99.99
acc_1652,2026-04-15,999,99,99.99
acc_1653,2026-04-15,999,99,99.99
acc_1654,2026-04-15,999,99,99.99
acc_1655,2026-04-15,999,99,99.99
acc_1656,2026-04-15,999,99,99.99
acc_1657,2026-04-15,999,99,99.99
acc_1658,2026-04-15,999,99,99.99
acc_1659,2026-04-15,999,99,99.99
acc_1660,2026-04-15,999,99,99.99
acc_1661,2026-04-15,999,99,99.99
acc_1662,2026-04-15,999,99,99.99
acc_1663,2026-04-15,999,99,99.99
acc_1664,2026-04-15,999,99,99.99
acc_1665,2026-04-15,999,99,99.99
acc_1666,2026-04-15,999,99,99.99
acc_1667,2026-04-15,999,99,99.99
acc_1668,2026-04-15,999,99,99.99
acc_1669,2026-04-15,999,99,99.99
acc_1670,2026-04-15,999,99,99.99
acc_1671,2026-04-15,999,99,99.99
acc_1672,2026-04-15,999,99,99.99
acc_1673,2026-04-15,999,99,99.99
acc_1674,2026-04-15,999,99,99.99
acc_1675,2026-04-15,999,99,99.99
acc_1676,2026-04-15,999,99,99.99
acc_1677,2026-04-15,999,99,99.99
acc_1678,2026-04-15,999,99,99.99
acc_1679,2026-04-15,999,99,99.99
acc_1680,2026-04-15,999,99,99.99
acc_1681,2026-04-15,999,99,99.99
acc_1682,2026-04-15,999,99,99.99
acc_1683,2026-04-15,999,99,99.99
acc_1684,2026-04-15,999,99,99.99
acc_1685,2026-04-15,999,99,99.99
acc_1686,2026-04-15,999,99,99.99
acc_1687,2026-04-15,999,99,99.99
acc_1688,2026-04-15,999,99,99.99
acc_1689,2026-04-15,999,99,99.99
acc_1690,2026-04-15,999,99,99.99
acc_1691,2026-04-15,999,99,99.99
acc_1692,2026-04-15,999,99,99.99
acc_1693,2026-04-15,999,99,99.99
acc_1694,2026-04-15,999,99,99.99
acc_1695,2026-04-15,999,99,99.99
acc_1696,2026-04-15,999,99,99.99
acc_1697,2026-04-15,999,99,99.99
acc_1698,2026-04-15,999,99,99.99
acc_1699,2026-04-15,999,99,99.99
acc_1700,2026-04-15,999,99,99.99
acc_1701,2026-04-15,999,99,99.99
acc_1702,2026-04-15,999,99,99.99
acc_1703,2026-04-15,999,99,99.99
acc_1704,2026-04-15,999,99,99.99
acc_1705,2026-04-15,999,99,99.99
acc_1706,2026-04-15,999,99,99.99
acc_1707,2026-04-15,999,99,99.99
acc_1708,2026-04-15,999,99,99.99
acc_1709,2026-04-15,999,99,99.99
acc_1710,2026-04-15,999,99,99.99
acc_1711,2026-04-15,999,99,99.99
acc_1712,2026-04-15,999,99,99.99
acc_1713,2026-04-15,999,99,99.99
acc_1714,2026-04-15,999,99,99.99
acc_1715,2026-04-15,999,99,99.99
acc_1716,2026-04-15,999,99,99.99
acc_1717,2026-04-15,999,99,99.99
acc_1718,2026-04-15,999,99,99.99
acc_1719,2026-04-15,999,99,99.99
acc_1720,2026-04-15,999,99,99.99
acc_1721,2026-04-15,999,99,99.99
acc_1722,2026-04-15,999,99,99.99
acc_1723,2026-04-15,999,99,99.99
acc_1724,2026-04-15,999,99,99.99
acc_1725,2026-04-15,999,99,99.99
acc_1726,2026-04-15,999,99,99.99
acc_1727,2026-04-15,999,99,99.99
acc_1728,2026-04-15,999,99,99.99
acc_1729,2026-04-15,999,99,99.99
acc_1730,2026-04-15,999,99,99.99
acc_1731,2026-04-15,999,99,99.99
acc_1732,2026-04-15,999,99,99.99
acc_1733,2026-04-15,999,99,99.99
acc_1734,2026-04-15,999,99,99.99
acc_1735,2026-04-15,999,99,99.99
acc_1736,2026-04-15,999,99,99.99
acc_1737,2026-04-15,999,99,99.99
acc_1738,2026-04-15,999,99,99.99
acc_1739,2026-04-15,999,99,99.99
acc_1740,2026-04-15,999,99,99.99
acc_1741,2026-04-15,999,99,99.99
acc_1742,2026-04-15,999,99,99.99
acc_1743,2026-04-15,999,99,99.99
acc_1744,2026-04-15,999,99,99.99
acc_1745,2026-04-15,999,99,99.99
acc_1746,2026-04-15,999,99,99.99
acc_1747,2026-04-15,999,99,99.99
acc_1748,2026-04-15,999,99,99.99
acc_1749,2026-04-15,999,99,99.99
acc_1750,2026-04-15,999,99,99.99
acc_1751,2026-04-15,999,99,99.99
acc_1752,2026-04-15,999,99,99.99
acc_1753,2026-04-15,999,99,99.99
acc_1754,2026-04-15,999,99,99.99
acc_1755,2026-04-15,999,99,99.99
acc_1756,2026-04-15,999,99,99.99
acc_1757,2026-04-15,999,99,99.99
acc_1758,2026-04-15,999,99,99.99
acc_1759,2026-04-15,999,99,99.99
acc_1760,2026-04-15,999,99,99.99
acc_1761,2026-04-15,999,99,99.99
acc_1762,2026-04-15,999,99,99.99
acc_1763,2026-04-15,999,99,99.99
acc_1764,2026-04-15,999,99,99.99
acc_1765,2026-04-15,999,99,99.99
acc_1766,2026-04-15,999,99,99.99
acc_1767,2026-04-15,999,99,99.99
acc_1768,2026-04-15,999,99,99.99
acc_1769,2026-04-15,999,99,99.99
acc_1770,2026-04-15,999,99,99.99
acc_1771,2026-04-15,999,99,99.99
acc_1772,2026-04-15,999,99,99.99
acc_1773,2026-04-15,999,99,99.99
acc_1774,2026-04-15,999,99,99.99
acc_1775,2026-04-15,999,99,99.99
acc_1776,2026-04-15,999,99,99.99
acc_1777,2026-04-15,999,99,99.99
acc_1778,2026-04-15,999,99,99.99
acc_1779,2026-04-15,999,99,99.99
acc_1780,2026-04-15,999,99,99.99
acc_1781,2026-04-15,999,99,99.99
acc_1782,2026-04-15,999,99,99.99
acc_1783,2026-04-15,999,99,99.99
acc_1784,2026-04-15,999,99,99.99
acc_1785,2026-04-15,999,99,99.99
acc_1786,2026-04-15,999,99,99.99
acc_1787,2026-04-15,999,99,99.99
acc_1788,2026-04-15,999,99,99.99
acc_1789,2026-04-15,999,99,99.99
acc_1790,2026-04-15,999,99,99.99
acc_1791,2026-04-15,999,99,99.99
acc_1792,2026-04-15,999,99,99.99
acc_1793,2026-04-15,999,99,99.99
acc_1794,2026-04-15,999,99,99.99
acc_1795,2026-04-15,999,99,99.99
acc_1796,2026-04-15,999,99,99.99
acc_1797,2026-04-15,999,99,99.99
acc_1798,2026-04-15,999,99,99.99
acc_1799,2026-04-15,999,99,99.99
acc_1800,2026-04-15,999,99,99.99
acc_1801,2026-04-15,999,99,99.99
acc_1802,2026-04-15,999,99,99.99
acc_1803,2026-04-15,999,99,99.99
acc_1804,2026-04-15,999,99,99.99
acc_1805,2026-04-15,999,99,99.99
acc_1806,2026-04-15,999,99,99.99
acc_1807,2026-04-15,999,99,99.99
acc_1808,2026-04-15,999,99,99.99
acc_1809,2026-04-15,999,99,99.99
acc_1810,2026-04-15,999,99,99.99
acc_1811,2026-04-15,999,99,99.99
acc_1812,2026-04-15,999,99,99.99
acc_1813,2026-04-15,999,99,99.99
acc_1814,2026-04-15,999,99,99.99
acc_1815,2026-04-15,999,99,99.99
acc_1816,2026-04-15,999,99,99.99
acc_1817,2026-04-15,999,99,99.99
acc_1818,2026-04-15,999,99,99.99
acc_1819,2026-04-15,999,99,99.99
acc_1820,2026-04-15,999,99,99.99
acc_1821,2026-04-15,999,99,99.99
acc_1822,2026-04-15,999,99,99.99
acc_1823,2026-04-15,999,99,99.99
acc_1824,2026-04-15,999,99,99.99
acc_1825,2026-04-15,999,99,99.99
acc_1826,2026-04-15,999,99,99.99
acc_1827,2026-04-15,999,99,99.99
acc_1828,2026-04-15,999,99,99.99
acc_1829,2026-04-15,999,99,99.99
acc_1830,2026-04-15,999,99,99.99
acc_1831,2026-04-15,999,99,99.99
acc_1832,2026-04-15,999,99,99.99
acc_1833,2026-04-15,999,99,99.99
acc_1834,2026-04-15,999,99,99.99
acc_1835,2026-04-15,999,99,99.99
acc_1836,2026-04-15,999,99,99.99
acc_1837,2026-04-15,999,99,99.99
acc_1838,2026-04-15,999,99,99.99
acc_1839,2026-04-15,999,99,99.99
acc_1840,2026-04-15,999,99,99.99
acc_1841,2026-04-15,999,99,99.99
acc_1842,2026-04-15,999,99,99.99
acc_1843,2026-04-15,999,99,99.99
acc_1844,2026-04-15,999,99,99.99
acc_1845,2026-04-15,999,99,99.99
acc_1846,2026-04-15,999,99,99.99
acc_1847,2026-04-15,999,99,99.99
acc_1848,2026-04-15,999,99,99.99
acc_1849,2026-04-15,999,99,99.99
acc_1850,2026-04-15,999,99,99.99
acc_1851,2026-04-15,999,99,99.99
acc_1852,2026-04-15,999,99,99.99
acc_1853,2026-04-15,999,99,99.99
acc_1854,2026-04-15,999,99,99.99
acc_1855,2026-04-15,999,99,99.99
acc_1856,2026-04-15,999,99,99.99
acc_1857,2026-04-15,999,99,99.99
acc_1858,2026-04-15,999,99,99.99
acc_1859,2026-04-15,999,99,99.99
acc_1860,2026-04-15,999,99,99.99
acc_1861,2026-04-15,999,99,99.99
acc_1862,2026-04-15,999,99,99.99
acc_1863,2026-04-15,999,99,99.99
acc_1864,2026-04-15,999,99,99.99
acc_1865,2026-04-15,999,99,99.99
acc_1866,2026-04-15,999,99,99.99
acc_1867,2026-04-15,999,99,99.99
acc_1868,2026-04-15,999,99,99.99
acc_1869,2026-04-15,999,99,99.99
acc_1870,2026-04-15,999,99,99.99
acc_1871,2026-04-15,999,99,99.99
acc_1872,2026-04-15,999,99,99.99
acc_1873,2026-04-15,999,99,99.99
acc_1874,2026-04-15,999,99,99.99
acc_1875,2026-04-15,999,99,99.99
acc_1876,2026-04-15,999,99,99.99
acc_1877,2026-04-15,999,99,99.99
acc_1878,2026-04-15,999,99,99.99
acc_1879,2026-04-15,999,99,99.99
acc_1880,2026-04-15,999,99,99.99
acc_1881,2026-04-15,999,99,99.99
acc_1882,2026-04-15,999,99,99.99
acc_1883,2026-04-15,999,99,99.99
acc_1884,2026-04-15,999,99,99.99
acc_1885,2026-04-15,999,99,99.99
acc_1886,2026-04-15,999,99,99.99
acc_1887,2026-04-15,999,99,99.99
acc_1888,2026-04-15,999,99,99.99
acc_1889,2026-04-15,999,99,99.99
acc_1890,2026-04-15,999,99,99.99
acc_1891,2026-04-15,999,99,99.99
acc_1892,2026-04-15,999,99,99.99
acc_1893,2026-04-15,999,99,99.99
acc_1894,2026-04-15,999,99,99.99
acc_1895,2026-04-15,999,99,99.99
acc_1896,2026-04-15,999,99,99.99
acc_1897,2026-04-15,999,99,99.99
acc_1898,2026-04-15,999,99,99.99
acc_1899,2026-04-15,999,99,99.99
acc_1900,2026-04-15,999,99,99.99
acc_1901,2026-04-15,999,99,99.99
acc_1902,2026-04-15,999,99,99.99
acc_1903,2026-04-15,999,99,99.99
acc_1904,2026-04-15,999,99,99.99
acc_1905,2026-04-15,999,99,99.99
acc_1906,2026-04-15,999,99,99.99
acc_1907,2026-04-15,999,99,99.99
acc_1908,2026-04-15,999,99,99.99
acc_1909,2026-04-15,999,99,99.99
acc_1910,2026-04-15,999,99,99.99
acc_1911,2026-04-15,999,99,99.99
acc_1912,2026-04-15,999,99,99.99
acc_1913,2026-04-15,999,99,99.99
acc_1914,2026-04-15,999,99,99.99
acc_1915,2026-04-15,999,99,99.99
acc_1916,2026-04-15,999,99,99.99
acc_1917,2026-04-15,999,99,99.99
acc_1918,2026-04-15,999,99,99.99
acc_1919,2026-04-15,999,99,99.99
acc_1920,2026-04-15,999,99,99.99
acc_1921,2026-04-15,999,99,99.99
acc_1922,2026-04-15,999,99,99.99
acc_1923,2026-04-15,999,99,99.99
acc_1924,2026-04-15,999,99,99.99
acc_1925,2026-04-15,999,99,99.99
acc_1926,2026-04-15,999,99,99.99
acc_1927,2026-04-15,999,99,99.99
acc_1928,2026-04-15,999,99,99.99
acc_1929,2026-04-15,999,99,99.99
acc_1930,2026-04-15,999,99,99.99
acc_1931,2026-04-15,999,99,99.99
acc_1932,2026-04-15,999,99,99.99
acc_1933,2026-04-15,999,99,99.99
acc_1934,2026-04-15,999,99,99.99
acc_1935,2026-04-15,999,99,99.99
acc_1936,2026-04-15,999,99,99.99
acc_1937,2026-04-15,999,99,99.99
acc_1938,2026-04-15,999,99,99.99
acc_1939,2026-04-15,999,99,99.99
acc_1940,2026-04-15,999,99,99.99
acc_1941,2026-04-15,999,99,99.99
acc_1942,2026-04-15,999,99,99.99
acc_1943,2026-04-15,999,99,99.99
acc_1944,2026-04-15,999,99,99.99
acc_1945,2026-04-15,999,99,99.99
acc_1946,2026-04-15,999,99,99.99
acc_1947,2026-04-15,999,99,99.99
acc_1948,2026-04-15,999,99,99.99
acc_1949,2026-04-15,999,99,99.99
acc_1950,2026-04-15,999,99,99.99
acc_1951,2026-04-15,999,99,99.99
acc_1952,2026-04-15,999,99,99.99
acc_1953,2026-04-15,999,99,99.99
acc_1954,2026-04-15,999,99,99.99
acc_1955,2026-04-15,999,99,99.99
acc_1956,2026-04-15,999,99,99.99
acc_1957,2026-04-15,999,99,99.99
acc_1958,2026-04-15,999,99,99.99
acc_1959,2026-04-15,999,99,99.99
acc_1960,2026-04-15,999,99,99.99
acc_1961,2026-04-15,999,99,99.99
acc_1962,2026-04-15,999,99,99.99
acc_1963,2026-04-15,999,99,99.99
acc_1964,2026-04-15,999,99,99.99
acc_1965,2026-04-15,999,99,99.99
acc_1966,2026-04-15,999,99,99.99
acc_1967,2026-04-15,999,99,99.99
acc_1968,2026-04-15,999,99,99.99
acc_1969,2026-04-15,999,99,99.99
acc_1970,2026-04-15,999,99,99.99
acc_1971,2026-04-15,999,99,99.99
acc_1972,2026-04-15,999,99,99.99
acc_1973,2026-04-15,999,99,99.99
acc_1974,2026-04-15,999,99,99.99
acc_1975,2026-04-15,999,99,99.99
acc_1976,2026-04-15,999,99,99.99
acc_1977,2026-04-15,999,99,99.99
acc_1978,2026-04-15,999,99,99.99
acc_1979,2026-04-15,999,99,99.99
acc_1980,2026-04-15,999,99,99.99
acc_1981,2026-04-15,999,99,99.99
acc_1982,2026-04-15,999,99,99.99
acc_1983,2026-04-15,999,99,99.99
acc_1984,2026-04-15,999,99,99.99
acc_1985,2026-04-15,999,99,99.99
acc_1986,2026-04-15,999,99,99.99
acc_1987,2026-04-15,999,99,99.99
acc_1988,2026-04-15,999,99,99.99
acc_1989,2026-04-15,999,99,99.99
acc_1990,2026-04-15,999,99,99.99
acc_1991,2026-04-15,999,99,99.99
acc_1992,2026-04-15,999,99,99.99
acc_1993,2026-04-15,999,99,99.99
acc_1994,2026-04-15,999,99,99.99
acc_1995,2026-04-15,999,99,99.99
acc_1996,2026-04-15,999,99,99.99
acc_1997,2026-04-15,999,99,99.99
acc_1998,2026-04-15,999,99,99.99
acc_1999,2026-04-15,999,99,99.99
acc_2000,2026-04-15,999,99,99.99
acc_2001,2026-04-15,999,99,99.99
acc_2002,2026-04-15,999,99,99.99
acc_2003,2026-04-15,999,99,99.99
acc_2004,2026-04-15,999,99,99.99
acc_2005,2026-04-15,999,99,99.99
acc_2006,2026-04-15,999,99,99.99
acc_2007,2026-04-15,999,99,99.99
acc_2008,2026-04-15,999,99,99.99
acc_2009,2026-04-15,999,99,99.99
acc_2010,2026-04-15,999,99,99.99
acc_2011,2026-04-15,999,99,99.99
acc_2012,2026-04-15,999,99,99.99
acc_2013,2026-04-15,999,99,99.99
acc_2014,2026-04-15,999,99,99.99
acc_2015,2026-04-15,999,99,99.99
acc_2016,2026-04-15,999,99,99.99
acc_2017,2026-04-15,999,99,99.99
acc_2018,2026-04-15,999,99,99.99
acc_2019,2026-04-15,999,99,99.99
acc_2020,2026-04-15,999,99,99.99
acc_2021,2026-04-15,999,99,99.99
acc_2022,2026-04-15,999,99,99.99
acc_2023,2026-04-15,999,99,99.99
acc_2024,2026-04-15,999,99,99.99
acc_2025,2026-04-15,999,99,99.99
acc_2026,2026-04-15,999,99,99.99
acc_2027,2026-04-15,999,99,99.99
acc_2028,2026-04-15,999,99,99.99
acc_2029,2026-04-15,999,99,99.99
acc_2030,2026-04-15,999,99,99.99
acc_2031,2026-04-15,999,99,99.99
acc_2032,2026-04-15,999,99,99.99
acc_2033,2026-04-15,999,99,99.99
acc_2034,2026-04-15,999,99,99.99
acc_2035,2026-04-15,999,99,99.99
acc_2036,2026-04-15,999,99,99.99
acc_2037,2026-04-15,999,99,99.99
acc_2038,2026-04-15,999,99,99.99
acc_2039,2026-04-15,999,99,99.99
acc_2040,2026-04-15,999,99,99.99
acc_2041,2026-04-15,999,99,99.99
acc_2042,2026-04-15,999,99,99.99
acc_2043,2026-04-15,999,99,99.99
acc_2044,2026-04-15,999,99,99.99
acc_2045,2026-04-15,999,99,99.99
acc_2046,2026-04-15,999,99,99.99
acc_2047,2026-04-15,999,99,99.99
acc_2048,2026-04-15,999,99,99.99
acc_2049,2026-04-15,999,99,99.99
acc_2050,2026-04-15,999,99,99.99
acc_2051,2026-04-15,999,99,99.99
acc_2052,2026-04-15,999,99,99.99
acc_2053,2026-04-15,999,99,99.99
acc_2054,2026-04-15,999,99,99.99
acc_2055,2026-04-15,999,99,99.99
acc_2056,2026-04-15,999,99,99.99
acc_2057,2026-04-15,999,99,99.99
acc_2058,2026-04-15,999,99,99.99
acc_2059,2026-04-15,999,99,99.99
acc_2060,2026-04-15,999,99,99.99
acc_2061,2026-04-15,999,99,99.99
acc_2062,2026-04-15,999,99,99.99
acc_2063,2026-04-15,999,99,99.99
acc_2064,2026-04-15,999,99,99.99
acc_2065,2026-04-15,999,99,99.99
acc_2066,2026-04-15,999,99,99.99
acc_2067,2026-04-15,999,99,99.99
acc_2068,2026-04-15,999,99,99.99
acc_2069,2026-04-15,999,99,99.99
acc_2070,2026-04-15,999,99,99.99
acc_2071,2026-04-15,999,99,99.99
acc_2072,2026-04-15,999,99,99.99
acc_2073,2026-04-15,999,99,99.99
acc_2074,2026-04-15,999,99,99.99
acc_2075,2026-04-15,999,99,99.99
acc_2076,2026-04-15,999,99,99.99
acc_2077,2026-04-15,999,99,99.99
acc_2078,2026-04-15,999,99,99.99
acc_2079,2026-04-15,999,99,99.99
acc_2080,2026-04-15,999,99,99.99
acc_2081,2026-04-15,999,99,99.99
acc_2082,2026-04-15,999,99,99.99
acc_2083,2026-04-15,999,99,99.99
acc_2084,2026-04-15,999,99,99.99
acc_2085,2026-04-15,999,99,99.99
acc_2086,2026-04-15,999,99,99.99
acc_2087,2026-04-15,999,99,99.99
acc_2088,2026-04-15,999,99,99.99
acc_2089,2026-04-15,999,99,99.99
acc_2090,2026-04-15,999,99,99.99
acc_2091,2026-04-15,999,99,99.99
acc_2092,2026-04-15,999,99,99.99
acc_2093,2026-04-15,999,99,99.99
acc_2094,2026-04-15,999,99,99.99
acc_2095,2026-04-15,999,99,99.99
acc_2096,2026-04-15,999,99,99.99
acc_2097,2026-04-15,999,99,99.99
acc_2098,2026-04-15,999,99,99.99
acc_2099,2026-04-15,999,99,99.99
acc_2100,2026-04-15,999,99,99.99
acc_2101,2026-04-15,999,99,99.99
acc_2102,2026-04-15,999,99,99.99
acc_2103,2026-04-15,999,99,99.99
acc_2104,2026-04-15,999,99,99.99
acc_2105,2026-04-15,999,99,99.99
acc_2106,2026-04-15,999,99,99.99
acc_2107,2026-04-15,999,99,99.99
acc_2108,2026-04-15,999,99,99.99
acc_2109,2026-04-15,999,99,99.99
acc_2110,2026-04-15,999,99,99.99
acc_2111,2026-04-15,999,99,99.99
acc_2112,2026-04-15,999,99,99.99
acc_2113,2026-04-15,999,99,99.99
acc_2114,2026-04-15,999,99,99.99
acc_2115,2026-04-15,999,99,99.99
acc_2116,2026-04-15,999,99,99.99
acc_2117,2026-04-15,999,99,99.99
acc_2118,2026-04-15,999,99,99.99
acc_2119,2026-04-15,999,99,99.99
acc_2120,2026-04-15,999,99,99.99
acc_2121,2026-04-15,999,99,99.99
acc_2122,2026-04-15,999,99,99.99
acc_2123,2026-04-15,999,99,99.99
acc_2124,2026-04-15,999,99,99.99
acc_2125,2026-04-15,999,99,99.99
acc_2126,2026-04-15,999,99,99.99
acc_2127,2026-04-15,999,99,99.99
acc_2128,2026-04-15,999,99,99.99
acc_2129,2026-04-15,999,99,99.99
acc_2130,2026-04-15,999,99,99.99
acc_2131,2026-04-15,999,99,99.99
acc_2132,2026-04-15,999,99,99.99
acc_2133,2026-04-15,999,99,99.99
acc_2134,2026-04-15,999,99,99.99
acc_2135,2026-04-15,999,99,99.99
acc_2136,2026-04-15,999,99,99.99
acc_2137,2026-04-15,999,99,99.99
acc_2138,2026-04-15,999,99,99.99
acc_2139,2026-04-15,999,99,99.99
acc_2140,2026-04-15,999,99,99.99
acc_2141,2026-04-15,999,99,99.99
acc_2142,2026-04-15,999,99,99.99
acc_2143,2026-04-15,999,99,99.99
acc_2144,2026-04-15,999,99,99.99
acc_2145,2026-04-15,999,99,99.99
acc_2146,2026-04-15,999,99,99.99
acc_2147,2026-04-15,999,99,99.99
acc_2148,2026-04-15,999,99,99.99
acc_2149,2026-04-15,999,99,99.99
acc_2150,2026-04-15,999,99,99.99
acc_2151,2026-04-15,999,99,99.99
acc_2152,2026-04-15,999,99,99.99
acc_2153,2026-04-15,999,99,99.99
acc_2154,2026-04-15,999,99,99.99
acc_2155,2026-04-15,999,99,99.99
acc_2156,2026-04-15,999,99,99.99
acc_2157,2026-04-15,999,99,99.99
acc_2158,2026-04-15,999,99,99.99
acc_2159,2026-04-15,999,99,99.99
acc_2160,2026-04-15,999,99,99.99
acc_2161,2026-04-15,999,99,99.99
acc_2162,2026-04-15,999,99,99.99
acc_2163,2026-04-15,999,99,99.99
acc_2164,2026-04-15,999,99,99.99
acc_2165,2026-04-15,999,99,99.99
acc_2166,2026-04-15,999,99,99.99
acc_2167,2026-04-15,999,99,99.99
acc_2168,2026-04-15,999,99,99.99
acc_2169,2026-04-15,999,99,99.99
acc_2170,2026-04-15,999,99,99.99
acc_2171,2026-04-15,999,99,99.99
acc_2172,2026-04-15,999,99,99.99
acc_2173,2026-04-15,999,99,99.99
acc_2174,2026-04-15,999,99,99.99
acc_2175,2026-04-15,999,99,99.99
acc_2176,2026-04-15,999,99,99.99
acc_2177,2026-04-15,999,99,99.99
acc_2178,2026-04-15,999,99,99.99
acc_2179,2026-04-15,999,99,99.99
acc_2180,2026-04-15,999,99,99.99
acc_2181,2026-04-15,999,99,99.99
acc_2182,2026-04-15,999,99,99.99
acc_2183,2026-04-15,999,99,99.99
acc_2184,2026-04-15,999,99,99.99
acc_2185,2026-04-15,999,99,99.99
acc_2186,2026-04-15,999,99,99.99
acc_2187,2026-04-15,999,99,99.99
acc_2188,2026-04-15,999,99,99.99
acc_2189,2026-04-15,999,99,99.99
acc_2190,2026-04-15,999,99,99.99
acc_2191,2026-04-15,999,99,99.99
acc_2192,2026-04-15,999,99,99.99
acc_2193,2026-04-15,999,99,99.99
acc_2194,2026-04-15,999,99,99.99
acc_2195,2026-04-15,999,99,99.99
acc_2196,2026-04-15,999,99,99.99
acc_2197,2026-04-15,999,99,99.99
acc_2198,2026-04-15,999,99,99.99
acc_2199,2026-04-15,999,99,99.99
acc_2200,2026-04-15,999,99,99.99
acc_2201,2026-04-15,999,99,99.99
acc_2202,2026-04-15,999,99,99.99
acc_2203,2026-04-15,999,99,99.99
acc_2204,2026-04-15,999,99,99.99
acc_2205,2026-04-15,999,99,99.99
acc_2206,2026-04-15,999,99,99.99
acc_2207,2026-04-15,999,99,99.99
acc_2208,2026-04-15,999,99,99.99
acc_2209,2026-04-15,999,99,99.99
acc_2210,2026-04-15,999,99,99.99
acc_2211,2026-04-15,999,99,99.99
acc_2212,2026-04-15,999,99,99.99
acc_2213,2026-04-15,999,99,99.99
acc_2214,2026-04-15,999,99,99.99
acc_2215,2026-04-15,999,99,99.99
acc_2216,2026-04-15,999,99,99.99
acc_2217,2026-04-15,999,99,99.99
acc_2218,2026-04-15,999,99,99.99
acc_2219,2026-04-15,999,99,99.99
acc_2220,2026-04-15,999,99,99.99
acc_2221,2026-04-15,999,99,99.99
acc_2222,2026-04-15,999,99,99.99
acc_2223,2026-04-15,999,99,99.99
acc_2224,2026-04-15,999,99,99.99
acc_2225,2026-04-15,999,99,99.99
acc_2226,2026-04-15,999,99,99.99
acc_2227,2026-04-15,999,99,99.99
acc_2228,2026-04-15,999,99,99.99
acc_2229,2026-04-15,999,99,99.99
acc_2230,2026-04-15,999,99,99.99
acc_2231,2026-04-15,999,99,99.99
acc_2232,2026-04-15,999,99,99.99
acc_2233,2026-04-15,999,99,99.99
acc_2234,2026-04-15,999,99,99.99
acc_2235,2026-04-15,999,99,99.99
acc_2236,2026-04-15,999,99,99.99
acc_2237,2026-04-15,999,99,99.99
acc_2238,2026-04-15,999,99,99.99
acc_2239,2026-04-15,999,99,99.99
acc_2240,2026-04-15,999,99,99.99
acc_2241,2026-04-15,999,99,99.99
acc_2242,2026-04-15,999,99,99.99
acc_2243,2026-04-15,999,99,99.99
acc_2244,2026-04-15,999,99,99.99
acc_2245,2026-04-15,999,99,99.99
acc_2246,2026-04-15,999,99,99.99
acc_2247,2026-04-15,999,99,99.99
acc_2248,2026-04-15,999,99,99.99
acc_2249,2026-04-15,999,99,99.99
acc_2250,2026-04-15,999,99,99.99
acc_2251,2026-04-15,999,99,99.99
acc_2252,2026-04-15,999,99,99.99
acc_2253,2026-04-15,999,99,99.99
acc_2254,2026-04-15,999,99,99.99
acc_2255,2026-04-15,999,99,99.99
acc_2256,2026-04-15,999,99,99.99
acc_2257,2026-04-15,999,99,99.99
acc_2258,2026-04-15,999,99,99.99
acc_2259,2026-04-15,999,99,99.99
acc_2260,2026-04-15,999,99,99.99
acc_2261,2026-04-15,999,99,99.99
acc_2262,2026-04-15,999,99,99.99
acc_2263,2026-04-15,999,99,99.99
acc_2264,2026-04-15,999,99,99.99
acc_2265,2026-04-15,999,99,99.99
acc_2266,2026-04-15,999,99,99.99
acc_2267,2026-04-15,999,99,99.99
acc_2268,2026-04-15,999,99,99.99
acc_2269,2026-04-15,999,99,99.99
acc_2270,2026-04-15,999,99,99.99
acc_2271,2026-04-15,999,99,99.99
acc_2272,2026-04-15,999,99,99.99
acc_2273,2026-04-15,999,99,99.99
acc_2274,2026-04-15,999,99,99.99
acc_2275,2026-04-15,999,99,99.99
acc_2276,2026-04-15,999,99,99.99
acc_2277,2026-04-15,999,99,99.99
acc_2278,2026-04-15,999,99,99.99
acc_2279,2026-04-15,999,99,99.99
acc_2280,2026-04-15,999,99,99.99
acc_2281,2026-04-15,999,99,99.99
acc_2282,2026-04-15,999,99,99.99
acc_2283,2026-04-15,999,99,99.99
acc_2284,2026-04-15,999,99,99.99
acc_2285,2026-04-15,999,99,99.99
acc_2286,2026-04-15,999,99,99.99
acc_2287,2026-04-15,999,99,99.99
acc_2288,2026-04-15,999,99,99.99
acc_2289,2026-04-15,999,99,99.99
acc_2290,2026-04-15,999,99,99.99
acc_2291,2026-04-15,999,99,99.99
acc_2292,2026-04-15,999,99,99.99
acc_2293,2026-04-15,999,99,99.99
acc_2294,2026-04-15,999,99,99.99
acc_2295,2026-04-15,999,99,99.99
acc_2296,2026-04-15,999,99,99.99
acc_2297,2026-04-15,999,99,99.99
acc_2298,2026-04-15,999,99,99.99
acc_2299,2026-04-15,999,99,99.99
acc_2300,2026-04-15,999,99,99.99
acc_2301,2026-04-15,999,99,99.99
acc_2302,2026-04-15,999,99,99.99
acc_2303,2026-04-15,999,99,99.99
acc_2304,2026-04-15,999,99,99.99
acc_2305,2026-04-15,999,99,99.99
acc_2306,2026-04-15,999,99,99.99
acc_2307,2026-04-15,999,99,99.99
acc_2308,2026-04-15,999,99,99.99
acc_2309,2026-04-15,999,99,99.99
acc_2310,2026-04-15,999,99,99.99
acc_2311,2026-04-15,999,99,99.99
acc_2312,2026-04-15,999,99,99.99
acc_2313,2026-04-15,999,99,99.99
acc_2314,2026-04-15,999,99,99.99
acc_2315,2026-04-15,999,99,99.99
acc_2316,2026-04-15,999,99,99.99
acc_2317,2026-04-15,999,99,99.99
acc_2318,2026-04-15,999,99,99.99
acc_2319,2026-04-15,999,99,99.99
acc_2320,2026-04-15,999,99,99.99
acc_2321,2026-04-15,999,99,99.99
acc_2322,2026-04-15,999,99,99.99
acc_2323,2026-04-15,999,99,99.99
acc_2324,2026-04-15,999,99,99.99
acc_2325,2026-04-15,999,99,99.99
acc_2326,2026-04-15,999,99,99.99
acc_2327,2026-04-15,999,99,99.99
acc_2328,2026-04-15,999,99,99.99
acc_2329,2026-04-15,999,99,99.99
acc_2330,2026-04-15,999,99,99.99
acc_2331,2026-04-15,999,99,99.99
acc_2332,2026-04-15,999,99,99.99
acc_2333,2026-04-15,999,99,99.99
acc_2334,2026-04-15,999,99,99.99
acc_2335,2026-04-15,999,99,99.99
acc_2336,2026-04-15,999,99,99.99
acc_2337,2026-04-15,999,99,99.99
acc_2338,2026-04-15,999,99,99.99
acc_2339,2026-04-15,999,99,99.99
acc_2340,2026-04-15,999,99,99.99
acc_2341,2026-04-15,999,99,99.99
acc_2342,2026-04-15,999,99,99.99
acc_2343,2026-04-15,999,99,99.99
acc_2344,2026-04-15,999,99,99.99
acc_2345,2026-04-15,999,99,99.99
acc_2346,2026-04-15,999,99,99.99
acc_2347,2026-04-15,999,99,99.99
acc_2348,2026-04-15,999,99,99.99
acc_2349,2026-04-15,999,99,99.99
acc_2350,2026-04-15,999,99,99.99
acc_2351,2026-04-15,999,99,99.99
acc_2352,2026-04-15,999,99,99.99
acc_2353,2026-04-15,999,99,99.99
acc_2354,2026-04-15,999,99,99.99
acc_2355,2026-04-15,999,99,99.99
acc_2356,2026-04-15,999,99,99.99
acc_2357,2026-04-15,999,99,99.99
acc_2358,2026-04-15,999,99,99.99
acc_2359,2026-04-15,999,99,99.99
acc_2360,2026-04-15,999,99,99.99
acc_2361,2026-04-15,999,99,99.99
acc_2362,2026-04-15,999,99,99.99
acc_2363,2026-04-15,999,99,99.99
acc_2364,2026-04-15,999,99,99.99
acc_2365,2026-04-15,999,99,99.99
acc_2366,2026-04-15,999,99,99.99
acc_2367,2026-04-15,999,99,99.99
acc_2368,2026-04-15,999,99,99.99
acc_2369,2026-04-15,999,99,99.99
acc_2370,2026-04-15,999,99,99.99
acc_2371,2026-04-15,999,99,99.99
acc_2372,2026-04-15,999,99,99.99
acc_2373,2026-04-15,999,99,99.99
acc_2374,2026-04-15,999,99,99.99
acc_2375,2026-04-15,999,99,99.99
acc_2376,2026-04-15,999,99,99.99
acc_2377,2026-04-15,999,99,99.99
acc_2378,2026-04-15,999,99,99.99
acc_2379,2026-04-15,999,99,99.99
acc_2380,2026-04-15,999,99,99.99
acc_2381,2026-04-15,999,99,99.99
acc_2382,2026-04-15,999,99,99.99
acc_2383,2026-04-15,999,99,99.99
acc_2384,2026-04-15,999,99,99.99
acc_2385,2026-04-15,999,99,99.99
acc_2386,2026-04-15,999,99,99.99
acc_2387,2026-04-15,999,99,99.99
acc_2388,2026-04-15,999,99,99.99
acc_2389,2026-04-15,999,99,99.99
acc_2390,2026-04-15,999,99,99.99
acc_2391,2026-04-15,999,99,99.99
acc_2392,2026-04-15,999,99,99.99
acc_2393,2026-04-15,999,99,99.99
acc_2394,2026-04-15,999,99,99.99
acc_2395,2026-04-15,999,99,99.99
acc_2396,2026-04-15,999,99,99.99
acc_2397,2026-04-15,999,99,99.99
acc_2398,2026-04-15,999,99,99.99
acc_2399,2026-04-15,999,99,99.99
acc_2400,2026-04-15,999,99,99.99
acc_2401,2026-04-15,999,99,99.99
acc_2402,2026-04-15,999,99,99.99
acc_2403,2026-04-15,999,99,99.99
acc_2404,2026-04-15,999,99,99.99
acc_2405,2026-04-15,999,99,99.99
acc_2406,2026-04-15,999,99,99.99
acc_2407,2026-04-15,999,99,99.99
acc_2408,2026-04-15,999,99,99.99
acc_2409,2026-04-15,999,99,99.99
acc_2410,2026-04-15,999,99,99.99
acc_2411,2026-04-15,999,99,99.99
acc_2412,2026-04-15,999,99,99.99
acc_2413,2026-04-15,999,99,99.99
acc_2414,2026-04-15,999,99,99.99
acc_2415,2026-04-15,999,99,99.99
acc_2416,2026-04-15,999,99,99.99
acc_2417,2026-04-15,999,99,99.99
acc_2418,2026-04-15,999,99,99.99
acc_2419,2026-04-15,999,99,99.99
acc_2420,2026-04-15,999,99,99.99
acc_2421,2026-04-15,999,99,99.99
acc_2422,2026-04-15,999,99,99.99
acc_2423,2026-04-15,999,99,99.99
acc_2424,2026-04-15,999,99,99.99
acc_2425,2026-04-15,999,99,99.99
acc_2426,2026-04-15,999,99,99.99
acc_2427,2026-04-15,999,99,99.99
acc_2428,2026-04-15,999,99,99.99
acc_2429,2026-04-15,999,99,99.99
acc_2430,2026-04-15,999,99,99.99
acc_2431,2026-04-15,999,99,99.99
acc_2432,2026-04-15,999,99,99.99
acc_2433,2026-04-15,999,99,99.99
acc_2434,2026-04-15,999,99,99.99
acc_2435,2026-04-15,999,99,99.99
acc_2436,2026-04-15,999,99,99.99
acc_2437,2026-04-15,999,99,99.99
acc_2438,2026-04-15,999,99,99.99
acc_2439,2026-04-15,999,99,99.99
acc_2440,2026-04-15,999,99,99.99
acc_2441,2026-04-15,999,99,99.99
acc_2442,2026-04-15,999,99,99.99
acc_2443,2026-04-15,999,99,99.99
acc_2444,2026-04-15,999,99,99.99
acc_2445,2026-04-15,999,99,99.99
acc_2446,2026-04-15,999,99,99.99
acc_2447,2026-04-15,999,99,99.99
acc_2448,2026-04-15,999,99,99.99
acc_2449,2026-04-15,999,99,99.99
acc_2450,2026-04-15,999,99,99.99
acc_2451,2026-04-15,999,99,99.99
acc_2452,2026-04-15,999,99,99.99
acc_2453,2026-04-15,999,99,99.99
acc_2454,2026-04-15,999,99,99.99
acc_2455,2026-04-15,999,99,99.99
acc_2456,2026-04-15,999,99,99.99
acc_2457,2026-04-15,999,99,99.99
acc_2458,2026-04-15,999,99,99.99
acc_2459,2026-04-15,999,99,99.99
acc_2460,2026-04-15,999,99,99.99
acc_2461,2026-04-15,999,99,99.99
acc_2462,2026-04-15,999,99,99.99
acc_2463,2026-04-15,999,99,99.99
acc_2464,2026-04-15,999,99,99.99
acc_2465,2026-04-15,999,99,99.99
acc_2466,2026-04-15,999,99,99.99
acc_2467,2026-04-15,999,99,99.99
acc_2468,2026-04-15,999,99,99.99
acc_2469,2026-04-15,999,99,99.99
acc_2470,2026-04-15,999,99,99.99
acc_2471,2026-04-15,999,99,99.99
acc_2472,2026-04-15,999,99,99.99
acc_2473,2026-04-15,999,99,99.99
acc_2474,2026-04-15,999,99,99.99
acc_2475,2026-04-15,999,99,99.99
acc_2476,2026-04-15,999,99,99.99
acc_2477,2026-04-15,999,99,99.99
acc_2478,2026-04-15,999,99,99.99
acc_2479,2026-04-15,999,99,99.99
acc_2480,2026-04-15,999,99,99.99
acc_2481,2026-04-15,999,99,99.99
acc_2482,2026-04-15,999,99,99.99
acc_2483,2026-04-15,999,99,99.99
acc_2484,2026-04-15,999,99,99.99
acc_2485,2026-04-15,999,99,99.99
acc_2486,2026-04-15,999,99,99.99
acc_2487,2026-04-15,999,99,99.99
acc_2488,2026-04-15,999,99,99.99
acc_2489,2026-04-15,999,99,99.99
acc_2490,2026-04-15,999,99,99.99
acc_2491,2026-04-15,999,99,99.99
acc_2492,2026-04-15,999,99,99.99
acc_2493,2026-04-15,999,99,99.99
acc_2494,2026-04-15,999,99,99.99
acc_2495,2026-04-15,999,99,99.99
acc_2496,2026-04-15,999,99,99.99
acc_2497,2026-04-15,999,99,99.99
acc_2498,2026-04-15,999,99,99.99
acc_2499,2026-04-15,999,99,99.99
acc_2500,2026-04-15,999,99,99.99
acc_2501,2026-04-15,999,99,99.99
acc_2502,2026-04-15,999,99,99.99
acc_2503,2026-04-15,999,99,99.99
acc_2504,2026-04-15,999,99,99.99
acc_2505,2026-04-15,999,99,99.99
acc_2506,2026-04-15,999,99,99.99
acc_2507,2026-04-15,999,99,99.99
acc_2508,2026-04-15,999,99,99.99
acc_2509,2026-04-15,999,99,99.99
acc_2510,2026-04-15,999,99,99.99
acc_2511,2026-04-15,999,99,99.99
acc_2512,2026-04-15,999,99,99.99
acc_2513,2026-04-15,999,99,99.99
acc_2514,2026-04-15,999,99,99.99
acc_2515,2026-04-15,999,99,99.99
acc_2516,2026-04-15,999,99,99.99
acc_2517,2026-04-15,999,99,99.99
acc_2518,2026-04-15,999,99,99.99
acc_2519,2026-04-15,999,99,99.99
acc_2520,2026-04-15,999,99,99.99
acc_2521,2026-04-15,999,99,99.99
acc_2522,2026-04-15,999,99,99.99
acc_2523,2026-04-15,999,99,99.99
acc_2524,2026-04-15,999,99,99.99
acc_2525,2026-04-15,999,99,99.99
acc_2526,2026-04-15,999,99,99.99
acc_2527,2026-04-15,999,99,99.99
acc_2528,2026-04-15,999,99,99.99
acc_2529,2026-04-15,999,99,99.99
acc_2530,2026-04-15,999,99,99.99
acc_2531,2026-04-15,999,99,99.99
acc_2532,2026-04-15,999,99,99.99
acc_2533,2026-04-15,999,99,99.99
acc_2534,2026-04-15,999,99,99.99
acc_2535,2026-04-15,999,99,99.99
acc_2536,2026-04-15,999,99,99.99
acc_2537,2026-04-15,999,99,99.99
acc_2538,2026-04-15,999,99,99.99
acc_2539,2026-04-15,999,99,99.99
acc_2540,2026-04-15,999,99,99.99
acc_2541,2026-04-15,999,99,99.99
acc_2542,2026-04-15,999,99,99.99
acc_2543,2026-04-15,999,99,99.99
acc_2544,2026-04-15,999,99,99.99
acc_2545,2026-04-15,999,99,99.99
acc_2546,2026-04-15,999,99,99.99
acc_2547,2026-04-15,999,99,99.99
acc_2548,2026-04-15,999,99,99.99
acc_2549,2026-04-15,999,99,99.99
acc_2550,2026-04-15,999,99,99.99
acc_2551,2026-04-15,999,99,99.99
acc_2552,2026-04-15,999,99,99.99
acc_2553,2026-04-15,999,99,99.99
acc_2554,2026-04-15,999,99,99.99
acc_2555,2026-04-15,999,99,99.99
acc_2556,2026-04-15,999,99,99.99
acc_2557,2026-04-15,999,99,99.99
acc_2558,2026-04-15,999,99,99.99
acc_2559,2026-04-15,999,99,99.99
acc_2560,2026-04-15,999,99,99.99
acc_2561,2026-04-15,999,99,99.99
acc_2562,2026-04-15,999,99,99.99
acc_2563,2026-04-15,999,99,99.99
acc_2564,2026-04-15,999,99,99.99
acc_2565,2026-04-15,999,99,99.99
acc_2566,2026-04-15,999,99,99.99
acc_2567,2026-04-15,999,99,99.99
acc_2568,2026-04-15,999,99,99.99
acc_2569,2026-04-15,999,99,99.99
acc_2570,2026-04-15,999,99,99.99
acc_2571,2026-04-15,999,99,99.99
acc_2572,2026-04-15,999,99,99.99
acc_2573,2026-04-15,999,99,99.99
acc_2574,2026-04-15,999,99,99.99
acc_2575,2026-04-15,999,99,99.99
acc_2576,2026-04-15,999,99,99.99
acc_2577,2026-04-15,999,99,99.99
acc_2578,2026-04-15,999,99,99.99
acc_2579,2026-04-15,999,99,99.99
acc_2580,2026-04-15,999,99,99.99
acc_2581,2026-04-15,999,99,99.99
acc_2582,2026-04-15,999,99,99.99
acc_2583,2026-04-15,999,99,99.99
acc_2584,2026-04-15,999,99,99.99
acc_2585,2026-04-15,999,99,99.99
acc_2586,2026-04-15,999,99,99.99
acc_2587,2026-04-15,999,99,99.99
acc_2588,2026-04-15,999,99,99.99
acc_2589,2026-04-15,999,99,99.99
acc_2590,2026-04-15,999,99,99.99
acc_2591,2026-04-15,999,99,99.99
acc_2592,2026-04-15,999,99,99.99
acc_2593,2026-04-15,999,99,99.99
acc_2594,2026-04-15,999,99,99.99
acc_2595,2026-04-15,999,99,99.99
acc_2596,2026-04-15,999,99,99.99
acc_2597,2026-04-15,999,99,99.99
acc_2598,2026-04-15,999,99,99.99
acc_2599,2026-04-15,999,99,99.99
acc_2600,2026-04-15,999,99,99.99
acc_2601,2026-04-15,999,99,99.99
acc_2602,2026-04-15,999,99,99.99
acc_2603,2026-04-15,999,99,99.99
acc_2604,2026-04-15,999,99,99.99
acc_2605,2026-04-15,999,99,99.99
acc_2606,2026-04-15,999,99,99.99
acc_2607,2026-04-15,999,99,99.99
acc_2608,2026-04-15,999,99,99.99
acc_2609,2026-04-15,999,99,99.99
acc_2610,2026-04-15,999,99,99.99
acc_2611,2026-04-15,999,99,99.99
acc_2612,2026-04-15,999,99,99.99
acc_2613,2026-04-15,999,99,99.99
acc_2614,2026-04-15,999,99,99.99
acc_2615,2026-04-15,999,99,99.99
acc_2616,2026-04-15,999,99,99.99
acc_2617,2026-04-15,999,99,99.99
acc_2618,2026-04-15,999,99,99.99
acc_2619,2026-04-15,999,99,99.99
acc_2620,2026-04-15,999,99,99.99
acc_2621,2026-04-15,999,99,99.99
acc_2622,2026-04-15,999,99,99.99
acc_2623,2026-04-15,999,99,99.99
acc_2624,2026-04-15,999,99,99.99
acc_2625,2026-04-15,999,99,99.99
acc_2626,2026-04-15,999,99,99.99
acc_2627,2026-04-15,999,99,99.99
acc_2628,2026-04-15,999,99,99.99
acc_2629,2026-04-15,999,99,99.99
acc_2630,2026-04-15,999,99,99.99
acc_2631,2026-04-15,999,99,99.99
acc_2632,2026-04-15,999,99,99.99
acc_2633,2026-04-15,999,99,99.99
acc_2634,2026-04-15,999,99,99.99
acc_2635,2026-04-15,999,99,99.99
acc_2636,2026-04-15,999,99,99.99
acc_2637,2026-04-15,999,99,99.99
acc_2638,2026-04-15,999,99,99.99
acc_2639,2026-04-15,999,99,99.99
acc_2640,2026-04-15,999,99,99.99
acc_2641,2026-04-15,999,99,99.99
acc_2642,2026-04-15,999,99,99.99
acc_2643,2026-04-15,999,99,99.99
acc_2644,2026-04-15,999,99,99.99
acc_2645,2026-04-15,999,99,99.99
acc_2646,2026-04-15,999,99,99.99
acc_2647,2026-04-15,999,99,99.99
acc_2648,2026-04-15,999,99,99.99
acc_2649,2026-04-15,999,99,99.99
acc_2650,2026-04-15,999,99,99.99
acc_2651,2026-04-15,999,99,99.99
acc_2652,2026-04-15,999,99,99.99
acc_2653,2026-04-15,999,99,99.99
acc_2654,2026-04-15,999,99,99.99
acc_2655,2026-04-15,999,99,99.99
acc_2656,2026-04-15,999,99,99.99
acc_2657,2026-04-15,999,99,99.99
acc_2658,2026-04-15,999,99,99.99
acc_2659,2026-04-15,999,99,99.99
acc_2660,2026-04-15,999,99,99.99
acc_2661,2026-04-15,999,99,99.99
acc_2662,2026-04-15,999,99,99.99
acc_2663,2026-04-15,999,99,99.99
acc_2664,2026-04-15,999,99,99.99
acc_2665,2026-04-15,999,99,99.99
acc_2666,2026-04-15,999,99,99.99
acc_2667,2026-04-15,999,99,99.99
acc_2668,2026-04-15,999,99,99.99
acc_2669,2026-04-15,999,99,99.99
acc_2670,2026-04-15,999,99,99.99
acc_2671,2026-04-15,999,99,99.99
acc_2672,2026-04-15,999,99,99.99
acc_2673,2026-04-15,999,99,99.99
acc_2674,2026-04-15,999,99,99.99
acc_2675,2026-04-15,999,99,99.99
acc_2676,2026-04-15,999,99,99.99
acc_2677,2026-04-15,999,99,99.99
acc_2678,2026-04-15,999,99,99.99
acc_2679,2026-04-15,999,99,99.99
acc_2680,2026-04-15,999,99,99.99
acc_2681,2026-04-15,999,99,99.99
acc_2682,2026-04-15,999,99,99.99
acc_2683,2026-04-15,999,99,99.99
acc_2684,2026-04-15,999,99,99.99
acc_2685,2026-04-15,999,99,99.99
acc_2686,2026-04-15,999,99,99.99
acc_2687,2026-04-15,999,99,99.99
acc_2688,2026-04-15,999,99,99.99
acc_2689,2026-04-15,999,99,99.99
acc_2690,2026-04-15,999,99,99.99
acc_2691,2026-04-15,999,99,99.99
acc_2692,2026-04-15,999,99,99.99
acc_2693,2026-04-15,999,99,99.99
acc_2694,2026-04-15,999,99,99.99
acc_2695,2026-04-15,999,99,99.99
acc_2696,2026-04-15,999,99,99.99
acc_2697,2026-04-15,999,99,99.99
acc_2698,2026-04-15,999,99,99.99
acc_2699,2026-04-15,999,99,99.99
acc_2700,2026-04-15,999,99,99.99
acc_2701,2026-04-15,999,99,99.99
acc_2702,2026-04-15,999,99,99.99
acc_2703,2026-04-15,999,99,99.99
acc_2704,2026-04-15,999,99,99.99
acc_2705,2026-04-15,999,99,99.99
acc_2706,2026-04-15,999,99,99.99
acc_2707,2026-04-15,999,99,99.99
acc_2708,2026-04-15,999,99,99.99
acc_2709,2026-04-15,999,99,99.99
acc_2710,2026-04-15,999,99,99.99
acc_2711,2026-04-15,999,99,99.99
acc_2712,2026-04-15,999,99,99.99
acc_2713,2026-04-15,999,99,99.99
acc_2714,2026-04-15,999,99,99.99
acc_2715,2026-04-15,999,99,99.99
acc_2716,2026-04-15,999,99,99.99
acc_2717,2026-04-15,999,99,99.99
acc_2718,2026-04-15,999,99,99.99
acc_2719,2026-04-15,999,99,99.99
acc_2720,2026-04-15,999,99,99.99
acc_2721,2026-04-15,999,99,99.99
acc_2722,2026-04-15,999,99,99.99
acc_2723,2026-04-15,999,99,99.99
acc_2724,2026-04-15,999,99,99.99
acc_2725,2026-04-15,999,99,99.99
acc_2726,2026-04-15,999,99,99.99
acc_2727,2026-04-15,999,99,99.99
acc_2728,2026-04-15,999,99,99.99
acc_2729,2026-04-15,999,99,99.99
acc_2730,2026-04-15,999,99,99.99
acc_2731,2026-04-15,999,99,99.99
acc_2732,2026-04-15,999,99,99.99
acc_2733,2026-04-15,999,99,99.99
acc_2734,2026-04-15,999,99,99.99
acc_2735,2026-04-15,999,99,99.99
acc_2736,2026-04-15,999,99,99.99
acc_2737,2026-04-15,999,99,99.99
acc_2738,2026-04-15,999,99,99.99
acc_2739,2026-04-15,999,99,99.99
acc_2740,2026-04-15,999,99,99.99
acc_2741,2026-04-15,999,99,99.99
acc_2742,2026-04-15,999,99,99.99
acc_2743,2026-04-15,999,99,99.99
acc_2744,2026-04-15,999,99,99.99
acc_2745,2026-04-15,999,99,99.99
acc_2746,2026-04-15,999,99,99.99
acc_2747,2026-04-15,999,99,99.99
acc_2748,2026-04-15,999,99,99.99
acc_2749,2026-04-15,999,99,99.99
acc_2750,2026-04-15,999,99,99.99
acc_2751,2026-04-15,999,99,99.99
acc_2752,2026-04-15,999,99,99.99
acc_2753,2026-04-15,999,99,99.99
acc_2754,2026-04-15,999,99,99.99
acc_2755,2026-04-15,999,99,99.99
acc_2756,2026-04-15,999,99,99.99
acc_2757,2026-04-15,999,99,99.99
acc_2758,2026-04-15,999,99,99.99
acc_2759,2026-04-15,999,99,99.99
acc_2760,2026-04-15,999,99,99.99
acc_2761,2026-04-15,999,99,99.99
acc_2762,2026-04-15,999,99,99.99
acc_2763,2026-04-15,999,99,99.99
acc_2764,2026-04-15,999,99,99.99
acc_2765,2026-04-15,999,99,99.99
acc_2766,2026-04-15,999,99,99.99
acc_2767,2026-04-15,999,99,99.99
acc_2768,2026-04-15,999,99,99.99
acc_2769,2026-04-15,999,99,99.99
acc_2770,2026-04-15,999,99,99.99
acc_2771,2026-04-15,999,99,99.99
acc_2772,2026-04-15,999,99,99.99
acc_2773,2026-04-15,999,99,99.99
acc_2774,2026-04-15,999,99,99.99
acc_2775,2026-04-15,999,99,99.99
acc_2776,2026-04-15,999,99,99.99
acc_2777,2026-04-15,999,99,99.99
acc_2778,2026-04-15,999,99,99.99
acc_2779,2026-04-15,999,99,99.99
acc_2780,2026-04-15,999,99,99.99
acc_2781,2026-04-15,999,99,99.99
acc_2782,2026-04-15,999,99,99.99
acc_2783,2026-04-15,999,99,99.99
acc_2784,2026-04-15,999,99,99.99
acc_2785,2026-04-15,999,99,99.99
acc_2786,2026-04-15,999,99,99.99
acc_2787,2026-04-15,999,99,99.99
acc_2788,2026-04-15,999,99,99.99
acc_2789,2026-04-15,999,99,99.99
acc_2790,2026-04-15,999,99,99.99
acc_2791,2026-04-15,999,99,99.99
acc_2792,2026-04-15,999,99,99.99
acc_2793,2026-04-15,999,99,99.99
acc_2794,2026-04-15,999,99,99.99
acc_2795,2026-04-15,999,99,99.99
acc_2796,2026-04-15,999,99,99.99
acc_2797,2026-04-15,999,99,99.99
acc_2798,2026-04-15,999,99,99.99
acc_2799,2026-04-15,999,99,99.99
acc_2800,2026-04-15,999,99,99.99
acc_2801,2026-04-15,999,99,99.99
acc_2802,2026-04-15,999,99,99.99
acc_2803,2026-04-15,999,99,99.99
acc_2804,2026-04-15,999,99,99.99
acc_2805,2026-04-15,999,99,99.99
acc_2806,2026-04-15,999,99,99.99
acc_2807,2026-04-15,999,99,99.99
acc_2808,2026-04-15,999,99,99.99
acc_2809,2026-04-15,999,99,99.99
acc_2810,2026-04-15,999,99,99.99
acc_2811,2026-04-15,999,99,99.99
acc_2812,2026-04-15,999,99,99.99
acc_2813,2026-04-15,999,99,99.99
acc_2814,2026-04-15,999,99,99.99
acc_2815,2026-04-15,999,99,99.99
acc_2816,2026-04-15,999,99,99.99
acc_2817,2026-04-15,999,99,99.99
acc_2818,2026-04-15,999,99,99.99
acc_2819,2026-04-15,999,99,99.99
acc_2820,2026-04-15,999,99,99.99
acc_2821,2026-04-15,999,99,99.99
acc_2822,2026-04-15,999,99,99.99
acc_2823,2026-04-15,999,99,99.99
acc_2824,2026-04-15,999,99,99.99
acc_2825,2026-04-15,999,99,99.99
acc_2826,2026-04-15,999,99,99.99
acc_2827,2026-04-15,999,99,99.99
acc_2828,2026-04-15,999,99,99.99
acc_2829,2026-04-15,999,99,99.99
acc_2830,2026-04-15,999,99,99.99
acc_2831,2026-04-15,999,99,99.99
acc_2832,2026-04-15,999,99,99.99
acc_2833,2026-04-15,999,99,99.99
acc_2834,2026-04-15,999,99,99.99
acc_2835,2026-04-15,999,99,99.99
acc_2836,2026-04-15,999,99,99.99
acc_2837,2026-04-15,999,99,99.99
acc_2838,2026-04-15,999,99,99.99
acc_2839,2026-04-15,999,99,99.99
acc_2840,2026-04-15,999,99,99.99
acc_2841,2026-04-15,999,99,99.99
acc_2842,2026-04-15,999,99,99.99
acc_2843,2026-04-15,999,99,99.99
acc_2844,2026-04-15,999,99,99.99
acc_2845,2026-04-15,999,99,99.99
acc_2846,2026-04-15,999,99,99.99
acc_2847,2026-04-15,999,99,99.99
acc_2848,2026-04-15,999,99,99.99
acc_2849,2026-04-15,999,99,99.99
acc_2850,2026-04-15,999,99,99.99
acc_2851,2026-04-15,999,99,99.99
acc_2852,2026-04-15,999,99,99.99
acc_2853,2026-04-15,999,99,99.99
acc_2854,2026-04-15,999,99,99.99
acc_2855,2026-04-15,999,99,99.99
acc_2856,2026-04-15,999,99,99.99
acc_2857,2026-04-15,999,99,99.99
acc_2858,2026-04-15,999,99,99.99
acc_2859,2026-04-15,999,99,99.99
acc_2860,2026-04-15,999,99,99.99
acc_2861,2026-04-15,999,99,99.99
acc_2862,2026-04-15,999,99,99.99
acc_2863,2026-04-15,999,99,99.99
acc_2864,2026-04-15,999,99,99.99
acc_2865,2026-04-15,999,99,99.99
acc_2866,2026-04-15,999,99,99.99
acc_2867,2026-04-15,999,99,99.99
acc_2868,2026-04-15,999,99,99.99
acc_2869,2026-04-15,999,99,99.99
acc_2870,2026-04-15,999,99,99.99
acc_2871,2026-04-15,999,99,99.99
acc_2872,2026-04-15,999,99,99.99
acc_2873,2026-04-15,999,99,99.99
acc_2874,2026-04-15,999,99,99.99
acc_2875,2026-04-15,999,99,99.99
acc_2876,2026-04-15,999,99,99.99
acc_2877,2026-04-15,999,99,99.99
acc_2878,2026-04-15,999,99,99.99
acc_2879,2026-04-15,999,99,99.99
acc_2880,2026-04-15,999,99,99.99
acc_2881,2026-04-15,999,99,99.99
acc_2882,2026-04-15,999,99,99.99
acc_2883,2026-04-15,999,99,99.99
acc_2884,2026-04-15,999,99,99.99
acc_2885,2026-04-15,999,99,99.99
acc_2886,2026-04-15,999,99,99.99
acc_2887,2026-04-15,999,99,99.99
acc_2888,2026-04-15,999,99,99.99
acc_2889,2026-04-15,999,99,99.99
acc_2890,2026-04-15,999,99,99.99
acc_2891,2026-04-15,999,99,99.99
acc_2892,2026-04-15,999,99,99.99
acc_2893,2026-04-15,999,99,99.99
acc_2894,2026-04-15,999,99,99.99
acc_2895,2026-04-15,999,99,99.99
acc_2896,2026-04-15,999,99,99.99
acc_2897,2026-04-15,999,99,99.99
acc_2898,2026-04-15,999,99,99.99
acc_2899,2026-04-15,999,99,99.99
acc_2900,2026-04-15,999,99,99.99
acc_2901,2026-04-15,999,99,99.99
acc_2902,2026-04-15,999,99,99.99
acc_2903,2026-04-15,999,99,99.99
acc_2904,2026-04-15,999,99,99.99
acc_2905,2026-04-15,999,99,99.99
acc_2906,2026-04-15,999,99,99.99
acc_2907,2026-04-15,999,99,99.99
acc_2908,2026-04-15,999,99,99.99
acc_2909,2026-04-15,999,99,99.99
acc_2910,2026-04-15,999,99,99.99
acc_2911,2026-04-15,999,99,99.99
acc_2912,2026-04-15,999,99,99.99
acc_2913,2026-04-15,999,99,99.99
acc_2914,2026-04-15,999,99,99.99
acc_2915,2026-04-15,999,99,99.99
acc_2916,2026-04-15,999,99,99.99
acc_2917,2026-04-15,999,99,99.99
acc_2918,2026-04-15,999,99,99.99
acc_2919,2026-04-15,999,99,99.99
acc_2920,2026-04-15,999,99,99.99
acc_2921,2026-04-15,999,99,99.99
acc_2922,2026-04-15,999,99,99.99
acc_2923,2026-04-15,999,99,99.99
acc_2924,2026-04-15,999,99,99.99
acc_2925,2026-04-15,999,99,99.99
acc_2926,2026-04-15,999,99,99.99
acc_2927,2026-04-15,999,99,99.99
acc_2928,2026-04-15,999,99,99.99
acc_2929,2026-04-15,999,99,99.99
acc_2930,2026-04-15,999,99,99.99
acc_2931,2026-04-15,999,99,99.99
acc_2932,2026-04-15,999,99,99.99
acc_2933,2026-04-15,999,99,99.99
acc_2934,2026-04-15,999,99,99.99
acc_2935,2026-04-15,999,99,99.99
acc_2936,2026-04-15,999,99,99.99
acc_2937,2026-04-15,999,99,99.99
acc_2938,2026-04-15,999,99,99.99
acc_2939,2026-04-15,999,99,99.99
acc_2940,2026-04-15,999,99,99.99
acc_2941,2026-04-15,999,99,99.99
acc_2942,2026-04-15,999,99,99.99
acc_2943,2026-04-15,999,99,99.99
acc_2944,2026-04-15,999,99,99.99
acc_2945,2026-04-15,999,99,99.99
acc_2946,2026-04-15,999,99,99.99
acc_2947,2026-04-15,999,99,99.99
acc_2948,2026-04-15,999,99,99.99
acc_2949,2026-04-15,999,99,99.99
acc_2950,2026-04-15,999,99,99.99
acc_2951,2026-04-15,999,99,99.99
acc_2952,2026-04-15,999,99,99.99
acc_2953,2026-04-15,999,99,99.99
acc_2954,2026-04-15,999,99,99.99
acc_2955,2026-04-15,999,99,99.99
acc_2956,2026-04-15,999,99,99.99
acc_2957,2026-04-15,999,99,99.99
acc_2958,2026-04-15,999,99,99.99
acc_2959,2026-04-15,999,99,99.99
acc_2960,2026-04-15,999,99,99.99
acc_2961,2026-04-15,999,99,99.99
acc_2962,2026-04-15,999,99,99.99
acc_2963,2026-04-15,999,99,99.99
acc_2964,2026-04-15,999,99,99.99
acc_2965,2026-04-15,999,99,99.99
acc_2966,2026-04-15,999,99,99.99
acc_2967,2026-04-15,999,99,99.99
acc_2968,2026-04-15,999,99,99.99
acc_2969,2026-04-15,999,99,99.99
acc_2970,2026-04-15,999,99,99.99
acc_2971,2026-04-15,999,99,99.99
acc_2972,2026-04-15,999,99,99.99
acc_2973,2026-04-15,999,99,99.99
acc_2974,2026-04-15,999,99,99.99
acc_2975,2026-04-15,999,99,99.99
acc_2976,2026-04-15,999,99,99.99
acc_2977,2026-04-15,999,99,99.99
acc_2978,2026-04-15,999,99,99.99
acc_2979,2026-04-15,999,99,99.99
acc_2980,2026-04-15,999,99,99.99
acc_2981,2026-04-15,999,99,99.99
acc_2982,2026-04-15,999,99,99.99
acc_2983,2026-04-15,999,99,99.99
acc_2984,2026-04-15,999,99,99.99
acc_2985,2026-04-15,999,99,99.99
acc_2986,2026-04-15,999,99,99.99
acc_2987,2026-04-15,999,99,99.99
acc_2988,2026-04-15,999,99,99.99
acc_2989,2026-04-15,999,99,99.99
acc_2990,2026-04-15,999,99,99.99
acc_2991,2026-04-15,999,99,99.99
acc_2992,2026-04-15,999,99,99.99
acc_2993,2026-04-15,999,99,99.99
acc_2994,2026-04-15,999,99,99.99
acc_2995,2026-04-15,999,99,99.99
acc_2996,2026-04-15,999,99,99.99
acc_2997,2026-04-15,999,99,99.99
acc_2998,2026-04-15,999,99,99.99
acc_2999,2026-04-15,999,99,99.99
acc_3000,2026-04-15,999,99,99.99
acc_3001,2026-04-15,999,99,99.99
acc_3002,2026-04-15,999,99,99.99
acc_3003,2026-04-15,999,99,99.99
acc_3004,2026-04-15,999,99,99.99
acc_3005,2026-04-15,999,99,99.99
acc_3006,2026-04-15,999,99,99.99
acc_3007,2026-04-15,999,99,99.99
acc_3008,2026-04-15,999,99,99.99
acc_3009,2026-04-15,999,99,99.99
acc_3010,2026-04-15,999,99,99.99
acc_3011,2026-04-15,999,99,99.99
acc_3012,2026-04-15,999,99,99.99
acc_3013,2026-04-15,999,99,99.99
acc_3014,2026-04-15,999,99,99.99
acc_3015,2026-04-15,999,99,99.99
acc_3016,2026-04-15,999,99,99.99
acc_3017,2026-04-15,999,99,99.99
acc_3018,2026-04-15,999,99,99.99
acc_3019,2026-04-15,999,99,99.99
acc_3020,2026-04-15,999,99,99.99
acc_3021,2026-04-15,999,99,99.99
acc_3022,2026-04-15,999,99,99.99
acc_3023,2026-04-15,999,99,99.99
acc_3024,2026-04-15,999,99,99.99
acc_3025,2026-04-15,999,99,99.99
acc_3026,2026-04-15,999,99,99.99
acc_3027,2026-04-15,999,99,99.99
acc_3028,2026-04-15,999,99,99.99
acc_3029,2026-04-15,999,99,99.99
acc_3030,2026-04-15,999,99,99.99
acc_3031,2026-04-15,999,99,99.99
acc_3032,2026-04-15,999,99,99.99
acc_3033,2026-04-15,999,99,99.99
acc_3034,2026-04-15,999,99,99.99
acc_3035,2026-04-15,999,99,99.99
acc_3036,2026-04-15,999,99,99.99
acc_3037,2026-04-15,999,99,99.99
acc_3038,2026-04-15,999,99,99.99
acc_3039,2026-04-15,999,99,99.99
acc_3040,2026-04-15,999,99,99.99
acc_3041,2026-04-15,999,99,99.99
acc_3042,2026-04-15,999,99,99.99
acc_3043,2026-04-15,999,99,99.99
acc_3044,2026-04-15,999,99,99.99
acc_3045,2026-04-15,999,99,99.99
acc_3046,2026-04-15,999,99,99.99
acc_3047,2026-04-15,999,99,99.99
acc_3048,2026-04-15,999,99,99.99
acc_3049,2026-04-15,999,99,99.99
acc_3050,2026-04-15,999,99,99.99
acc_3051,2026-04-15,999,99,99.99
acc_3052,2026-04-15,999,99,99.99
acc_3053,2026-04-15,999,99,99.99
acc_3054,2026-04-15,999,99,99.99
acc_3055,2026-04-15,999,99,99.99
acc_3056,2026-04-15,999,99,99.99
acc_3057,2026-04-15,999,99,99.99
acc_3058,2026-04-15,999,99,99.99
acc_3059,2026-04-15,999,99,99.99
acc_3060,2026-04-15,999,99,99.99
acc_3061,2026-04-15,999,99,99.99
acc_3062,2026-04-15,999,99,99.99
acc_3063,2026-04-15,999,99,99.99
acc_3064,2026-04-15,999,99,99.99
acc_3065,2026-04-15,999,99,99.99
acc_3066,2026-04-15,999,99,99.99
acc_3067,2026-04-15,999,99,99.99
acc_3068,2026-04-15,999,99,99.99
acc_3069,2026-04-15,999,99,99.99
acc_3070,2026-04-15,999,99,99.99
acc_3071,2026-04-15,999,99,99.99
acc_3072,2026-04-15,999,99,99.99
acc_3073,2026-04-15,999,99,99.99
acc_3074,2026-04-15,999,99,99.99
acc_3075,2026-04-15,999,99,99.99
acc_3076,2026-04-15,999,99,99.99
acc_3077,2026-04-15,999,99,99.99
acc_3078,2026-04-15,999,99,99.99
acc_3079,2026-04-15,999,99,99.99
acc_3080,2026-04-15,999,99,99.99
acc_3081,2026-04-15,999,99,99.99
acc_3082,2026-04-15,999,99,99.99
acc_3083,2026-04-15,999,99,99.99
acc_3084,2026-04-15,999,99,99.99
acc_3085,2026-04-15,999,99,99.99
acc_3086,2026-04-15,999,99,99.99
acc_3087,2026-04-15,999,99,99.99
acc_3088,2026-04-15,999,99,99.99
acc_3089,2026-04-15,999,99,99.99
acc_3090,2026-04-15,999,99,99.99
acc_3091,2026-04-15,999,99,99.99
acc_3092,2026-04-15,999,99,99.99
acc_3093,2026-04-15,999,99,99.99
acc_3094,2026-04-15,999,99,99.99
acc_3095,2026-04-15,999,99,99.99
acc_3096,2026-04-15,999,99,99.99
acc_3097,2026-04-15,999,99,99.99
acc_3098,2026-04-15,999,99,99.99
acc_3099,2026-04-15,999,99,99.99
acc_3100,2026-04-15,999,99,99.99
acc_3101,2026-04-15,999,99,99.99
acc_3102,2026-04-15,999,99,99.99
acc_3103,2026-04-15,999,99,99.99
acc_3104,2026-04-15,999,99,99.99
acc_3105,2026-04-15,999,99,99.99
acc_3106,2026-04-15,999,99,99.99
acc_3107,2026-04-15,999,99,99.99
acc_3108,2026-04-15,999,99,99.99
acc_3109,2026-04-15,999,99,99.99
acc_3110,2026-04-15,999,99,99.99
acc_3111,2026-04-15,999,99,99.99
acc_3112,2026-04-15,999,99,99.99
acc_3113,2026-04-15,999,99,99.99
acc_3114,2026-04-15,999,99,99.99
acc_3115,2026-04-15,999,99,99.99
acc_3116,2026-04-15,999,99,99.99
acc_3117,2026-04-15,999,99,99.99
acc_3118,2026-04-15,999,99,99.99
acc_3119,2026-04-15,999,99,99.99
acc_3120,2026-04-15,999,99,99.99
acc_3121,2026-04-15,999,99,99.99
acc_3122,2026-04-15,999,99,99.99
acc_3123,2026-04-15,999,99,99.99
acc_3124,2026-04-15,999,99,99.99
acc_3125,2026-04-15,999,99,99.99
acc_3126,2026-04-15,999,99,99.99
acc_3127,2026-04-15,999,99,99.99
acc_3128,2026-04-15,999,99,99.99
acc_3129,2026-04-15,999,99,99.99
acc_3130,2026-04-15,999,99,99.99
acc_3131,2026-04-15,999,99,99.99
acc_3132,2026-04-15,999,99,99.99
acc_3133,2026-04-15,999,99,99.99
acc_3134,2026-04-15,999,99,99.99
acc_3135,2026-04-15,999,99,99.99
acc_3136,2026-04-15,999,99,99.99
acc_3137,2026-04-15,999,99,99.99
acc_3138,2026-04-15,999,99,99.99
acc_3139,2026-04-15,999,99,99.99
acc_3140,2026-04-15,999,99,99.99
acc_3141,2026-04-15,999,99,99.99
acc_3142,2026-04-15,999,99,99.99
acc_3143,2026-04-15,999,99,99.99
acc_3144,2026-04-15,999,99,99.99
acc_3145,2026-04-15,999,99,99.99
acc_3146,2026-04-15,999,99,99.99
acc_3147,2026-04-15,999,99,99.99
acc_3148,2026-04-15,999,99,99.99
acc_3149,2026-04-15,999,99,99.99
acc_3150,2026-04-15,999,99,99.99
acc_3151,2026-04-15,999,99,99.99
acc_3152,2026-04-15,999,99,99.99
acc_3153,2026-04-15,999,99,99.99
acc_3154,2026-04-15,999,99,99.99
acc_3155,2026-04-15,999,99,99.99
acc_3156,2026-04-15,999,99,99.99
acc_3157,2026-04-15,999,99,99.99
acc_3158,2026-04-15,999,99,99.99
acc_3159,2026-04-15,999,99,99.99
acc_3160,2026-04-15,999,99,99.99
acc_3161,2026-04-15,999,99,99.99
acc_3162,2026-04-15,999,99,99.99
acc_3163,2026-04-15,999,99,99.99
acc_3164,2026-04-15,999,99,99.99
acc_3165,2026-04-15,999,99,99.99
acc_3166,2026-04-15,999,99,99.99
acc_3167,2026-04-15,999,99,99.99
acc_3168,2026-04-15,999,99,99.99
acc_3169,2026-04-15,999,99,99.99
acc_3170,2026-04-15,999,99,99.99
acc_3171,2026-04-15,999,99,99.99
acc_3172,2026-04-15,999,99,99.99
acc_3173,2026-04-15,999,99,99.99
acc_3174,2026-04-15,999,99,99.99
acc_3175,2026-04-15,999,99,99.99
acc_3176,2026-04-15,999,99,99.99
acc_3177,2026-04-15,999,99,99.99
acc_3178,2026-04-15,999,99,99.99
acc_3179,2026-04-15,999,99,99.99
acc_3180,2026-04-15,999,99,99.99
acc_3181,2026-04-15,999,99,99.99
acc_3182,2026-04-15,999,99,99.99
acc_3183,2026-04-15,999,99,99.99
acc_3184,2026-04-15,999,99,99.99
acc_3185,2026-04-15,999,99,99.99
acc_3186,2026-04-15,999,99,99.99
acc_3187,2026-04-15,999,99,99.99
acc_3188,2026-04-15,999,99,99.99
acc_3189,2026-04-15,999,99,99.99
acc_3190,2026-04-15,999,99,99.99
acc_3191,2026-04-15,999,99,99.99
acc_3192,2026-04-15,999,99,99.99
acc_3193,2026-04-15,999,99,99.99
acc_3194,2026-04-15,999,99,99.99
acc_3195,2026-04-15,999,99,99.99
acc_3196,2026-04-15,999,99,99.99
acc_3197,2026-04-15,999,99,99.99
acc_3198,2026-04-15,999,99,99.99
acc_3199,2026-04-15,999,99,99.99
acc_3200,2026-04-15,999,99,99.99
acc_3201,2026-04-15,999,99,99.99
acc_3202,2026-04-15,999,99,99.99
acc_3203,2026-04-15,999,99,99.99
acc_3204,2026-04-15,999,99,99.99
acc_3205,2026-04-15,999,99,99.99
acc_3206,2026-04-15,999,99,99.99
acc_3207,2026-04-15,999,99,99.99
acc_3208,2026-04-15,999,99,99.99
acc_3209,2026-04-15,999,99,99.99
acc_3210,2026-04-15,999,99,99.99
acc_3211,2026-04-15,999,99,99.99
acc_3212,2026-04-15,999,99,99.99
acc_3213,2026-04-15,999,99,99.99
acc_3214,2026-04-15,999,99,99.99
acc_3215,2026-04-15,999,99,99.99
acc_3216,2026-04-15,999,99,99.99
acc_3217,2026-04-15,999,99,99.99
acc_3218,2026-04-15,999,99,99.99
acc_3219,2026-04-15,999,99,99.99
acc_3220,2026-04-15,999,99,99.99
acc_3221,2026-04-15,999,99,99.99
acc_3222,2026-04-15,999,99,99.99
acc_3223,2026-04-15,999,99,99.99
acc_3224,2026-04-15,999,99,99.99
acc_3225,2026-04-15,999,99,99.99
acc_3226,2026-04-15,999,99,99.99
acc_3227,2026-04-15,999,99,99.99
acc_3228,2026-04-15,999,99,99.99
acc_3229,2026-04-15,999,99,99.99
acc_3230,2026-04-15,999,99,99.99
acc_3231,2026-04-15,999,99,99.99
acc_3232,2026-04-15,999,99,99.99
acc_3233,2026-04-15,999,99,99.99
acc_3234,2026-04-15,999,99,99.99
acc_3235,2026-04-15,999,99,99.99
acc_3236,2026-04-15,999,99,99.99
acc_3237,2026-04-15,999,99,99.99
acc_3238,2026-04-15,999,99,99.99
acc_3239,2026-04-15,999,99,99.99
acc_3240,2026-04-15,999,99,99.99
acc_3241,2026-04-15,999,99,99.99
acc_3242,2026-04-15,999,99,99.99
acc_3243,2026-04-15,999,99,99.99
acc_3244,2026-04-15,999,99,99.99
acc_3245,2026-04-15,999,99,99.99
acc_3246,2026-04-15,999,99,99.99
acc_3247,2026-04-15,999,99,99.99
acc_3248,2026-04-15,999,99,99.99
acc_3249,2026-04-15,999,99,99.99
acc_3250,2026-04-15,999,99,99.99
acc_3251,2026-04-15,999,99,99.99
acc_3252,2026-04-15,999,99,99.99
acc_3253,2026-04-15,999,99,99.99
acc_3254,2026-04-15,999,99,99.99
acc_3255,2026-04-15,999,99,99.99
acc_3256,2026-04-15,999,99,99.99
acc_3257,2026-04-15,999,99,99.99
acc_3258,2026-04-15,999,99,99.99
acc_3259,2026-04-15,999,99,99.99
acc_3260,2026-04-15,999,99,99.99
acc_3261,2026-04-15,999,99,99.99
acc_3262,2026-04-15,999,99,99.99
acc_3263,2026-04-15,999,99,99.99
acc_3264,2026-04-15,999,99,99.99
acc_3265,2026-04-15,999,99,99.99
acc_3266,2026-04-15,999,99,99.99
acc_3267,2026-04-15,999,99,99.99
acc_3268,2026-04-15,999,99,99.99
acc_3269,2026-04-15,999,99,99.99
acc_3270,2026-04-15,999,99,99.99
acc_3271,2026-04-15,999,99,99.99
acc_3272,2026-04-15,999,99,99.99
acc_3273,2026-04-15,999,99,99.99
acc_3274,2026-04-15,999,99,99.99
acc_3275,2026-04-15,999,99,99.99
acc_3276,2026-04-15,999,99,99.99
acc_3277,2026-04-15,999,99,99.99
acc_3278,2026-04-15,999,99,99.99
acc_3279,2026-04-15,999,99,99.99
acc_3280,2026-04-15,999,99,99.99
acc_3281,2026-04-15,999,99,99.99
acc_3282,2026-04-15,999,99,99.99
acc_3283,2026-04-15,999,99,99.99
acc_3284,2026-04-15,999,99,99.99
acc_3285,2026-04-15,999,99,99.99
acc_3286,2026-04-15,999,99,99.99
acc_3287,2026-04-15,999,99,99.99
acc_3288,2026-04-15,999,99,99.99
acc_3289,2026-04-15,999,99,99.99
acc_3290,2026-04-15,999,99,99.99
acc_3291,2026-04-15,999,99,99.99
acc_3292,2026-04-15,999,99,99.99
acc_3293,2026-04-15,999,99,99.99
acc_3294,2026-04-15,999,99,99.99
acc_3295,2026-04-15,999,99,99.99
acc_3296,2026-04-15,999,99,99.99
acc_3297,2026-04-15,999,99,99.99
acc_3298,2026-04-15,999,99,99.99
acc_3299,2026-04-15,999,99,99.99
acc_3300,2026-04-15,999,99,99.99
acc_3301,2026-04-15,999,99,99.99
acc_3302,2026-04-15,999,99,99.99
acc_3303,2026-04-15,999,99,99.99
acc_3304,2026-04-15,999,99,99.99
acc_3305,2026-04-15,999,99,99.99
acc_3306,2026-04-15,999,99,99.99
acc_3307,2026-04-15,999,99,99.99
acc_3308,2026-04-15,999,99,99.99
acc_3309,2026-04-15,999,99,99.99
acc_3310,2026-04-15,999,99,99.99
acc_3311,2026-04-15,999,99,99.99
acc_3312,2026-04-15,999,99,99.99
acc_3313,2026-04-15,999,99,99.99
acc_3314,2026-04-15,999,99,99.99
acc_3315,2026-04-15,999,99,99.99
acc_3316,2026-04-15,999,99,99.99
acc_3317,2026-04-15,999,99,99.99
acc_3318,2026-04-15,999,99,99.99
acc_3319,2026-04-15,999,99,99.99
acc_3320,2026-04-15,999,99,99.99
acc_3321,2026-04-15,999,99,99.99
acc_3322,2026-04-15,999,99,99.99
acc_3323,2026-04-15,999,99,99.99
acc_3324,2026-04-15,999,99,99.99
acc_3325,2026-04-15,999,99,99.99
acc_3326,2026-04-15,999,99,99.99
acc_3327,2026-04-15,999,99,99.99
acc_3328,2026-04-15,999,99,99.99
acc_3329,2026-04-15,999,99,99.99
acc_3330,2026-04-15,999,99,99.99
acc_3331,2026-04-15,999,99,99.99
acc_3332,2026-04-15,999,99,99.99
acc_3333,2026-04-15,999,99,99.99
acc_3334,2026-04-15,999,99,99.99
acc_3335,2026-04-15,999,99,99.99
acc_3336,2026-04-15,999,99,99.99
acc_3337,2026-04-15,999,99,99.99
acc_3338,2026-04-15,999,99,99.99
acc_3339,2026-04-15,999,99,99.99
acc_3340,2026-04-15,999,99,99.99
acc_3341,2026-04-15,999,99,99.99
acc_3342,2026-04-15,999,99,99.99
acc_3343,2026-04-15,999,99,99.99
acc_3344,2026-04-15,999,99,99.99
acc_3345,2026-04-15,999,99,99.99
acc_3346,2026-04-15,999,99,99.99
acc_3347,2026-04-15,999,99,99.99
acc_3348,2026-04-15,999,99,99.99
acc_3349,2026-04-15,999,99,99.99
acc_3350,2026-04-15,999,99,99.99
acc_3351,2026-04-15,999,99,99.99
acc_3352,2026-04-15,999,99,99.99
acc_3353,2026-04-15,999,99,99.99
acc_3354,2026-04-15,999,99,99.99
acc_3355,2026-04-15,999,99,99.99
acc_3356,2026-04-15,999,99,99.99
acc_3357,2026-04-15,999,99,99.99
acc_3358,2026-04-15,999,99,99.99
acc_3359,2026-04-15,999,99,99.99
acc_3360,2026-04-15,999,99,99.99
acc_3361,2026-04-15,999,99,99.99
acc_3362,2026-04-15,999,99,99.99
acc_3363,2026-04-15,999,99,99.99
acc_3364,2026-04-15,999,99,99.99
acc_3365,2026-04-15,999,99,99.99
acc_3366,2026-04-15,999,99,99.99
acc_3367,2026-04-15,999,99,99.99
acc_3368,2026-04-15,999,99,99.99
acc_3369,2026-04-15,999,99,99.99
acc_3370,2026-04-15,999,99,99.99
acc_3371,2026-04-15,999,99,99.99
acc_3372,2026-04-15,999,99,99.99
acc_3373,2026-04-15,999,99,99.99
acc_3374,2026-04-15,999,99,99.99
acc_3375,2026-04-15,999,99,99.99
acc_3376,2026-04-15,999,99,99.99
acc_3377,2026-04-15,999,99,99.99
acc_3378,2026-04-15,999,99,99.99
acc_3379,2026-04-15,999,99,99.99
acc_3380,2026-04-15,999,99,99.99
acc_3381,2026-04-15,999,99,99.99
acc_3382,2026-04-15,999,99,99.99
acc_3383,2026-04-15,999,99,99.99
acc_3384,2026-04-15,999,99,99.99
acc_3385,2026-04-15,999,99,99.99
acc_3386,2026-04-15,999,99,99.99
acc_3387,2026-04-15,999,99,99.99
acc_3388,2026-04-15,999,99,99.99
acc_3389,2026-04-15,999,99,99.99
acc_3390,2026-04-15,999,99,99.99
acc_3391,2026-04-15,999,99,99.99
acc_3392,2026-04-15,999,99,99.99
acc_3393,2026-04-15,999,99,99.99
acc_3394,2026-04-15,999,99,99.99
acc_3395,2026-04-15,999,99,99.99
acc_3396,2026-04-15,999,99,99.99
acc_3397,2026-04-15,999,99,99.99
acc_3398,2026-04-15,999,99,99.99
acc_3399,2026-04-15,999,99,99.99
acc_3400,2026-04-15,999,99,99.99
acc_3401,2026-04-15,999,99,99.99
acc_3402,2026-04-15,999,99,99.99
acc_3403,2026-04-15,999,99,99.99
acc_3404,2026-04-15,999,99,99.99
acc_3405,2026-04-15,999,99,99.99
acc_3406,2026-04-15,999,99,99.99
acc_3407,2026-04-15,999,99,99.99
acc_3408,2026-04-15,999,99,99.99
acc_3409,2026-04-15,999,99,99.99
acc_3410,2026-04-15,999,99,99.99
acc_3411,2026-04-15,999,99,99.99
acc_3412,2026-04-15,999,99,99.99
acc_3413,2026-04-15,999,99,99.99
acc_3414,2026-04-15,999,99,99.99
acc_3415,2026-04-15,999,99,99.99
acc_3416,2026-04-15,999,99,99.99
acc_3417,2026-04-15,999,99,99.99
acc_3418,2026-04-15,999,99,99.99
acc_3419,2026-04-15,999,99,99.99
acc_3420,2026-04-15,999,99,99.99
acc_3421,2026-04-15,999,99,99.99
acc_3422,2026-04-15,999,99,99.99
acc_3423,2026-04-15,999,99,99.99
acc_3424,2026-04-15,999,99,99.99
acc_3425,2026-04-15,999,99,99.99
acc_3426,2026-04-15,999,99,99.99
acc_3427,2026-04-15,999,99,99.99
acc_3428,2026-04-15,999,99,99.99
acc_3429,2026-04-15,999,99,99.99
acc_3430,2026-04-15,999,99,99.99
acc_3431,2026-04-15,999,99,99.99
acc_3432,2026-04-15,999,99,99.99
acc_3433,2026-04-15,999,99,99.99
acc_3434,2026-04-15,999,99,99.99
acc_3435,2026-04-15,999,99,99.99
acc_3436,2026-04-15,999,99,99.99
acc_3437,2026-04-15,999,99,99.99
acc_3438,2026-04-15,999,99,99.99
acc_3439,2026-04-15,999,99,99.99
acc_3440,2026-04-15,999,99,99.99
acc_3441,2026-04-15,999,99,99.99
acc_3442,2026-04-15,999,99,99.99
acc_3443,2026-04-15,999,99,99.99
acc_3444,2026-04-15,999,99,99.99
acc_3445,2026-04-15,999,99,99.99
acc_3446,2026-04-15,999,99,99.99
acc_3447,2026-04-15,999,99,99.99
acc_3448,2026-04-15,999,99,99.99
acc_3449,2026-04-15,999,99,99.99
acc_3450,2026-04-15,999,99,99.99
acc_3451,2026-04-15,999,99,99.99
acc_3452,2026-04-15,999,99,99.99
acc_3453,2026-04-15,999,99,99.99
acc_3454,2026-04-15,999,99,99.99
acc_3455,2026-04-15,999,99,99.99
acc_3456,2026-04-15,999,99,99.99
acc_3457,2026-04-15,999,99,99.99
acc_3458,2026-04-15,999,99,99.99
acc_3459,2026-04-15,999,99,99.99
acc_3460,2026-04-15,999,99,99.99
acc_3461,2026-04-15,999,99,99.99
acc_3462,2026-04-15,999,99,99.99
acc_3463,2026-04-15,999,99,99.99
acc_3464,2026-04-15,999,99,99.99
acc_3465,2026-04-15,999,99,99.99
acc_3466,2026-04-15,999,99,99.99
acc_3467,2026-04-15,999,99,99.99
acc_3468,2026-04-15,999,99,99.99
acc_3469,2026-04-15,999,99,99.99
acc_3470,2026-04-15,999,99,99.99
acc_3471,2026-04-15,999,99,99.99
acc_3472,2026-04-15,999,99,99.99
acc_3473,2026-04-15,999,99,99.99
acc_3474,2026-04-15,999,99,99.99
acc_3475,2026-04-15,999,99,99.99
acc_3476,2026-04-15,999,99,99.99
acc_3477,2026-04-15,999,99,99.99
acc_3478,2026-04-15,999,99,99.99
acc_3479,2026-04-15,999,99,99.99
acc_3480,2026-04-15,999,99,99.99
acc_3481,2026-04-15,999,99,99.99
acc_3482,2026-04-15,999,99,99.99
acc_3483,2026-04-15,999,99,99.99
acc_3484,2026-04-15,999,99,99.99
acc_3485,2026-04-15,999,99,99.99
acc_3486,2026-04-15,999,99,99.99
acc_3487,2026-04-15,999,99,99.99
acc_3488,2026-04-15,999,99,99.99
acc_3489,2026-04-15,999,99,99.99
acc_3490,2026-04-15,999,99,99.99
acc_3491,2026-04-15,999,99,99.99
acc_3492,2026-04-15,999,99,99.99
acc_3493,2026-04-15,999,99,99.99
acc_3494,2026-04-15,999,99,99.99
acc_3495,2026-04-15,999,99,99.99
acc_3496,2026-04-15,999,99,99.99
acc_3497,2026-04-15,999,99,99.99
acc_3498,2026-04-15,999,99,99.99
acc_3499,2026-04-15,999,99,99.99
acc_3500,2026-04-15,999,99,99.99
acc_3501,2026-04-15,999,99,99.99
acc_3502,2026-04-15,999,99,99.99
acc_3503,2026-04-15,999,99,99.99
acc_3504,2026-04-15,999,99,99.99
acc_3505,2026-04-15,999,99,99.99
acc_3506,2026-04-15,999,99,99.99
acc_3507,2026-04-15,999,99,99.99
acc_3508,2026-04-15,999,99,99.99
acc_3509,2026-04-15,999,99,99.99
acc_3510,2026-04-15,999,99,99.99
acc_3511,2026-04-15,999,99,99.99
acc_3512,2026-04-15,999,99,99.99
acc_3513,2026-04-15,999,99,99.99
acc_3514,2026-04-15,999,99,99.99
acc_3515,2026-04-15,999,99,99.99
acc_3516,2026-04-15,999,99,99.99
acc_3517,2026-04-15,999,99,99.99
acc_3518,2026-04-15,999,99,99.99
acc_3519,2026-04-15,999,99,99.99
acc_3520,2026-04-15,999,99,99.99
acc_3521,2026-04-15,999,99,99.99
acc_3522,2026-04-15,999,99,99.99
acc_3523,2026-04-15,999,99,99.99
acc_3524,2026-04-15,999,99,99.99
acc_3525,2026-04-15,999,99,99.99
acc_3526,2026-04-15,999,99,99.99
acc_3527,2026-04-15,999,99,99.99
acc_3528,2026-04-15,999,99,99.99
acc_3529,2026-04-15,999,99,99.99
acc_3530,2026-04-15,999,99,99.99
acc_3531,2026-04-15,999,99,99.99
acc_3532,2026-04-15,999,99,99.99
acc_3533,2026-04-15,999,99,99.99
acc_3534,2026-04-15,999,99,99.99
acc_3535,2026-04-15,999,99,99.99
acc_3536,2026-04-15,999,99,99.99
acc_3537,2026-04-15,999,99,99.99
acc_3538,2026-04-15,999,99,99.99
acc_3539,2026-04-15,999,99,99.99
acc_3540,2026-04-15,999,99,99.99
acc_3541,2026-04-15,999,99,99.99
acc_3542,2026-04-15,999,99,99.99
acc_3543,2026-04-15,999,99,99.99
acc_3544,2026-04-15,999,99,99.99
acc_3545,2026-04-15,999,99,99.99
acc_3546,2026-04-15,999,99,99.99
acc_3547,2026-04-15,999,99,99.99
acc_3548,2026-04-15,999,99,99.99
acc_3549,2026-04-15,999,99,99.99
acc_3550,2026-04-15,999,99,99.99
acc_3551,2026-04-15,999,99,99.99
acc_3552,2026-04-15,999,99,99.99
acc_3553,2026-04-15,999,99,99.99
acc_3554,2026-04-15,999,99,99.99
acc_3555,2026-04-15,999,99,99.99
acc_3556,2026-04-15,999,99,99.99
acc_3557,2026-04-15,999,99,99.99
acc_3558,2026-04-15,999,99,99.99
acc_3559,2026-04-15,999,99,99.99
acc_3560,2026-04-15,999,99,99.99
acc_3561,2026-04-15,999,99,99.99
acc_3562,2026-04-15,999,99,99.99
acc_3563,2026-04-15,999,99,99.99
acc_3564,2026-04-15,999,99,99.99
acc_3565,2026-04-15,999,99,99.99
acc_3566,2026-04-15,999,99,99.99
acc_3567,2026-04-15,999,99,99.99
acc_3568,2026-04-15,999,99,99.99
acc_3569,2026-04-15,999,99,99.99
acc_3570,2026-04-15,999,99,99.99
acc_3571,2026-04-15,999,99,99.99
acc_3572,2026-04-15,999,99,99.99
acc_3573,2026-04-15,999,99,99.99
acc_3574,2026-04-15,999,99,99.99
acc_3575,2026-04-15,999,99,99.99
acc_3576,2026-04-15,999,99,99.99
acc_3577,2026-04-15,999,99,99.99
acc_3578,2026-04-15,999,99,99.99
acc_3579,2026-04-15,999,99,99.99
acc_3580,2026-04-15,999,99,99.99
acc_3581,2026-04-15,999,99,99.99
acc_3582,2026-04-15,999,99,99.99
acc_3583,2026-04-15,999,99,99.99
acc_3584,2026-04-15,999,99,99.99
acc_3585,2026-04-15,999,99,99.99
acc_3586,2026-04-15,999,99,99.99
acc_3587,2026-04-15,999,99,99.99
acc_3588,2026-04-15,999,99,99.99
acc_3589,2026-04-15,999,99,99.99
acc_3590,2026-04-15,999,99,99.99
acc_3591,2026-04-15,999,99,99.99
acc_3592,2026-04-15,999,99,99.99
acc_3593,2026-04-15,999,99,99.99
acc_3594,2026-04-15,999,99,99.99
acc_3595,2026-04-15,999,99,99.99
acc_3596,2026-04-15,999,99,99.99
acc_3597,2026-04-15,999,99,99.99
acc_3598,2026-04-15,999,99,99.99
acc_3599,2026-04-15,999,99,99.99
acc_3600,2026-04-15,999,99,99.99
acc_3601,2026-04-15,999,99,99.99
acc_3602,2026-04-15,999,99,99.99
acc_3603,2026-04-15,999,99,99.99
acc_3604,2026-04-15,999,99,99.99
acc_3605,2026-04-15,999,99,99.99
acc_3606,2026-04-15,999,99,99.99
acc_3607,2026-04-15,999,99,99.99
acc_3608,2026-04-15,999,99,99.99
acc_3609,2026-04-15,999,99,99.99
acc_3610,2026-04-15,999,99,99.99
acc_3611,2026-04-15,999,99,99.99
acc_3612,2026-04-15,999,99,99.99
acc_3613,2026-04-15,999,99,99.99
acc_3614,2026-04-15,999,99,99.99
acc_3615,2026-04-15,999,99,99.99
acc_3616,2026-04-15,999,99,99.99
acc_3617,2026-04-15,999,99,99.99
acc_3618,2026-04-15,999,99,99.99
acc_3619,2026-04-15,999,99,99.99
acc_3620,2026-04-15,999,99,99.99
acc_3621,2026-04-15,999,99,99.99
acc_3622,2026-04-15,999,99,99.99
acc_3623,2026-04-15,999,99,99.99
acc_3624,2026-04-15,999,99,99.99
acc_3625,2026-04-15,999,99,99.99
acc_3626,2026-04-15,999,99,99.99
acc_3627,2026-04-15,999,99,99.99
acc_3628,2026-04-15,999,99,99.99
acc_3629,2026-04-15,999,99,99.99
acc_3630,2026-04-15,999,99,99.99
acc_3631,2026-04-15,999,99,99.99
acc_3632,2026-04-15,999,99,99.99
acc_3633,2026-04-15,999,99,99.99
acc_3634,2026-04-15,999,99,99.99
acc_3635,2026-04-15,999,99,99.99
acc_3636,2026-04-15,999,99,99.99
acc_3637,2026-04-15,999,99,99.99
acc_3638,2026-04-15,999,99,99.99
acc_3639,2026-04-15,999,99,99.99
acc_3640,2026-04-15,999,99,99.99
acc_3641,2026-04-15,999,99,99.99
acc_3642,2026-04-15,999,99,99.99
acc_3643,2026-04-15,999,99,99.99
acc_3644,2026-04-15,999,99,99.99
acc_3645,2026-04-15,999,99,99.99
acc_3646,2026-04-15,999,99,99.99
acc_3647,2026-04-15,999,99,99.99
acc_3648,2026-04-15,999,99,99.99
acc_3649,2026-04-15,999,99,99.99
acc_3650,2026-04-15,999,99,99.99
acc_3651,2026-04-15,999,99,99.99
acc_3652,2026-04-15,999,99,99.99
acc_3653,2026-04-15,999,99,99.99
acc_3654,2026-04-15,999,99,99.99
acc_3655,2026-04-15,999,99,99.99
acc_3656,2026-04-15,999,99,99.99
acc_3657,2026-04-15,999,99,99.99
acc_3658,2026-04-15,999,99,99.99
acc_3659,2026-04-15,999,99,99.99
acc_3660,2026-04-15,999,99,99.99
acc_3661,2026-04-15,999,99,99.99
acc_3662,2026-04-15,999,99,99.99
acc_3663,2026-04-15,999,99,99.99
acc_3664,2026-04-15,999,99,99.99
acc_3665,2026-04-15,999,99,99.99
acc_3666,2026-04-15,999,99,99.99
acc_3667,2026-04-15,999,99,99.99
acc_3668,2026-04-15,999,99,99.99
acc_3669,2026-04-15,999,99,99.99
acc_3670,2026-04-15,999,99,99.99
acc_3671,2026-04-15,999,99,99.99
acc_3672,2026-04-15,999,99,99.99
acc_3673,2026-04-15,999,99,99.99
acc_3674,2026-04-15,999,99,99.99
acc_3675,2026-04-15,999,99,99.99
acc_3676,2026-04-15,999,99,99.99
acc_3677,2026-04-15,999,99,99.99
acc_3678,2026-04-15,999,99,99.99
acc_3679,2026-04-15,999,99,99.99
acc_3680,2026-04-15,999,99,99.99
acc_3681,2026-04-15,999,99,99.99
acc_3682,2026-04-15,999,99,99.99
acc_3683,2026-04-15,999,99,99.99
acc_3684,2026-04-15,999,99,99.99
acc_3685,2026-04-15,999,99,99.99
acc_3686,2026-04-15,999,99,99.99
acc_3687,2026-04-15,999,99,99.99
acc_3688,2026-04-15,999,99,99.99
acc_3689,2026-04-15,999,99,99.99
acc_3690,2026-04-15,999,99,99.99
acc_3691,2026-04-15,999,99,99.99
acc_3692,2026-04-15,999,99,99.99
acc_3693,2026-04-15,999,99,99.99
acc_3694,2026-04-15,999,99,99.99
acc_3695,2026-04-15,999,99,99.99
acc_3696,2026-04-15,999,99,99.99
acc_3697,2026-04-15,999,99,99.99
acc_3698,2026-04-15,999,99,99.99
acc_3699,2026-04-15,999,99,99.99
acc_3700,2026-04-15,999,99,99.99
acc_3701,2026-04-15,999,99,99.99
acc_3702,2026-04-15,999,99,99.99
acc_3703,2026-04-15,999,99,99.99
acc_3704,2026-04-15,999,99,99.99
acc_3705,2026-04-15,999,99,99.99
acc_3706,2026-04-15,999,99,99.99
acc_3707,2026-04-15,999,99,99.99
acc_3708,2026-04-15,999,99,99.99
acc_3709,2026-04-15,999,99,99.99
acc_3710,2026-04-15,999,99,99.99
acc_3711,2026-04-15,999,99,99.99
acc_3712,2026-04-15,999,99,99.99
acc_3713,2026-04-15,999,99,99.99
acc_3714,2026-04-15,999,99,99.99
acc_3715,2026-04-15,999,99,99.99
acc_3716,2026-04-15,999,99,99.99
acc_3717,2026-04-15,999,99,99.99
acc_3718,2026-04-15,999,99,99.99
acc_3719,2026-04-15,999,99,99.99
acc_3720,2026-04-15,999,99,99.99
acc_3721,2026-04-15,999,99,99.99
acc_3722,2026-04-15,999,99,99.99
acc_3723,2026-04-15,999,99,99.99
acc_3724,2026-04-15,999,99,99.99
acc_3725,2026-04-15,999,99,99.99
acc_3726,2026-04-15,999,99,99.99
acc_3727,2026-04-15,999,99,99.99
acc_3728,2026-04-15,999,99,99.99
acc_3729,2026-04-15,999,99,99.99
acc_3730,2026-04-15,999,99,99.99
acc_3731,2026-04-15,999,99,99.99
acc_3732,2026-04-15,999,99,99.99
acc_3733,2026-04-15,999,99,99.99
acc_3734,2026-04-15,999,99,99.99
acc_3735,2026-04-15,999,99,99.99
acc_3736,2026-04-15,999,99,99.99
acc_3737,2026-04-15,999,99,99.99
acc_3738,2026-04-15,999,99,99.99
acc_3739,2026-04-15,999,99,99.99
acc_3740,2026-04-15,999,99,99.99
acc_3741,2026-04-15,999,99,99.99
acc_3742,2026-04-15,999,99,99.99
acc_3743,2026-04-15,999,99,99.99
acc_3744,2026-04-15,999,99,99.99
acc_3745,2026-04-15,999,99,99.99
acc_3746,2026-04-15,999,99,99.99
acc_3747,2026-04-15,999,99,99.99
acc_3748,2026-04-15,999,99,99.99
acc_3749,2026-04-15,999,99,99.99
acc_3750,2026-04-15,999,99,99.99
acc_3751,2026-04-15,999,99,99.99
acc_3752,2026-04-15,999,99,99.99
acc_3753,2026-04-15,999,99,99.99
acc_3754,2026-04-15,999,99,99.99
acc_3755,2026-04-15,999,99,99.99
acc_3756,2026-04-15,999,99,99.99
acc_3757,2026-04-15,999,99,99.99
acc_3758,2026-04-15,999,99,99.99
acc_3759,2026-04-15,999,99,99.99
acc_3760,2026-04-15,999,99,99.99
acc_3761,2026-04-15,999,99,99.99
acc_3762,2026-04-15,999,99,99.99
acc_3763,2026-04-15,999,99,99.99
acc_3764,2026-04-15,999,99,99.99
acc_3765,2026-04-15,999,99,99.99
acc_3766,2026-04-15,999,99,99.99
acc_3767,2026-04-15,999,99,99.99
acc_3768,2026-04-15,999,99,99.99
acc_3769,2026-04-15,999,99,99.99
acc_3770,2026-04-15,999,99,99.99
acc_3771,2026-04-15,999,99,99.99
acc_3772,2026-04-15,999,99,99.99
acc_3773,2026-04-15,999,99,99.99
acc_3774,2026-04-15,999,99,99.99
acc_3775,2026-04-15,999,99,99.99
acc_3776,2026-04-15,999,99,99.99
acc_3777,2026-04-15,999,99,99.99
acc_3778,2026-04-15,999,99,99.99
acc_3779,2026-04-15,999,99,99.99
acc_3780,2026-04-15,999,99,99.99
acc_3781,2026-04-15,999,99,99.99
acc_3782,2026-04-15,999,99,99.99
acc_3783,2026-04-15,999,99,99.99
acc_3784,2026-04-15,999,99,99.99
acc_3785,2026-04-15,999,99,99.99
acc_3786,2026-04-15,999,99,99.99
acc_3787,2026-04-15,999,99,99.99
acc_3788,2026-04-15,999,99,99.99
acc_3789,2026-04-15,999,99,99.99
acc_3790,2026-04-15,999,99,99.99
acc_3791,2026-04-15,999,99,99.99
acc_3792,2026-04-15,999,99,99.99
acc_3793,2026-04-15,999,99,99.99
acc_3794,2026-04-15,999,99,99.99
acc_3795,2026-04-15,999,99,99.99
acc_3796,2026-04-15,999,99,99.99
acc_3797,2026-04-15,999,99,99.99
acc_3798,2026-04-15,999,99,99.99
acc_3799,2026-04-15,999,99,99.99
acc_3800,2026-04-15,999,99,99.99
acc_3801,2026-04-15,999,99,99.99
acc_3802,2026-04-15,999,99,99.99
acc_3803,2026-04-15,999,99,99.99
acc_3804,2026-04-15,999,99,99.99
acc_3805,2026-04-15,999,99,99.99
acc_3806,2026-04-15,999,99,99.99
acc_3807,2026-04-15,999,99,99.99
acc_3808,2026-04-15,999,99,99.99
acc_3809,2026-04-15,999,99,99.99
acc_3810,2026-04-15,999,99,99.99
acc_3811,2026-04-15,999,99,99.99
acc_3812,2026-04-15,999,99,99.99
acc_3813,2026-04-15,999,99,99.99
acc_3814,2026-04-15,999,99,99.99
acc_3815,2026-04-15,999,99,99.99
acc_3816,2026-04-15,999,99,99.99
acc_3817,2026-04-15,999,99,99.99
acc_3818,2026-04-15,999,99,99.99
acc_3819,2026-04-15,999,99,99.99
acc_3820,2026-04-15,999,99,99.99
acc_3821,2026-04-15,999,99,99.99
acc_3822,2026-04-15,999,99,99.99
acc_3823,2026-04-15,999,99,99.99
acc_3824,2026-04-15,999,99,99.99
acc_3825,2026-04-15,999,99,99.99
acc_3826,2026-04-15,999,99,99.99
acc_3827,2026-04-15,999,99,99.99
acc_3828,2026-04-15,999,99,99.99
acc_3829,2026-04-15,999,99,99.99
acc_3830,2026-04-15,999,99,99.99
acc_3831,2026-04-15,999,99,99.99
acc_3832,2026-04-15,999,99,99.99
acc_3833,2026-04-15,999,99,99.99
acc_3834,2026-04-15,999,99,99.99
acc_3835,2026-04-15,999,99,99.99
acc_3836,2026-04-15,999,99,99.99
acc_3837,2026-04-15,999,99,99.99
acc_3838,2026-04-15,999,99,99.99
acc_3839,2026-04-15,999,99,99.99
acc_3840,2026-04-15,999,99,99.99
acc_3841,2026-04-15,999,99,99.99
acc_3842,2026-04-15,999,99,99.99
acc_3843,2026-04-15,999,99,99.99
acc_3844,2026-04-15,999,99,99.99
acc_3845,2026-04-15,999,99,99.99
acc_3846,2026-04-15,999,99,99.99
acc_3847,2026-04-15,999,99,99.99
acc_3848,2026-04-15,999,99,99.99
acc_3849,2026-04-15,999,99,99.99
acc_3850,2026-04-15,999,99,99.99
acc_3851,2026-04-15,999,99,99.99
acc_3852,2026-04-15,999,99,99.99
acc_3853,2026-04-15,999,99,99.99
acc_3854,2026-04-15,999,99,99.99
acc_3855,2026-04-15,999,99,99.99
acc_3856,2026-04-15,999,99,99.99
acc_3857,2026-04-15,999,99,99.99
acc_3858,2026-04-15,999,99,99.99
acc_3859,2026-04-15,999,99,99.99
acc_3860,2026-04-15,999,99,99.99
acc_3861,2026-04-15,999,99,99.99
acc_3862,2026-04-15,999,99,99.99
acc_3863,2026-04-15,999,99,99.99
acc_3864,2026-04-15,999,99,99.99
acc_3865,2026-04-15,999,99,99.99
acc_3866,2026-04-15,999,99,99.99
acc_3867,2026-04-15,999,99,99.99
acc_3868,2026-04-15,999,99,99.99
acc_3869,2026-04-15,999,99,99.99
acc_3870,2026-04-15,999,99,99.99
acc_3871,2026-04-15,999,99,99.99
acc_3872,2026-04-15,999,99,99.99
acc_3873,2026-04-15,999,99,99.99
acc_3874,2026-04-15,999,99,99.99
acc_3875,2026-04-15,999,99,99.99
acc_3876,2026-04-15,999,99,99.99
acc_3877,2026-04-15,999,99,99.99
acc_3878,2026-04-15,999,99,99.99
acc_3879,2026-04-15,999,99,99.99
acc_3880,2026-04-15,999,99,99.99
acc_3881,2026-04-15,999,99,99.99
acc_3882,2026-04-15,999,99,99.99
acc_3883,2026-04-15,999,99,99.99
acc_3884,2026-04-15,999,99,99.99
acc_3885,2026-04-15,999,99,99.99
acc_3886,2026-04-15,999,99,99.99
acc_3887,2026-04-15,999,99,99.99
acc_3888,2026-04-15,999,99,99.99
acc_3889,2026-04-15,999,99,99.99
acc_3890,2026-04-15,999,99,99.99
acc_3891,2026-04-15,999,99,99.99
acc_3892,2026-04-15,999,99,99.99
acc_3893,2026-04-15,999,99,99.99
acc_3894,2026-04-15,999,99,99.99
acc_3895,2026-04-15,999,99,99.99
acc_3896,2026-04-15,999,99,99.99
acc_3897,2026-04-15,999,99,99.99
acc_3898,2026-04-15,999,99,99.99
acc_3899,2026-04-15,999,99,99.99
acc_3900,2026-04-15,999,99,99.99
acc_3901,2026-04-15,999,99,99.99
acc_3902,2026-04-15,999,99,99.99
acc_3903,2026-04-15,999,99,99.99
acc_3904,2026-04-15,999,99,99.99
acc_3905,2026-04-15,999,99,99.99
acc_3906,2026-04-15,999,99,99.99
acc_3907,2026-04-15,999,99,99.99
acc_3908,2026-04-15,999,99,99.99
acc_3909,2026-04-15,999,99,99.99
acc_3910,2026-04-15,999,99,99.99
acc_3911,2026-04-15,999,99,99.99
acc_3912,2026-04-15,999,99,99.99
acc_3913,2026-04-15,999,99,99.99
acc_3914,2026-04-15,999,99,99.99
acc_3915,2026-04-15,999,99,99.99
acc_3916,2026-04-15,999,99,99.99
acc_3917,2026-04-15,999,99,99.99
acc_3918,2026-04-15,999,99,99.99
acc_3919,2026-04-15,999,99,99.99
acc_3920,2026-04-15,999,99,99.99
acc_3921,2026-04-15,999,99,99.99
acc_3922,2026-04-15,999,99,99.99
acc_3923,2026-04-15,999,99,99.99
acc_3924,2026-04-15,999,99,99.99
acc_3925,2026-04-15,999,99,99.99
acc_3926,2026-04-15,999,99,99.99
acc_3927,2026-04-15,999,99,99.99
acc_3928,2026-04-15,999,99,99.99
acc_3929,2026-04-15,999,99,99.99
acc_3930,2026-04-15,999,99,99.99
acc_3931,2026-04-15,999,99,99.99
acc_3932,2026-04-15,999,99,99.99
acc_3933,2026-04-15,999,99,99.99
acc_3934,2026-04-15,999,99,99.99
acc_3935,2026-04-15,999,99,99.99
acc_3936,2026-04-15,999,99,99.99
acc_3937,2026-04-15,999,99,99.99
acc_3938,2026-04-15,999,99,99.99
acc_3939,2026-04-15,999,99,99.99
acc_3940,2026-04-15,999,99,99.99
acc_3941,2026-04-15,999,99,99.99
acc_3942,2026-04-15,999,99,99.99
acc_3943,2026-04-15,999,99,99.99
acc_3944,2026-04-15,999,99,99.99
acc_3945,2026-04-15,999,99,99.99
acc_3946,2026-04-15,999,99,99.99
acc_3947,2026-04-15,999,99,99.99
acc_3948,2026-04-15,999,99,99.99
acc_3949,2026-04-15,999,99,99.99
acc_3950,2026-04-15,999,99,99.99
acc_3951,2026-04-15,999,99,99.99
acc_3952,2026-04-15,999,99,99.99
acc_3953,2026-04-15,999,99,99.99
acc_3954,2026-04-15,999,99,99.99
acc_3955,2026-04-15,999,99,99.99
acc_3956,2026-04-15,999,99,99.99
acc_3957,2026-04-15,999,99,99.99
acc_3958,2026-04-15,999,99,99.99
acc_3959,2026-04-15,999,99,99.99
acc_3960,2026-04-15,999,99,99.99
acc_3961,2026-04-15,999,99,99.99
acc_3962,2026-04-15,999,99,99.99
acc_3963,2026-04-15,999,99,99.99
acc_3964,2026-04-15,999,99,99.99
acc_3965,2026-04-15,999,99,99.99
acc_3966,2026-04-15,999,99,99.99
acc_3967,2026-04-15,999,99,99.99
acc_3968,2026-04-15,999,99,99.99
acc_3969,2026-04-15,999,99,99.99
acc_3970,2026-04-15,999,99,99.99
acc_3971,2026-04-15,999,99,99.99
acc_3972,2026-04-15,999,99,99.99
acc_3973,2026-04-15,999,99,99.99
acc_3974,2026-04-15,999,99,99.99
acc_3975,2026-04-15,999,99,99.99
acc_3976,2026-04-15,999,99,99.99
acc_3977,2026-04-15,999,99,99.99
acc_3978,2026-04-15,999,99,99.99
acc_3979,2026-04-15,999,99,99.99
acc_3980,2026-04-15,999,99,99.99
acc_3981,2026-04-15,999,99,99.99
acc_3982,2026-04-15,999,99,99.99
acc_3983,2026-04-15,999,99,99.99
acc_3984,2026-04-15,999,99,99.99
acc_3985,2026-04-15,999,99,99.99
acc_3986,2026-04-15,999,99,99.99
acc_3987,2026-04-15,999,99,99.99
acc_3988,2026-04-15,999,99,99.99
acc_3989,2026-04-15,999,99,99.99
acc_3990,2026-04-15,999,99,99.99
acc_3991,2026-04-15,999,99,99.99
acc_3992,2026-04-15,999,99,99.99
acc_3993,2026-04-15,999,99,99.99
acc_3994,2026-04-15,999,99,99.99
acc_3995,2026-04-15,999,99,99.99
acc_3996,2026-04-15,999,99,99.99
acc_3997,2026-04-15,999,99,99.99
acc_3998,2026-04-15,999,99,99.99
acc_3999,2026-04-15,999,99,99.99
acc_4000,2026-04-15,999,99,99.99
acc_4001,2026-04-15,999,99,99.99
acc_4002,2026-04-15,999,99,99.99
acc_4003,2026-04-15,999,99,99.99
acc_4004,2026-04-15,999,99,99.99
acc_4005,2026-04-15,999,99,99.99
acc_4006,2026-04-15,999,99,99.99
acc_4007,2026-04-15,999,99,99.99
acc_4008,2026-04-15,999,99,99.99
acc_4009,2026-04-15,999,99,99.99
acc_4010,2026-04-15,999,99,99.99
acc_4011,2026-04-15,999,99,99.99
acc_4012,2026-04-15,999,99,99.99
acc_4013,2026-04-15,999,99,99.99
acc_4014,2026-04-15,999,99,99.99
acc_4015,2026-04-15,999,99,99.99
acc_4016,2026-04-15,999,99,99.99
acc_4017,2026-04-15,999,99,99.99
acc_4018,2026-04-15,999,99,99.99
acc_4019,2026-04-15,999,99,99.99
acc_4020,2026-04-15,999,99,99.99
acc_4021,2026-04-15,999,99,99.99
acc_4022,2026-04-15,999,99,99.99
acc_4023,2026-04-15,999,99,99.99
acc_4024,2026-04-15,999,99,99.99
acc_4025,2026-04-15,999,99,99.99
acc_4026,2026-04-15,999,99,99.99
acc_4027,2026-04-15,999,99,99.99
acc_4028,2026-04-15,999,99,99.99
acc_4029,2026-04-15,999,99,99.99
acc_4030,2026-04-15,999,99,99.99
acc_4031,2026-04-15,999,99,99.99
acc_4032,2026-04-15,999,99,99.99
acc_4033,2026-04-15,999,99,99.99
acc_4034,2026-04-15,999,99,99.99
acc_4035,2026-04-15,999,99,99.99
acc_4036,2026-04-15,999,99,99.99
acc_4037,2026-04-15,999,99,99.99
acc_4038,2026-04-15,999,99,99.99
acc_4039,2026-04-15,999,99,99.99
acc_4040,2026-04-15,999,99,99.99
acc_4041,2026-04-15,999,99,99.99
acc_4042,2026-04-15,999,99,99.99
acc_4043,2026-04-15,999,99,99.99
acc_4044,2026-04-15,999,99,99.99
acc_4045,2026-04-15,999,99,99.99
acc_4046,2026-04-15,999,99,99.99
acc_4047,2026-04-15,999,99,99.99
acc_4048,2026-04-15,999,99,99.99
acc_4049,2026-04-15,999,99,99.99
acc_4050,2026-04-15,999,99,99.99
acc_4051,2026-04-15,999,99,99.99
acc_4052,2026-04-15,999,99,99.99
acc_4053,2026-04-15,999,99,99.99
acc_4054,2026-04-15,999,99,99.99
acc_4055,2026-04-15,999,99,99.99
acc_4056,2026-04-15,999,99,99.99
acc_4057,2026-04-15,999,99,99.99
acc_4058,2026-04-15,999,99,99.99
acc_4059,2026-04-15,999,99,99.99
acc_4060,2026-04-15,999,99,99.99
acc_4061,2026-04-15,999,99,99.99
acc_4062,2026-04-15,999,99,99.99
acc_4063,2026-04-15,999,99,99.99
acc_4064,2026-04-15,999,99,99.99
acc_4065,2026-04-15,999,99,99.99
acc_4066,2026-04-15,999,99,99.99
acc_4067,2026-04-15,999,99,99.99
acc_4068,2026-04-15,999,99,99.99
acc_4069,2026-04-15,999,99,99.99
acc_4070,2026-04-15,999,99,99.99
acc_4071,2026-04-15,999,99,99.99
acc_4072,2026-04-15,999,99,99.99
acc_4073,2026-04-15,999,99,99.99
acc_4074,2026-04-15,999,99,99.99
acc_4075,2026-04-15,999,99,99.99
acc_4076,2026-04-15,999,99,99.99
acc_4077,2026-04-15,999,99,99.99
acc_4078,2026-04-15,999,99,99.99
acc_4079,2026-04-15,999,99,99.99
acc_4080,2026-04-15,999,99,99.99
acc_4081,2026-04-15,999,99,99.99
acc_4082,2026-04-15,999,99,99.99
acc_4083,2026-04-15,999,99,99.99
acc_4084,2026-04-15,999,99,99.99
acc_4085,2026-04-15,999,99,99.99
acc_4086,2026-04-15,999,99,99.99
acc_4087,2026-04-15,999,99,99.99
acc_4088,2026-04-15,999,99,99.99
acc_4089,2026-04-15,999,99,99.99
acc_4090,2026-04-15,999,99,99.99
acc_4091,2026-04-15,999,99,99.99
acc_4092,2026-04-15,999,99,99.99
acc_4093,2026-04-15,999,99,99.99
acc_4094,2026-04-15,999,99,99.99
acc_4095,2026-04-15,999,99,99.99
acc_4096,2026-04-15,999,99,99.99
acc_4097,2026-04-15,999,99,99.99
acc_4098,2026-04-15,999,99,99.99
acc_4099,2026-04-15,999,99,99.99
acc_4100,2026-04-15,999,99,99.99
acc_4101,2026-04-15,999,99,99.99
acc_4102,2026-04-15,999,99,99.99
acc_4103,2026-04-15,999,99,99.99
acc_4104,2026-04-15,999,99,99.99
acc_4105,2026-04-15,999,99,99.99
acc_4106,2026-04-15,999,99,99.99
acc_4107,2026-04-15,999,99,99.99
acc_4108,2026-04-15,999,99,99.99
acc_4109,2026-04-15,999,99,99.99
acc_4110,2026-04-15,999,99,99.99
acc_4111,2026-04-15,999,99,99.99
acc_4112,2026-04-15,999,99,99.99
acc_4113,2026-04-15,999,99,99.99
acc_4114,2026-04-15,999,99,99.99
acc_4115,2026-04-15,999,99,99.99
acc_4116,2026-04-15,999,99,99.99
acc_4117,2026-04-15,999,99,99.99
acc_4118,2026-04-15,999,99,99.99
acc_4119,2026-04-15,999,99,99.99
acc_4120,2026-04-15,999,99,99.99
acc_4121,2026-04-15,999,99,99.99
acc_4122,2026-04-15,999,99,99.99
acc_4123,2026-04-15,999,99,99.99
acc_4124,2026-04-15,999,99,99.99
acc_4125,2026-04-15,999,99,99.99
acc_4126,2026-04-15,999,99,99.99
acc_4127,2026-04-15,999,99,99.99
acc_4128,2026-04-15,999,99,99.99
acc_4129,2026-04-15,999,99,99.99
acc_4130,2026-04-15,999,99,99.99
acc_4131,2026-04-15,999,99,99.99
acc_4132,2026-04-15,999,99,99.99
acc_4133,2026-04-15,999,99,99.99
acc_4134,2026-04-15,999,99,99.99
acc_4135,2026-04-15,999,99,99.99
acc_4136,2026-04-15,999,99,99.99
acc_4137,2026-04-15,999,99,99.99
acc_4138,2026-04-15,999,99,99.99
acc_4139,2026-04-15,999,99,99.99
acc_4140,2026-04-15,999,99,99.99
acc_4141,2026-04-15,999,99,99.99
acc_4142,2026-04-15,999,99,99.99
acc_4143,2026-04-15,999,99,99.99
acc_4144,2026-04-15,999,99,99.99
acc_4145,2026-04-15,999,99,99.99
acc_4146,2026-04-15,999,99,99.99
acc_4147,2026-04-15,999,99,99.99
acc_4148,2026-04-15,999,99,99.99
acc_4149,2026-04-15,999,99,99.99
acc_4150,2026-04-15,999,99,99.99
acc_4151,2026-04-15,999,99,99.99
acc_4152,2026-04-15,999,99,99.99
acc_4153,2026-04-15,999,99,99.99
acc_4154,2026-04-15,999,99,99.99
acc_4155,2026-04-15,999,99,99.99
acc_4156,2026-04-15,999,99,99.99
acc_4157,2026-04-15,999,99,99.99
acc_4158,2026-04-15,999,99,99.99
acc_4159,2026-04-15,999,99,99.99
acc_4160,2026-04-15,999,99,99.99
acc_4161,2026-04-15,999,99,99.99
acc_4162,2026-04-15,999,99,99.99
acc_4163,2026-04-15,999,99,99.99
acc_4164,2026-04-15,999,99,99.99
acc_4165,2026-04-15,999,99,99.99
acc_4166,2026-04-15,999,99,99.99
acc_4167,2026-04-15,999,99,99.99
acc_4168,2026-04-15,999,99,99.99
acc_4169,2026-04-15,999,99,99.99
acc_4170,2026-04-15,999,99,99.99
acc_4171,2026-04-15,999,99,99.99
acc_4172,2026-04-15,999,99,99.99
acc_4173,2026-04-15,999,99,99.99
acc_4174,2026-04-15,999,99,99.99
acc_4175,2026-04-15,999,99,99.99
acc_4176,2026-04-15,999,99,99.99
acc_4177,2026-04-15,999,99,99.99
acc_4178,2026-04-15,999,99,99.99
acc_4179,2026-04-15,999,99,99.99
acc_4180,2026-04-15,999,99,99.99
acc_4181,2026-04-15,999,99,99.99
acc_4182,2026-04-15,999,99,99.99
acc_4183,2026-04-15,999,99,99.99
acc_4184,2026-04-15,999,99,99.99
acc_4185,2026-04-15,999,99,99.99
acc_4186,2026-04-15,999,99,99.99
acc_4187,2026-04-15,999,99,99.99
acc_4188,2026-04-15,999,99,99.99
acc_4189,2026-04-15,999,99,99.99
acc_4190,2026-04-15,999,99,99.99
acc_4191,2026-04-15,999,99,99.99
acc_4192,2026-04-15,999,99,99.99
acc_4193,2026-04-15,999,99,99.99
acc_4194,2026-04-15,999,99,99.99
acc_4195,2026-04-15,999,99,99.99
acc_4196,2026-04-15,999,99,99.99
acc_4197,2026-04-15,999,99,99.99
acc_4198,2026-04-15,999,99,99.99
acc_4199,2026-04-15,999,99,99.99
acc_4200,2026-04-15,999,99,99.99
acc_4201,2026-04-15,999,99,99.99
acc_4202,2026-04-15,999,99,99.99
acc_4203,2026-04-15,999,99,99.99
acc_4204,2026-04-15,999,99,99.99
acc_4205,2026-04-15,999,99,99.99
acc_4206,2026-04-15,999,99,99.99
acc_4207,2026-04-15,999,99,99.99
acc_4208,2026-04-15,999,99,99.99
acc_4209,2026-04-15,999,99,99.99
acc_4210,2026-04-15,999,99,99.99
acc_4211,2026-04-15,999,99,99.99
acc_4212,2026-04-15,999,99,99.99
acc_4213,2026-04-15,999,99,99.99
acc_4214,2026-04-15,999,99,99.99
acc_4215,2026-04-15,999,99,99.99
acc_4216,2026-04-15,999,99,99.99
acc_4217,2026-04-15,999,99,99.99
acc_4218,2026-04-15,999,99,99.99
acc_4219,2026-04-15,999,99,99.99
acc_4220,2026-04-15,999,99,99.99
acc_4221,2026-04-15,999,99,99.99
acc_4222,2026-04-15,999,99,99.99
acc_4223,2026-04-15,999,99,99.99
acc_4224,2026-04-15,999,99,99.99
acc_4225,2026-04-15,999,99,99.99
acc_4226,2026-04-15,999,99,99.99
acc_4227,2026-04-15,999,99,99.99
acc_4228,2026-04-15,999,99,99.99
acc_4229,2026-04-15,999,99,99.99
acc_4230,2026-04-15,999,99,99.99
acc_4231,2026-04-15,999,99,99.99
acc_4232,2026-04-15,999,99,99.99
acc_4233,2026-04-15,999,99,99.99
acc_4234,2026-04-15,999,99,99.99
acc_4235,2026-04-15,999,99,99.99
acc_4236,2026-04-15,999,99,99.99
acc_4237,2026-04-15,999,99,99.99
acc_4238,2026-04-15,999,99,99.99
acc_4239,2026-04-15,999,99,99.99
acc_4240,2026-04-15,999,99,99.99
acc_4241,2026-04-15,999,99,99.99
acc_4242,2026-04-15,999,99,99.99
acc_4243,2026-04-15,999,99,99.99
acc_4244,2026-04-15,999,99,99.99
acc_4245,2026-04-15,999,99,99.99
acc_4246,2026-04-15,999,99,99.99
acc_4247,2026-04-15,999,99,99.99
acc_4248,2026-04-15,999,99,99.99
acc_4249,2026-04-15,999,99,99.99
acc_4250,2026-04-15,999,99,99.99
acc_4251,2026-04-15,999,99,99.99
acc_4252,2026-04-15,999,99,99.99
acc_4253,2026-04-15,999,99,99.99
acc_4254,2026-04-15,999,99,99.99
acc_4255,2026-04-15,999,99,99.99
acc_4256,2026-04-15,999,99,99.99
acc_4257,2026-04-15,999,99,99.99
acc_4258,2026-04-15,999,99,99.99
acc_4259,2026-04-15,999,99,99.99
acc_4260,2026-04-15,999,99,99.99
acc_4261,2026-04-15,999,99,99.99
acc_4262,2026-04-15,999,99,99.99
acc_4263,2026-04-15,999,99,99.99
acc_4264,2026-04-15,999,99,99.99
acc_4265,2026-04-15,999,99,99.99
acc_4266,2026-04-15,999,99,99.99
acc_4267,2026-04-15,999,99,99.99
acc_4268,2026-04-15,999,99,99.99
acc_4269,2026-04-15,999,99,99.99
acc_4270,2026-04-15,999,99,99.99
acc_4271,2026-04-15,999,99,99.99
acc_4272,2026-04-15,999,99,99.99
acc_4273,2026-04-15,999,99,99.99
acc_4274,2026-04-15,999,99,99.99
acc_4275,2026-04-15,999,99,99.99
acc_4276,2026-04-15,999,99,99.99
acc_4277,2026-04-15,999,99,99.99
acc_4278,2026-04-15,999,99,99.99
acc_4279,2026-04-15,999,99,99.99
acc_4280,2026-04-15,999,99,99.99
acc_4281,2026-04-15,999,99,99.99
acc_4282,2026-04-15,999,99,99.99
acc_4283,2026-04-15,999,99,99.99
acc_4284,2026-04-15,999,99,99.99
acc_4285,2026-04-15,999,99,99.99
acc_4286,2026-04-15,999,99,99.99
acc_4287,2026-04-15,999,99,99.99
acc_4288,2026-04-15,999,99,99.99
acc_4289,2026-04-15,999,99,99.99
acc_4290,2026-04-15,999,99,99.99
acc_4291,2026-04-15,999,99,99.99
acc_4292,2026-04-15,999,99,99.99
acc_4293,2026-04-15,999,99,99.99
acc_4294,2026-04-15,999,99,99.99
acc_4295,2026-04-15,999,99,99.99
acc_4296,2026-04-15,999,99,99.99
acc_4297,2026-04-15,999,99,99.99
acc_4298,2026-04-15,999,99,99.99
acc_4299,2026-04-15,999,99,99.99
acc_4300,2026-04-15,999,99,99.99
acc_4301,2026-04-15,999,99,99.99
acc_4302,2026-04-15,999,99,99.99
acc_4303,2026-04-15,999,99,99.99
acc_4304,2026-04-15,999,99,99.99
acc_4305,2026-04-15,999,99,99.99
acc_4306,2026-04-15,999,99,99.99
acc_4307,2026-04-15,999,99,99.99
acc_4308,2026-04-15,999,99,99.99
acc_4309,2026-04-15,999,99,99.99
acc_4310,2026-04-15,999,99,99.99
acc_4311,2026-04-15,999,99,99.99
acc_4312,2026-04-15,999,99,99.99
acc_4313,2026-04-15,999,99,99.99
acc_4314,2026-04-15,999,99,99.99
acc_4315,2026-04-15,999,99,99.99
acc_4316,2026-04-15,999,99,99.99
acc_4317,2026-04-15,999,99,99.99
acc_4318,2026-04-15,999,99,99.99
acc_4319,2026-04-15,999,99,99.99
acc_4320,2026-04-15,999,99,99.99
acc_4321,2026-04-15,999,99,99.99
acc_4322,2026-04-15,999,99,99.99
acc_4323,2026-04-15,999,99,99.99
acc_4324,2026-04-15,999,99,99.99
acc_4325,2026-04-15,999,99,99.99
acc_4326,2026-04-15,999,99,99.99
acc_4327,2026-04-15,999,99,99.99
acc_4328,2026-04-15,999,99,99.99
acc_4329,2026-04-15,999,99,99.99
acc_4330,2026-04-15,999,99,99.99
acc_4331,2026-04-15,999,99,99.99
acc_4332,2026-04-15,999,99,99.99
acc_4333,2026-04-15,999,99,99.99
acc_4334,2026-04-15,999,99,99.99
acc_4335,2026-04-15,999,99,99.99
acc_4336,2026-04-15,999,99,99.99
acc_4337,2026-04-15,999,99,99.99
acc_4338,2026-04-15,999,99,99.99
acc_4339,2026-04-15,999,99,99.99
acc_4340,2026-04-15,999,99,99.99
acc_4341,2026-04-15,999,99,99.99
acc_4342,2026-04-15,999,99,99.99
acc_4343,2026-04-15,999,99,99.99
acc_4344,2026-04-15,999,99,99.99
acc_4345,2026-04-15,999,99,99.99
acc_4346,2026-04-15,999,99,99.99
acc_4347,2026-04-15,999,99,99.99
acc_4348,2026-04-15,999,99,99.99
acc_4349,2026-04-15,999,99,99.99
acc_4350,2026-04-15,999,99,99.99
acc_4351,2026-04-15,999,99,99.99
acc_4352,2026-04-15,999,99,99.99
acc_4353,2026-04-15,999,99,99.99
acc_4354,2026-04-15,999,99,99.99
acc_4355,2026-04-15,999,99,99.99
acc_4356,2026-04-15,999,99,99.99
acc_4357,2026-04-15,999,99,99.99
acc_4358,2026-04-15,999,99,99.99
acc_4359,2026-04-15,999,99,99.99
acc_4360,2026-04-15,999,99,99.99
acc_4361,2026-04-15,999,99,99.99
acc_4362,2026-04-15,999,99,99.99
acc_4363,2026-04-15,999,99,99.99
acc_4364,2026-04-15,999,99,99.99
acc_4365,2026-04-15,999,99,99.99
acc_4366,2026-04-15,999,99,99.99
acc_4367,2026-04-15,999,99,99.99
acc_4368,2026-04-15,999,99,99.99
acc_4369,2026-04-15,999,99,99.99
acc_4370,2026-04-15,999,99,99.99
acc_4371,2026-04-15,999,99,99.99
acc_4372,2026-04-15,999,99,99.99
acc_4373,2026-04-15,999,99,99.99
acc_4374,2026-04-15,999,99,99.99
acc_4375,2026-04-15,999,99,99.99
acc_4376,2026-04-15,999,99,99.99
acc_4377,2026-04-15,999,99,99.99
acc_4378,2026-04-15,999,99,99.99
acc_4379,2026-04-15,999,99,99.99
acc_4380,2026-04-15,999,99,99.99
acc_4381,2026-04-15,999,99,99.99
acc_4382,2026-04-15,999,99,99.99
acc_4383,2026-04-15,999,99,99.99
acc_4384,2026-04-15,999,99,99.99
acc_4385,2026-04-15,999,99,99.99
acc_4386,2026-04-15,999,99,99.99
acc_4387,2026-04-15,999,99,99.99
acc_4388,2026-04-15,999,99,99.99
acc_4389,2026-04-15,999,99,99.99
acc_4390,2026-04-15,999,99,99.99
acc_4391,2026-04-15,999,99,99.99
acc_4392,2026-04-15,999,99,99.99
acc_4393,2026-04-15,999,99,99.99
acc_4394,2026-04-15,999,99,99.99
acc_4395,2026-04-15,999,99,99.99
acc_4396,2026-04-15,999,99,99.99
acc_4397,2026-04-15,999,99,99.99
acc_4398,2026-04-15,999,99,99.99
acc_4399,2026-04-15,999,99,99.99
acc_4400,2026-04-15,999,99,99.99
acc_4401,2026-04-15,999,99,99.99
acc_4402,2026-04-15,999,99,99.99
acc_4403,2026-04-15,999,99,99.99
acc_4404,2026-04-15,999,99,99.99
acc_4405,2026-04-15,999,99,99.99
acc_4406,2026-04-15,999,99,99.99
acc_4407,2026-04-15,999,99,99.99
acc_4408,2026-04-15,999,99,99.99
acc_4409,2026-04-15,999,99,99.99
acc_4410,2026-04-15,999,99,99.99
acc_4411,2026-04-15,999,99,99.99
acc_4412,2026-04-15,999,99,99.99
acc_4413,2026-04-15,999,99,99.99
acc_4414,2026-04-15,999,99,99.99
acc_4415,2026-04-15,999,99,99.99
acc_4416,2026-04-15,999,99,99.99
acc_4417,2026-04-15,999,99,99.99
acc_4418,2026-04-15,999,99,99.99
acc_4419,2026-04-15,999,99,99.99
acc_4420,2026-04-15,999,99,99.99
acc_4421,2026-04-15,999,99,99.99
acc_4422,2026-04-15,999,99,99.99
acc_4423,2026-04-15,999,99,99.99
acc_4424,2026-04-15,999,99,99.99
acc_4425,2026-04-15,999,99,99.99
acc_4426,2026-04-15,999,99,99.99
acc_4427,2026-04-15,999,99,99.99
acc_4428,2026-04-15,999,99,99.99
acc_4429,2026-04-15,999,99,99.99
acc_4430,2026-04-15,999,99,99.99
acc_4431,2026-04-15,999,99,99.99
acc_4432,2026-04-15,999,99,99.99
acc_4433,2026-04-15,999,99,99.99
acc_4434,2026-04-15,999,99,99.99
acc_4435,2026-04-15,999,99,99.99
acc_4436,2026-04-15,999,99,99.99
acc_4437,2026-04-15,999,99,99.99
acc_4438,2026-04-15,999,99,99.99
acc_4439,2026-04-15,999,99,99.99
acc_4440,2026-04-15,999,99,99.99
acc_4441,2026-04-15,999,99,99.99
acc_4442,2026-04-15,999,99,99.99
acc_4443,2026-04-15,999,99,99.99
acc_4444,2026-04-15,999,99,99.99
acc_4445,2026-04-15,999,99,99.99
acc_4446,2026-04-15,999,99,99.99
acc_4447,2026-04-15,999,99,99.99
acc_4448,2026-04-15,999,99,99.99
acc_4449,2026-04-15,999,99,99.99
acc_4450,2026-04-15,999,99,99.99
acc_4451,2026-04-15,999,99,99.99
acc_4452,2026-04-15,999,99,99.99
acc_4453,2026-04-15,999,99,99.99
acc_4454,2026-04-15,999,99,99.99
acc_4455,2026-04-15,999,99,99.99
acc_4456,2026-04-15,999,99,99.99
acc_4457,2026-04-15,999,99,99.99
acc_4458,2026-04-15,999,99,99.99
acc_4459,2026-04-15,999,99,99.99
acc_4460,2026-04-15,999,99,99.99
acc_4461,2026-04-15,999,99,99.99
acc_4462,2026-04-15,999,99,99.99
acc_4463,2026-04-15,999,99,99.99
acc_4464,2026-04-15,999,99,99.99
acc_4465,2026-04-15,999,99,99.99
acc_4466,2026-04-15,999,99,99.99
acc_4467,2026-04-15,999,99,99.99
acc_4468,2026-04-15,999,99,99.99
acc_4469,2026-04-15,999,99,99.99
acc_4470,2026-04-15,999,99,99.99
acc_4471,2026-04-15,999,99,99.99
acc_4472,2026-04-15,999,99,99.99
acc_4473,2026-04-15,999,99,99.99
acc_4474,2026-04-15,999,99,99.99
acc_4475,2026-04-15,999,99,99.99
acc_4476,2026-04-15,999,99,99.99
acc_4477,2026-04-15,999,99,99.99
acc_4478,2026-04-15,999,99,99.99
acc_4479,2026-04-15,999,99,99.99
acc_4480,2026-04-15,999,99,99.99
acc_4481,2026-04-15,999,99,99.99
acc_4482,2026-04-15,999,99,99.99
acc_4483,2026-04-15,999,99,99.99
acc_4484,2026-04-15,999,99,99.99
acc_4485,2026-04-15,999,99,99.99
acc_4486,2026-04-15,999,99,99.99
acc_4487,2026-04-15,999,99,99.99
acc_4488,2026-04-15,999,99,99.99
acc_4489,2026-04-15,999,99,99.99
acc_4490,2026-04-15,999,99,99.99
acc_4491,2026-04-15,999,99,99.99
acc_4492,2026-04-15,999,99,99.99
acc_4493,2026-04-15,999,99,99.99
acc_4494,2026-04-15,999,99,99.99
acc_4495,2026-04-15,999,99,99.99
acc_4496,2026-04-15,999,99,99.99
acc_4497,2026-04-15,999,99,99.99
acc_4498,2026-04-15,999,99,99.99
acc_4499,2026-04-15,999,99,99.99
acc_4500,2026-04-15,999,99,99.99
acc_4501,2026-04-15,999,99,99.99
acc_4502,2026-04-15,999,99,99.99
acc_4503,2026-04-15,999,99,99.99
acc_4504,2026-04-15,999,99,99.99
acc_4505,2026-04-15,999,99,99.99
acc_4506,2026-04-15,999,99,99.99
acc_4507,2026-04-15,999,99,99.99
acc_4508,2026-04-15,999,99,99.99
acc_4509,2026-04-15,999,99,99.99
acc_4510,2026-04-15,999,99,99.99
acc_4511,2026-04-15,999,99,99.99
acc_4512,2026-04-15,999,99,99.99
acc_4513,2026-04-15,999,99,99.99
acc_4514,2026-04-15,999,99,99.99
acc_4515,2026-04-15,999,99,99.99
acc_4516,2026-04-15,999,99,99.99
acc_4517,2026-04-15,999,99,99.99
acc_4518,2026-04-15,999,99,99.99
acc_4519,2026-04-15,999,99,99.99
acc_4520,2026-04-15,999,99,99.99
acc_4521,2026-04-15,999,99,99.99
acc_4522,2026-04-15,999,99,99.99
acc_4523,2026-04-15,999,99,99.99
acc_4524,2026-04-15,999,99,99.99
acc_4525,2026-04-15,999,99,99.99
acc_4526,2026-04-15,999,99,99.99
acc_4527,2026-04-15,999,99,99.99
acc_4528,2026-04-15,999,99,99.99
acc_4529,2026-04-15,999,99,99.99
acc_4530,2026-04-15,999,99,99.99
acc_4531,2026-04-15,999,99,99.99
acc_4532,2026-04-15,999,99,99.99
acc_4533,2026-04-15,999,99,99.99
acc_4534,2026-04-15,999,99,99.99
acc_4535,2026-04-15,999,99,99.99
acc_4536,2026-04-15,999,99,99.99
acc_4537,2026-04-15,999,99,99.99
acc_4538,2026-04-15,999,99,99.99
acc_4539,2026-04-15,999,99,99.99
acc_4540,2026-04-15,999,99,99.99
acc_4541,2026-04-15,999,99,99.99
acc_4542,2026-04-15,999,99,99.99
acc_4543,2026-04-15,999,99,99.99
acc_4544,2026-04-15,999,99,99.99
acc_4545,2026-04-15,999,99,99.99
acc_4546,2026-04-15,999,99,99.99
acc_4547,2026-04-15,999,99,99.99
acc_4548,2026-04-15,999,99,99.99
acc_4549,2026-04-15,999,99,99.99
acc_4550,2026-04-15,999,99,99.99
acc_4551,2026-04-15,999,99,99.99
acc_4552,2026-04-15,999,99,99.99
acc_4553,2026-04-15,999,99,99.99
acc_4554,2026-04-15,999,99,99.99
acc_4555,2026-04-15,999,99,99.99
acc_4556,2026-04-15,999,99,99.99
acc_4557,2026-04-15,999,99,99.99
acc_4558,2026-04-15,999,99,99.99
acc_4559,2026-04-15,999,99,99.99
acc_4560,2026-04-15,999,99,99.99
acc_4561,2026-04-15,999,99,99.99
acc_4562,2026-04-15,999,99,99.99
acc_4563,2026-04-15,999,99,99.99
acc_4564,2026-04-15,999,99,99.99
acc_4565,2026-04-15,999,99,99.99
acc_4566,2026-04-15,999,99,99.99
acc_4567,2026-04-15,999,99,99.99
acc_4568,2026-04-15,999,99,99.99
acc_4569,2026-04-15,999,99,99.99
acc_4570,2026-04-15,999,99,99.99
acc_4571,2026-04-15,999,99,99.99
acc_4572,2026-04-15,999,99,99.99
acc_4573,2026-04-15,999,99,99.99
acc_4574,2026-04-15,999,99,99.99
acc_4575,2026-04-15,999,99,99.99
acc_4576,2026-04-15,999,99,99.99
acc_4577,2026-04-15,999,99,99.99
acc_4578,2026-04-15,999,99,99.99
acc_4579,2026-04-15,999,99,99.99
acc_4580,2026-04-15,999,99,99.99
acc_4581,2026-04-15,999,99,99.99
acc_4582,2026-04-15,999,99,99.99
acc_4583,2026-04-15,999,99,99.99
acc_4584,2026-04-15,999,99,99.99
acc_4585,2026-04-15,999,99,99.99
acc_4586,2026-04-15,999,99,99.99
acc_4587,2026-04-15,999,99,99.99
acc_4588,2026-04-15,999,99,99.99
acc_4589,2026-04-15,999,99,99.99
acc_4590,2026-04-15,999,99,99.99
acc_4591,2026-04-15,999,99,99.99
acc_4592,2026-04-15,999,99,99.99
acc_4593,2026-04-15,999,99,99.99
acc_4594,2026-04-15,999,99,99.99
acc_4595,2026-04-15,999,99,99.99
acc_4596,2026-04-15,999,99,99.99
acc_4597,2026-04-15,999,99,99.99
acc_4598,2026-04-15,999,99,99.99
acc_4599,2026-04-15,999,99,99.99
acc_4600,2026-04-15,999,99,99.99
acc_4601,2026-04-15,999,99,99.99
acc_4602,2026-04-15,999,99,99.99
acc_4603,2026-04-15,999,99,99.99
acc_4604,2026-04-15,999,99,99.99
acc_4605,2026-04-15,999,99,99.99
acc_4606,2026-04-15,999,99,99.99
acc_4607,2026-04-15,999,99,99.99
acc_4608,2026-04-15,999,99,99.99
acc_4609,2026-04-15,999,99,99.99
acc_4610,2026-04-15,999,99,99.99
acc_4611,2026-04-15,999,99,99.99
acc_4612,2026-04-15,999,99,99.99
acc_4613,2026-04-15,999,99,99.99
acc_4614,2026-04-15,999,99,99.99
acc_4615,2026-04-15,999,99,99.99
acc_4616,2026-04-15,999,99,99.99
acc_4617,2026-04-15,999,99,99.99
acc_4618,2026-04-15,999,99,99.99
acc_4619,2026-04-15,999,99,99.99
acc_4620,2026-04-15,999,99,99.99
acc_4621,2026-04-15,999,99,99.99
acc_4622,2026-04-15,999,99,99.99
acc_4623,2026-04-15,999,99,99.99
acc_4624,2026-04-15,999,99,99.99
acc_4625,2026-04-15,999,99,99.99
acc_4626,2026-04-15,999,99,99.99
acc_4627,2026-04-15,999,99,99.99
acc_4628,2026-04-15,999,99,99.99
acc_4629,2026-04-15,999,99,99.99
acc_4630,2026-04-15,999,99,99.99
acc_4631,2026-04-15,999,99,99.99
acc_4632,2026-04-15,999,99,99.99
acc_4633,2026-04-15,999,99,99.99
acc_4634,2026-04-15,999,99,99.99
acc_4635,2026-04-15,999,99,99.99
acc_4636,2026-04-15,999,99,99.99
acc_4637,2026-04-15,999,99,99.99
acc_4638,2026-04-15,999,99,99.99
acc_4639,2026-04-15,999,99,99.99
acc_4640,2026-04-15,999,99,99.99
acc_4641,2026-04-15,999,99,99.99
acc_4642,2026-04-15,999,99,99.99
acc_4643,2026-04-15,999,99,99.99
acc_4644,2026-04-15,999,99,99.99
acc_4645,2026-04-15,999,99,99.99
acc_4646,2026-04-15,999,99,99.99
acc_4647,2026-04-15,999,99,99.99
acc_4648,2026-04-15,999,99,99.99
acc_4649,2026-04-15,999,99,99.99
acc_4650,2026-04-15,999,99,99.99
acc_4651,2026-04-15,999,99,99.99
acc_4652,2026-04-15,999,99,99.99
acc_4653,2026-04-15,999,99,99.99
acc_4654,2026-04-15,999,99,99.99
acc_4655,2026-04-15,999,99,99.99
acc_4656,2026-04-15,999,99,99.99
acc_4657,2026-04-15,999,99,99.99
acc_4658,2026-04-15,999,99,99.99
acc_4659,2026-04-15,999,99,99.99
acc_4660,2026-04-15,999,99,99.99
acc_4661,2026-04-15,999,99,99.99
acc_4662,2026-04-15,999,99,99.99
acc_4663,2026-04-15,999,99,99.99
acc_4664,2026-04-15,999,99,99.99
acc_4665,2026-04-15,999,99,99.99
acc_4666,2026-04-15,999,99,99.99
acc_4667,2026-04-15,999,99,99.99
acc_4668,2026-04-15,999,99,99.99
acc_4669,2026-04-15,999,99,99.99
acc_4670,2026-04-15,999,99,99.99
acc_4671,2026-04-15,999,99,99.99
acc_4672,2026-04-15,999,99,99.99
acc_4673,2026-04-15,999,99,99.99
acc_4674,2026-04-15,999,99,99.99
acc_4675,2026-04-15,999,99,99.99
acc_4676,2026-04-15,999,99,99.99
acc_4677,2026-04-15,999,99,99.99
acc_4678,2026-04-15,999,99,99.99
acc_4679,2026-04-15,999,99,99.99
acc_4680,2026-04-15,999,99,99.99
acc_4681,2026-04-15,999,99,99.99
acc_4682,2026-04-15,999,99,99.99
acc_4683,2026-04-15,999,99,99.99
acc_4684,2026-04-15,999,99,99.99
acc_4685,2026-04-15,999,99,99.99
acc_4686,2026-04-15,999,99,99.99
acc_4687,2026-04-15,999,99,99.99
acc_4688,2026-04-15,999,99,99.99
acc_4689,2026-04-15,999,99,99.99
acc_4690,2026-04-15,999,99,99.99
acc_4691,2026-04-15,999,99,99.99
acc_4692,2026-04-15,999,99,99.99
acc_4693,2026-04-15,999,99,99.99
acc_4694,2026-04-15,999,99,99.99
acc_4695,2026-04-15,999,99,99.99
acc_4696,2026-04-15,999,99,99.99
acc_4697,2026-04-15,999,99,99.99
acc_4698,2026-04-15,999,99,99.99
acc_4699,2026-04-15,999,99,99.99
acc_4700,2026-04-15,999,99,99.99
acc_4701,2026-04-15,999,99,99.99
acc_4702,2026-04-15,999,99,99.99
acc_4703,2026-04-15,999,99,99.99
acc_4704,2026-04-15,999,99,99.99
acc_4705,2026-04-15,999,99,99.99
acc_4706,2026-04-15,999,99,99.99
acc_4707,2026-04-15,999,99,99.99
acc_4708,2026-04-15,999,99,99.99
acc_4709,2026-04-15,999,99,99.99
acc_4710,2026-04-15,999,99,99.99
acc_4711,2026-04-15,999,99,99.99
acc_4712,2026-04-15,999,99,99.99
acc_4713,2026-04-15,999,99,99.99
acc_4714,2026-04-15,999,99,99.99
acc_4715,2026-04-15,999,99,99.99
acc_4716,2026-04-15,999,99,99.99
acc_4717,2026-04-15,999,99,99.99
acc_4718,2026-04-15,999,99,99.99
acc_4719,2026-04-15,999,99,99.99
acc_4720,2026-04-15,999,99,99.99
acc_4721,2026-04-15,999,99,99.99
acc_4722,2026-04-15,999,99,99.99
acc_4723,2026-04-15,999,99,99.99
acc_4724,2026-04-15,999,99,99.99
acc_4725,2026-04-15,999,99,99.99
acc_4726,2026-04-15,999,99,99.99
acc_4727,2026-04-15,999,99,99.99
acc_4728,2026-04-15,999,99,99.99
acc_4729,2026-04-15,999,99,99.99
acc_4730,2026-04-15,999,99,99.99
acc_4731,2026-04-15,999,99,99.99
acc_4732,2026-04-15,999,99,99.99
acc_4733,2026-04-15,999,99,99.99
acc_4734,2026-04-15,999,99,99.99
acc_4735,2026-04-15,999,99,99.99
acc_4736,2026-04-15,999,99,99.99
acc_4737,2026-04-15,999,99,99.99
acc_4738,2026-04-15,999,99,99.99
acc_4739,2026-04-15,999,99,99.99
acc_4740,2026-04-15,999,99,99.99
acc_4741,2026-04-15,999,99,99.99
acc_4742,2026-04-15,999,99,99.99
acc_4743,2026-04-15,999,99,99.99
acc_4744,2026-04-15,999,99,99.99
acc_4745,2026-04-15,999,99,99.99
acc_4746,2026-04-15,999,99,99.99
acc_4747,2026-04-15,999,99,99.99
acc_4748,2026-04-15,999,99,99.99
acc_4749,2026-04-15,999,99,99.99
acc_4750,2026-04-15,999,99,99.99
acc_4751,2026-04-15,999,99,99.99
acc_4752,2026-04-15,999,99,99.99
acc_4753,2026-04-15,999,99,99.99
acc_4754,2026-04-15,999,99,99.99
acc_4755,2026-04-15,999,99,99.99
acc_4756,2026-04-15,999,99,99.99
acc_4757,2026-04-15,999,99,99.99
acc_4758,2026-04-15,999,99,99.99
acc_4759,2026-04-15,999,99,99.99
acc_4760,2026-04-15,999,99,99.99
acc_4761,2026-04-15,999,99,99.99
acc_4762,2026-04-15,999,99,99.99
acc_4763,2026-04-15,999,99,99.99
acc_4764,2026-04-15,999,99,99.99
acc_4765,2026-04-15,999,99,99.99
acc_4766,2026-04-15,999,99,99.99
acc_4767,2026-04-15,999,99,99.99
acc_4768,2026-04-15,999,99,99.99
acc_4769,2026-04-15,999,99,99.99
acc_4770,2026-04-15,999,99,99.99
acc_4771,2026-04-15,999,99,99.99
acc_4772,2026-04-15,999,99,99.99
acc_4773,2026-04-15,999,99,99.99
acc_4774,2026-04-15,999,99,99.99
acc_4775,2026-04-15,999,99,99.99
acc_4776,2026-04-15,999,99,99.99
acc_4777,2026-04-15,999,99,99.99
acc_4778,2026-04-15,999,99,99.99
acc_4779,2026-04-15,999,99,99.99
acc_4780,2026-04-15,999,99,99.99
acc_4781,2026-04-15,999,99,99.99
acc_4782,2026-04-15,999,99,99.99
acc_4783,2026-04-15,999,99,99.99
acc_4784,2026-04-15,999,99,99.99
acc_4785,2026-04-15,999,99,99.99
acc_4786,2026-04-15,999,99,99.99
acc_4787,2026-04-15,999,99,99.99
acc_4788,2026-04-15,999,99,99.99
acc_4789,2026-04-15,999,99,99.99
acc_4790,2026-04-15,999,99,99.99
acc_4791,2026-04-15,999,99,99.99
acc_4792,2026-04-15,999,99,99.99
acc_4793,2026-04-15,999,99,99.99
acc_4794,2026-04-15,999,99,99.99
acc_4795,2026-04-15,999,99,99.99
acc_4796,2026-04-15,999,99,99.99
acc_4797,2026-04-15,999,99,99.99
acc_4798,2026-04-15,999,99,99.99
acc_4799,2026-04-15,999,99,99.99
acc_4800,2026-04-15,999,99,99.99
acc_4801,2026-04-15,999,99,99.99
acc_4802,2026-04-15,999,99,99.99
acc_4803,2026-04-15,999,99,99.99
acc_4804,2026-04-15,999,99,99.99
acc_4805,2026-04-15,999,99,99.99
acc_4806,2026-04-15,999,99,99.99
acc_4807,2026-04-15,999,99,99.99
acc_4808,2026-04-15,999,99,99.99
acc_4809,2026-04-15,999,99,99.99
acc_4810,2026-04-15,999,99,99.99
acc_4811,2026-04-15,999,99,99.99
acc_4812,2026-04-15,999,99,99.99
acc_4813,2026-04-15,999,99,99.99
acc_4814,2026-04-15,999,99,99.99
acc_4815,2026-04-15,999,99,99.99
acc_4816,2026-04-15,999,99,99.99
acc_4817,2026-04-15,999,99,99.99
acc_4818,2026-04-15,999,99,99.99
acc_4819,2026-04-15,999,99,99.99
acc_4820,2026-04-15,999,99,99.99
acc_4821,2026-04-15,999,99,99.99
acc_4822,2026-04-15,999,99,99.99
acc_4823,2026-04-15,999,99,99.99
acc_4824,2026-04-15,999,99,99.99
acc_4825,2026-04-15,999,99,99.99
acc_4826,2026-04-15,999,99,99.99
acc_4827,2026-04-15,999,99,99.99
acc_4828,2026-04-15,999,99,99.99
acc_4829,2026-04-15,999,99,99.99
acc_4830,2026-04-15,999,99,99.99
acc_4831,2026-04-15,999,99,99.99
acc_4832,2026-04-15,999,99,99.99
acc_4833,2026-04-15,999,99,99.99
acc_4834,2026-04-15,999,99,99.99
acc_4835,2026-04-15,999,99,99.99
acc_4836,2026-04-15,999,99,99.99
acc_4837,2026-04-15,999,99,99.99
acc_4838,2026-04-15,999,99,99.99
acc_4839,2026-04-15,999,99,99.99
acc_4840,2026-04-15,999,99,99.99
acc_4841,2026-04-15,999,99,99.99
acc_4842,2026-04-15,999,99,99.99
acc_4843,2026-04-15,999,99,99.99
acc_4844,2026-04-15,999,99,99.99
acc_4845,2026-04-15,999,99,99.99
acc_4846,2026-04-15,999,99,99.99
acc_4847,2026-04-15,999,99,99.99
acc_4848,2026-04-15,999,99,99.99
acc_4849,2026-04-15,999,99,99.99
acc_4850,2026-04-15,999,99,99.99
acc_4851,2026-04-15,999,99,99.99
acc_4852,2026-04-15,999,99,99.99
acc_4853,2026-04-15,999,99,99.99
acc_4854,2026-04-15,999,99,99.99
acc_4855,2026-04-15,999,99,99.99
acc_4856,2026-04-15,999,99,99.99
acc_4857,2026-04-15,999,99,99.99
acc_4858,2026-04-15,999,99,99.99
acc_4859,2026-04-15,999,99,99.99
acc_4860,2026-04-15,999,99,99.99
acc_4861,2026-04-15,999,99,99.99
acc_4862,2026-04-15,999,99,99.99
acc_4863,2026-04-15,999,99,99.99
acc_4864,2026-04-15,999,99,99.99
acc_4865,2026-04-15,999,99,99.99
acc_4866,2026-04-15,999,99,99.99
acc_4867,2026-04-15,999,99,99.99
acc_4868,2026-04-15,999,99,99.99
acc_4869,2026-04-15,999,99,99.99
acc_4870,2026-04-15,999,99,99.99
acc_4871,2026-04-15,999,99,99.99
acc_4872,2026-04-15,999,99,99.99
acc_4873,2026-04-15,999,99,99.99
acc_4874,2026-04-15,999,99,99.99
acc_4875,2026-04-15,999,99,99.99
acc_4876,2026-04-15,999,99,99.99
acc_4877,2026-04-15,999,99,99.99
acc_4878,2026-04-15,999,99,99.99
acc_4879,2026-04-15,999,99,99.99
acc_4880,2026-04-15,999,99,99.99
acc_4881,2026-04-15,999,99,99.99
acc_4882,2026-04-15,999,99,99.99
acc_4883,2026-04-15,999,99,99.99
acc_4884,2026-04-15,999,99,99.99
acc_4885,2026-04-15,999,99,99.99
acc_4886,2026-04-15,999,99,99.99
acc_4887,2026-04-15,999,99,99.99
acc_4888,2026-04-15,999,99,99.99
acc_4889,2026-04-15,999,99,99.99
acc_4890,2026-04-15,999,99,99.99
acc_4891,2026-04-15,999,99,99.99
acc_4892,2026-04-15,999,99,99.99
acc_4893,2026-04-15,999,99,99.99
acc_4894,2026-04-15,999,99,99.99
acc_4895,2026-04-15,999,99,99.99
acc_4896,2026-04-15,999,99,99.99
acc_4897,2026-04-15,999,99,99.99
acc_4898,2026-04-15,999,99,99.99
acc_4899,2026-04-15,999,99,99.99
acc_4900,2026-04-15,999,99,99.99
acc_4901,2026-04-15,999,99,99.99
acc_4902,2026-04-15,999,99,99.99
acc_4903,2026-04-15,999,99,99.99
acc_4904,2026-04-15,999,99,99.99
acc_4905,2026-04-15,999,99,99.99
acc_4906,2026-04-15,999,99,99.99
acc_4907,2026-04-15,999,99,99.99
acc_4908,2026-04-15,999,99,99.99
acc_4909,2026-04-15,999,99,99.99
acc_4910,2026-04-15,999,99,99.99
acc_4911,2026-04-15,999,99,99.99
acc_4912,2026-04-15,999,99,99.99
acc_4913,2026-04-15,999,99,99.99
acc_4914,2026-04-15,999,99,99.99
acc_4915,2026-04-15,999,99,99.99
acc_4916,2026-04-15,999,99,99.99
acc_4917,2026-04-15,999,99,99.99
acc_4918,2026-04-15,999,99,99.99
acc_4919,2026-04-15,999,99,99.99
acc_4920,2026-04-15,999,99,99.99
acc_4921,2026-04-15,999,99,99.99
acc_4922,2026-04-15,999,99,99.99
acc_4923,2026-04-15,999,99,99.99
acc_4924,2026-04-15,999,99,99.99
acc_4925,2026-04-15,999,99,99.99
acc_4926,2026-04-15,999,99,99.99
acc_4927,2026-04-15,999,99,99.99
acc_4928,2026-04-15,999,99,99.99
acc_4929,2026-04-15,999,99,99.99
acc_4930,2026-04-15,999,99,99.99
acc_4931,2026-04-15,999,99,99.99
acc_4932,2026-04-15,999,99,99.99
acc_4933,2026-04-15,999,99,99.99
acc_4934,2026-04-15,999,99,99.99
acc_4935,2026-04-15,999,99,99.99
acc_4936,2026-04-15,999,99,99.99
acc_4937,2026-04-15,999,99,99.99
acc_4938,2026-04-15,999,99,99.99
acc_4939,2026-04-15,999,99,99.99
acc_4940,2026-04-15,999,99,99.99
acc_4941,2026-04-15,999,99,99.99
acc_4942,2026-04-15,999,99,99.99
acc_4943,2026-04-15,999,99,99.99
acc_4944,2026-04-15,999,99,99.99
acc_4945,2026-04-15,999,99,99.99
acc_4946,2026-04-15,999,99,99.99
acc_4947,2026-04-15,999,99,99.99
acc_4948,2026-04-15,999,99,99.99
acc_4949,2026-04-15,999,99,99.99
acc_4950,2026-04-15,999,99,99.99
acc_4951,2026-04-15,999,99,99.99
acc_4952,2026-04-15,999,99,99.99
acc_4953,2026-04-15,999,99,99.99
acc_4954,2026-04-15,999,99,99.99
acc_4955,2026-04-15,999,99,99.99
acc_4956,2026-04-15,999,99,99.99
acc_4957,2026-04-15,999,99,99.99
acc_4958,2026-04-15,999,99,99.99
acc_4959,2026-04-15,999,99,99.99
acc_4960,2026-04-15,999,99,99.99
acc_4961,2026-04-15,999,99,99.99
acc_4962,2026-04-15,999,99,99.99
acc_4963,2026-04-15,999,99,99.99
acc_4964,2026-04-15,999,99,99.99
acc_4965,2026-04-15,999,99,99.99
acc_4966,2026-04-15,999,99,99.99
acc_4967,2026-04-15,999,99,99.99
acc_4968,2026-04-15,999,99,99.99
acc_4969,2026-04-15,999,99,99.99
acc_4970,2026-04-15,999,99,99.99
acc_4971,2026-04-15,999,99,99.99
acc_4972,2026-04-15,999,99,99.99
acc_4973,2026-04-15,999,99,99.99
acc_4974,2026-04-15,999,99,99.99
acc_4975,2026-04-15,999,99,99.99
acc_4976,2026-04-15,999,99,99.99
acc_4977,2026-04-15,999,99,99.99
acc_4978,2026-04-15,999,99,99.99
acc_4979,2026-04-15,999,99,99.99
acc_4980,2026-04-15,999,99,99.99
acc_4981,2026-04-15,999,99,99.99
acc_4982,2026-04-15,999,99,99.99
acc_4983,2026-04-15,999,99,99.99
acc_4984,2026-04-15,999,99,99.99
acc_4985,2026-04-15,999,99,99.99
acc_4986,2026-04-15,999,99,99.99
acc_4987,2026-04-15,999,99,99.99
acc_4988,2026-04-15,999,99,99.99
acc_4989,2026-04-15,999,99,99.99
acc_4990,2026-04-15,999,99,99.99
acc_4991,2026-04-15,999,99,99.99
acc_4992,2026-04-15,999,99,99.99
acc_4993,2026-04-15,999,99,99.99
acc_4994,2026-04-15,999,99,99.99
acc_4995,2026-04-15,999,99,99.99
acc_4996,2026-04-15,999,99,99.99
acc_4997,2026-04-15,999,99,99.99
acc_4998,2026-04-15,999,99,99.99
acc_4999,2026-04-15,999,99,99.99
