account_id,arr,plan_tier,seats,billing_interval,churned
acc_0000,21633.48,Professional,40,monthly,0
acc_0001,161821.2,Enterprise,128,annual,0
acc_0002,224.56,Starter,1,monthly,0
acc_0003,655.55,Starter,3,monthly,0
acc_0004,18224.67,Professional,28,annual,0
acc_0005,19050.52,Professional,30,annual,1
acc_0006,1546.5,Starter,7,monthly,0
acc_0007,236827.73,Enterprise,187,monthly,1
acc_0008,1026.05,Starter,4,annual,1
acc_0009,518.91,Starter,2,monthly,1
acc_0010,202151.26,Enterprise,167,annual,1
acc_0011,1998.11,Starter,8,annual,0
acc_0012,195755.3,Enterprise,155,monthly,1
acc_0013,249.05,Starter,1,monthly,1
acc_0014,2223.43,Starter,9,monthly,1
acc_0015,23622.58,Professional,39,monthly,0
acc_0016,101575.59,Enterprise,85,monthly,1
acc_0017,10552.56,Professional,16,annual,0
acc_0018,1161.01,Starter,5,annual,0
acc_0019,7708.29,Professional,14,monthly,0
acc_0020,505.44,Starter,2,annual,0
acc_0021,107475.2,Enterprise,95,monthly,0
acc_0022,966.28,Starter,4,annual,0
acc_0023,168757.83,Enterprise,153,monthly,0
acc_0024,6757.45,Professional,11,monthly,1
acc_0025,7839.37,Professional,12,monthly,0
acc_0026,15041.39,Professional,24,monthly,0
acc_0027,678.89,Starter,3,monthly,0
acc_0028,240292.38,Enterprise,183,annual,0
acc_0029,1615.18,Starter,7,monthly,1
acc_0030,1421.75,Starter,6,annual,1
acc_0031,28789.15,Professional,48,monthly,0
acc_0032,206890.28,Enterprise,157,monthly,1
acc_0033,1973.76,Starter,9,monthly,1
acc_0034,28685.94,Professional,46,annual,1
acc_0035,11085.2,Professional,19,monthly,1
acc_0036,879.04,Starter,4,monthly,0
acc_0037,782.64,Starter,3,annual,1
acc_0038,10994.09,Professional,18,monthly,0
acc_0039,1765.18,Starter,7,monthly,1
acc_0040,18203.08,Professional,32,monthly,0
acc_0041,14521.85,Professional,23,monthly,1
acc_0042,195661.62,Enterprise,153,monthly,1
acc_0043,1420.08,Starter,6,annual,1
acc_0044,25562.66,Professional,42,annual,0
acc_0045,1313.25,Starter,5,monthly,0
acc_0046,16040.19,Professional,25,monthly,0
acc_0047,141224.92,Enterprise,119,monthly,0
acc_0048,1735.3,Starter,7,monthly,1
acc_0049,18389.13,Professional,29,monthly,0
acc_0050,9229.63,Professional,17,monthly,0
acc_0051,28698.38,Professional,47,monthly,1
acc_0052,28300.17,Professional,43,monthly,0
acc_0053,1307.32,Starter,5,annual,1
acc_0054,25595.71,Professional,40,annual,1
acc_0055,1989.88,Starter,9,monthly,1
acc_0056,11207.84,Professional,17,annual,1
acc_0057,20846.92,Professional,34,monthly,0
acc_0058,156422.72,Enterprise,138,monthly,0
acc_0059,993.46,Starter,4,annual,1
acc_0060,14141.22,Professional,22,annual,1
acc_0061,14943.94,Professional,27,monthly,1
acc_0062,259.99,Starter,1,monthly,0
acc_0063,27968.25,Professional,43,annual,0
acc_0064,1083.23,Starter,5,monthly,0
acc_0065,259.22,Starter,1,monthly,0
acc_0066,261.45,Starter,1,annual,0
acc_0067,217.81,Starter,1,monthly,1
acc_0068,59831.2,Enterprise,52,monthly,0
acc_0069,233.91,Starter,1,annual,1
acc_0070,105899.77,Enterprise,91,monthly,1
acc_0071,2019.46,Starter,8,monthly,1
acc_0072,26233.76,Professional,45,monthly,1
acc_0073,17024.53,Professional,26,monthly,1
acc_0074,209688.92,Enterprise,159,monthly,0
acc_0075,12138.38,Professional,21,monthly,1
acc_0076,200752.73,Enterprise,167,monthly,0
acc_0077,15173.12,Professional,25,monthly,1
acc_0078,487.62,Starter,2,monthly,1
acc_0079,121660.26,Enterprise,104,monthly,1
acc_0080,210529.63,Enterprise,188,monthly,0
acc_0081,1967.57,Starter,9,monthly,1
acc_0082,180200.36,Enterprise,163,monthly,0
acc_0083,14259.41,Professional,22,monthly,0
acc_0084,90635.91,Enterprise,79,annual,1
acc_0085,172454.69,Enterprise,157,annual,0
acc_0086,159854.13,Enterprise,130,monthly,0
acc_0087,72472.87,Enterprise,66,monthly,0
acc_0088,1535.54,Starter,7,monthly,0
acc_0089,737.51,Starter,3,monthly,0
acc_0090,2199.48,Starter,9,monthly,0
acc_0091,871.96,Starter,4,monthly,0
acc_0092,1666.72,Starter,7,monthly,0
acc_0093,11845.84,Professional,20,annual,1
acc_0094,726.72,Starter,3,monthly,0
acc_0095,14456.45,Professional,23,annual,0
acc_0096,94125.5,Enterprise,82,monthly,0
acc_0097,21901.54,Professional,37,monthly,0
acc_0098,20959.26,Professional,33,monthly,1
acc_0099,1301.41,Starter,5,annual,0
acc_0100,1035.13,Starter,4,monthly,1
acc_0101,15530.21,Professional,26,monthly,0
acc_0102,10845.07,Professional,18,monthly,0
acc_0103,23536.21,Professional,39,annual,1
acc_0104,29635.31,Professional,46,monthly,1
acc_0105,1537.9,Starter,6,monthly,0
acc_0106,2078.58,Starter,9,annual,0
acc_0107,6714.5,Professional,12,monthly,0
acc_0108,1170.95,Starter,5,monthly,1
acc_0109,9768.35,Professional,17,monthly,0
acc_0110,197536.29,Enterprise,151,annual,1
acc_0111,228.76,Starter,1,monthly,0
acc_0112,15167.11,Professional,27,monthly,0
acc_0113,25269.56,Professional,39,annual,1
acc_0114,6604.53,Professional,12,monthly,0
acc_0115,1142.46,Starter,5,annual,0
acc_0116,82977.07,Enterprise,70,monthly,1
acc_0117,1222.83,Starter,5,monthly,0
acc_0118,24910.79,Professional,43,monthly,0
acc_0119,22183.28,Professional,37,annual,1
acc_0120,2029.9,Starter,9,monthly,0
acc_0121,1948.52,Starter,8,monthly,0
acc_0122,1177.88,Starter,5,monthly,1
acc_0123,29527.91,Professional,46,annual,1
acc_0124,1179.78,Starter,5,monthly,1
acc_0125,189842.51,Enterprise,160,monthly,0
acc_0126,488.85,Starter,2,annual,1
acc_0127,65464.09,Enterprise,59,annual,1
acc_0128,169879.89,Enterprise,152,monthly,0
acc_0129,21584.17,Professional,34,annual,0
acc_0130,22339.6,Professional,39,monthly,1
acc_0131,2239.79,Starter,9,monthly,1
acc_0132,97097.66,Enterprise,88,monthly,0
acc_0133,10217.95,Professional,16,monthly,0
acc_0134,167281.19,Enterprise,127,annual,1
acc_0135,22224.03,Professional,38,annual,0
acc_0136,162179.18,Enterprise,135,monthly,1
acc_0137,6524.38,Professional,11,annual,0
acc_0138,130755.11,Enterprise,101,monthly,0
acc_0139,865.91,Starter,4,monthly,1
acc_0140,21644.53,Professional,35,annual,0
acc_0141,9892.55,Professional,16,annual,0
acc_0142,15818.93,Professional,27,monthly,1
acc_0143,8494.8,Professional,15,monthly,0
acc_0144,27869.33,Professional,49,monthly,0
acc_0145,1780.96,Starter,7,monthly,0
acc_0146,19725.57,Professional,36,monthly,1
acc_0147,20052.74,Professional,33,monthly,1
acc_0148,1384.37,Starter,6,monthly,0
acc_0149,24016.85,Professional,42,annual,0
acc_0150,1201.38,Starter,5,monthly,1
acc_0151,1295.49,Starter,5,monthly,0
acc_0152,24566.84,Professional,40,annual,1
acc_0153,114233.99,Enterprise,90,monthly,0
acc_0154,26319.53,Professional,43,annual,0
acc_0155,169653.44,Enterprise,136,monthly,0
acc_0156,18348.56,Professional,31,monthly,1
acc_0157,21486.89,Professional,33,monthly,0
acc_0158,1680.65,Starter,7,monthly,0
acc_0159,166102.35,Enterprise,137,monthly,0
acc_0160,27134.81,Professional,45,monthly,0
acc_0161,21383.88,Professional,37,monthly,1
acc_0162,454.2,Starter,2,monthly,0
acc_0163,94403.95,Enterprise,86,monthly,0
acc_0164,18159.25,Professional,29,annual,1
acc_0165,197701.28,Enterprise,172,annual,0
acc_0166,2112.13,Starter,9,annual,1
acc_0167,520.31,Starter,2,monthly,0
acc_0168,2188.71,Starter,9,monthly,1
acc_0169,14894.53,Professional,27,monthly,1
acc_0170,143725.48,Enterprise,113,annual,0
acc_0171,913.18,Starter,4,monthly,0
acc_0172,1455.18,Starter,6,monthly,0
acc_0173,240.48,Starter,1,monthly,0
acc_0174,23311.35,Professional,41,monthly,1
acc_0175,1107.79,Starter,5,monthly,1
acc_0176,189958.07,Enterprise,168,annual,1
acc_0177,1324.03,Starter,6,annual,1
acc_0178,24069.17,Professional,42,monthly,1
acc_0179,12533.84,Professional,19,monthly,0
acc_0180,2117.7,Starter,9,monthly,0
acc_0181,11586.0,Professional,18,monthly,0
acc_0182,20600.64,Professional,34,annual,0
acc_0183,13639.78,Professional,22,monthly,0
acc_0184,7822.66,Professional,14,annual,0
acc_0185,2062.72,Starter,9,monthly,0
acc_0186,239298.78,Enterprise,199,monthly,1
acc_0187,25829.49,Professional,40,monthly,0
acc_0188,21805.86,Professional,40,annual,1
acc_0189,25835.71,Professional,43,monthly,1
acc_0190,1966.04,Starter,9,annual,1
acc_0191,713.78,Starter,3,annual,1
acc_0192,212950.61,Enterprise,173,annual,0
acc_0193,106992.35,Enterprise,85,annual,1
acc_0194,19481.83,Professional,35,monthly,0
acc_0195,895.98,Starter,4,monthly,1
acc_0196,9542.52,Professional,16,monthly,0
acc_0197,19133.17,Professional,29,monthly,0
acc_0198,110717.87,Enterprise,95,annual,0
acc_0199,1892.17,Starter,8,monthly,1
acc_0200,1894.06,Starter,8,monthly,1
acc_0201,439.75,Starter,2,annual,1
acc_0202,2025.28,Starter,8,monthly,1
acc_0203,80992.85,Enterprise,71,monthly,1
acc_0204,19357.64,Professional,31,monthly,1
acc_0205,100297.81,Enterprise,84,annual,0
acc_0206,1717.56,Starter,7,monthly,1
acc_0207,7650.67,Professional,14,annual,1
acc_0208,13582.71,Professional,21,monthly,0
acc_0209,2049.35,Starter,9,annual,1
acc_0210,18612.34,Professional,30,monthly,0
acc_0211,11443.72,Professional,18,monthly,1
acc_0212,195956.71,Enterprise,162,monthly,1
acc_0213,1160.96,Starter,5,monthly,0
acc_0214,107805.14,Enterprise,82,monthly,1
acc_0215,217896.85,Enterprise,190,monthly,0
acc_0216,24845.9,Professional,38,monthly,0
acc_0217,20114.89,Professional,36,annual,0
acc_0218,469.37,Starter,2,monthly,0
acc_0219,14472.11,Professional,26,annual,0
acc_0220,26473.17,Professional,49,annual,0
acc_0221,18850.62,Professional,33,monthly,1
acc_0222,1100.93,Starter,5,monthly,0
acc_0223,138255.91,Enterprise,105,monthly,0
acc_0224,22730.34,Professional,36,annual,1
acc_0225,125383.14,Enterprise,116,annual,1
acc_0226,9636.24,Professional,17,monthly,0
acc_0227,23575.77,Professional,38,monthly,0
acc_0228,16459.14,Professional,28,monthly,0
acc_0229,12156.6,Professional,19,annual,0
acc_0230,480.47,Starter,2,annual,0
acc_0231,1236.88,Starter,5,annual,0
acc_0232,20184.27,Professional,33,monthly,1
acc_0233,76455.95,Enterprise,62,monthly,0
acc_0234,24407.31,Professional,43,annual,1
acc_0235,2105.26,Starter,9,annual,1
acc_0236,1529.01,Starter,7,monthly,0
acc_0237,29915.3,Professional,49,monthly,0
acc_0238,23804.44,Professional,40,monthly,0
acc_0239,124994.62,Enterprise,99,annual,1
acc_0240,7341.96,Professional,13,monthly,1
acc_0241,1658.77,Starter,7,monthly,0
acc_0242,22467.58,Professional,40,monthly,0
acc_0243,11046.2,Professional,18,monthly,0
acc_0244,22461.73,Professional,35,monthly,0
acc_0245,252.74,Starter,1,monthly,0
acc_0246,2351.89,Starter,9,annual,0
acc_0247,14445.36,Professional,22,monthly,1
acc_0248,1518.35,Starter,6,monthly,0
acc_0249,1608.37,Starter,7,monthly,1
acc_0250,453.05,Starter,2,monthly,0
acc_0251,91430.71,Enterprise,77,monthly,0
acc_0252,263.71,Starter,1,monthly,0
acc_0253,20633.21,Professional,35,monthly,0
acc_0254,5638.88,Professional,10,annual,0
acc_0255,32012.74,Professional,49,annual,1
acc_0256,10553.58,Professional,18,monthly,0
acc_0257,24916.31,Professional,40,annual,1
acc_0258,20941.09,Professional,33,annual,0
acc_0259,1025.89,Starter,4,annual,1
acc_0260,19795.16,Professional,31,monthly,1
acc_0261,195946.98,Enterprise,153,annual,1
acc_0262,182314.81,Enterprise,147,monthly,1
acc_0263,10592.28,Professional,18,annual,0
acc_0264,179821.58,Enterprise,145,monthly,0
acc_0265,174191.01,Enterprise,136,monthly,0
acc_0266,27939.7,Professional,48,monthly,0
acc_0267,18418.59,Professional,32,annual,0
acc_0268,16856.1,Professional,29,annual,0
acc_0269,166086.2,Enterprise,137,monthly,0
acc_0270,16388.8,Professional,30,monthly,1
acc_0271,220449.82,Enterprise,174,annual,0
acc_0272,2003.98,Starter,9,monthly,0
acc_0273,2001.39,Starter,9,monthly,1
acc_0274,676.46,Starter,3,annual,0
acc_0275,243.69,Starter,1,annual,0
acc_0276,149309.73,Enterprise,130,monthly,0
acc_0277,467.34,Starter,2,monthly,1
acc_0278,23464.72,Professional,36,annual,0
acc_0279,2309.99,Starter,9,annual,1
acc_0280,2312.15,Starter,9,monthly,0
acc_0281,243.73,Starter,1,monthly,0
acc_0282,72125.31,Enterprise,56,monthly,1
acc_0283,8867.99,Professional,14,annual,1
acc_0284,17014.1,Professional,26,monthly,1
acc_0285,134740.16,Enterprise,123,monthly,0
acc_0286,143470.08,Enterprise,132,monthly,1
acc_0287,24123.15,Professional,43,monthly,0
acc_0288,2345.36,Starter,9,monthly,1
acc_0289,245.07,Starter,1,monthly,1
acc_0290,945.81,Starter,4,monthly,1
acc_0291,1203.05,Starter,5,monthly,0
acc_0292,2046.57,Starter,8,monthly,0
acc_0293,1302.99,Starter,5,annual,0
acc_0294,91624.32,Enterprise,73,monthly,0
acc_0295,234799.61,Enterprise,186,annual,0
acc_0296,1156.89,Starter,5,monthly,0
acc_0297,194310.42,Enterprise,163,monthly,0
acc_0298,11632.05,Professional,18,monthly,0
acc_0299,1014.9,Starter,4,annual,0
acc_0300,26750.84,Professional,43,monthly,1
acc_0301,1972.19,Starter,9,monthly,1
acc_0302,1743.17,Starter,8,monthly,0
acc_0303,10557.34,Professional,19,monthly,0
acc_0304,6707.44,Professional,11,monthly,0
acc_0305,2175.72,Starter,9,annual,0
acc_0306,22206.18,Professional,34,monthly,0
acc_0307,79791.51,Enterprise,64,monthly,0
acc_0308,6903.32,Professional,12,annual,0
acc_0309,24053.32,Professional,43,monthly,0
acc_0310,10271.1,Professional,16,monthly,1
acc_0311,22020.73,Professional,37,monthly,0
acc_0312,1731.57,Starter,7,monthly,1
acc_0313,196932.78,Enterprise,162,monthly,1
acc_0314,189090.01,Enterprise,171,monthly,1
acc_0315,1531.17,Starter,7,annual,0
acc_0316,10534.36,Professional,18,monthly,0
acc_0317,11667.72,Professional,20,annual,0
acc_0318,1241.71,Starter,5,monthly,1
acc_0319,246.35,Starter,1,monthly,0
acc_0320,1575.05,Starter,6,monthly,0
acc_0321,173602.42,Enterprise,135,monthly,0
acc_0322,1439.02,Starter,6,monthly,0
acc_0323,960.0,Starter,4,monthly,0
acc_0324,496.72,Starter,2,annual,0
acc_0325,21040.25,Professional,38,annual,1
acc_0326,256074.9,Enterprise,194,monthly,1
acc_0327,15056.42,Professional,25,annual,0
acc_0328,259.68,Starter,1,annual,0
acc_0329,31491.97,Professional,48,monthly,1
acc_0330,23172.29,Professional,38,monthly,0
acc_0331,12152.84,Professional,22,annual,0
acc_0332,26787.27,Professional,44,monthly,0
acc_0333,734.06,Starter,3,annual,0
acc_0334,2284.93,Starter,9,monthly,0
acc_0335,218.32,Starter,1,monthly,0
acc_0336,81050.27,Enterprise,68,monthly,0
acc_0337,13014.65,Professional,20,annual,0
acc_0338,28994.06,Professional,44,monthly,0
acc_0339,65304.05,Enterprise,58,monthly,1
acc_0340,145650.64,Enterprise,113,monthly,1
acc_0341,1115.1,Starter,5,monthly,0
acc_0342,1538.26,Starter,6,monthly,0
acc_0343,99749.56,Enterprise,87,monthly,0
acc_0344,242407.36,Enterprise,185,monthly,1
acc_0345,10598.81,Professional,17,monthly,0
acc_0346,215168.94,Enterprise,183,monthly,0
acc_0347,2065.38,Starter,9,monthly,0
acc_0348,227.29,Starter,1,monthly,1
acc_0349,9947.12,Professional,16,monthly,0
acc_0350,195543.47,Enterprise,151,annual,0
acc_0351,8828.3,Professional,14,monthly,0
acc_0352,9602.62,Professional,15,monthly,1
acc_0353,1267.53,Starter,5,monthly,0
acc_0354,263.0,Starter,1,monthly,0
acc_0355,249850.89,Enterprise,198,monthly,1
acc_0356,452.18,Starter,2,monthly,0
acc_0357,27939.64,Professional,44,annual,1
acc_0358,22567.28,Professional,39,annual,0
acc_0359,13189.92,Professional,20,monthly,0
acc_0360,166197.0,Enterprise,142,monthly,1
acc_0361,27031.36,Professional,47,annual,1
acc_0362,20473.41,Professional,36,monthly,1
acc_0363,495.22,Starter,2,monthly,0
acc_0364,1106.21,Starter,5,monthly,0
acc_0365,19632.82,Professional,30,monthly,0
acc_0366,920.51,Starter,4,annual,0
acc_0367,95524.38,Enterprise,83,monthly,0
acc_0368,12547.14,Professional,23,monthly,0
acc_0369,1366.85,Starter,6,annual,0
acc_0370,1180.56,Starter,5,monthly,0
acc_0371,467.48,Starter,2,monthly,0
acc_0372,25201.55,Professional,44,monthly,0
acc_0373,205968.14,Enterprise,189,monthly,0
acc_0374,21890.65,Professional,38,monthly,1
acc_0375,2280.24,Starter,9,monthly,0
acc_0376,1896.5,Starter,8,annual,1
acc_0377,2069.61,Starter,9,annual,0
acc_0378,19026.98,Professional,33,monthly,0
acc_0379,1455.68,Starter,6,annual,0
acc_0380,1152.55,Starter,5,monthly,1
acc_0381,1231.39,Starter,5,monthly,1
acc_0382,29643.05,Professional,45,monthly,0
acc_0383,22342.59,Professional,41,monthly,0
acc_0384,98603.72,Enterprise,88,monthly,1
acc_0385,8422.39,Professional,15,monthly,0
acc_0386,11279.32,Professional,19,annual,0
acc_0387,435.98,Starter,2,monthly,1
acc_0388,955.68,Starter,4,monthly,0
acc_0389,18892.66,Professional,29,monthly,1
acc_0390,433.11,Starter,2,monthly,1
acc_0391,467.03,Starter,2,monthly,0
acc_0392,2020.18,Starter,8,monthly,0
acc_0393,893.66,Starter,4,monthly,0
acc_0394,878.89,Starter,4,monthly,0
acc_0395,178551.09,Enterprise,145,monthly,1
acc_0396,1515.34,Starter,7,annual,0
acc_0397,1017.94,Starter,4,monthly,0
acc_0398,1972.88,Starter,9,annual,1
acc_0399,17484.75,Professional,29,annual,1
acc_0400,22008.54,Professional,35,monthly,0
acc_0401,2048.55,Starter,9,monthly,0
acc_0402,16572.74,Professional,30,monthly,1
acc_0403,673.29,Starter,3,monthly,0
acc_0404,20561.98,Professional,32,monthly,1
acc_0405,13118.57,Professional,21,monthly,0
acc_0406,12402.98,Professional,22,monthly,0
acc_0407,11892.76,Professional,19,monthly,1
acc_0408,1500.08,Starter,6,monthly,0
acc_0409,10555.63,Professional,16,annual,0
acc_0410,1643.56,Starter,7,monthly,0
acc_0411,70816.07,Enterprise,55,monthly,1
acc_0412,712.29,Starter,3,annual,0
acc_0413,29795.64,Professional,46,annual,0
acc_0414,881.59,Starter,4,monthly,0
acc_0415,224.42,Starter,1,monthly,0
acc_0416,13481.88,Professional,21,monthly,0
acc_0417,21702.75,Professional,34,monthly,1
acc_0418,2075.95,Starter,9,monthly,1
acc_0419,1712.52,Starter,7,monthly,1
acc_0420,6445.16,Professional,11,monthly,1
acc_0421,1515.47,Starter,7,annual,1
acc_0422,26613.49,Professional,49,monthly,0
acc_0423,19127.88,Professional,35,monthly,1
acc_0424,29953.14,Professional,49,annual,1
acc_0425,2064.63,Starter,9,monthly,1
acc_0426,7801.83,Professional,14,monthly,1
acc_0427,1567.05,Starter,6,monthly,0
acc_0428,1774.59,Starter,8,annual,1
acc_0429,10554.92,Professional,17,monthly,0
acc_0430,1294.6,Starter,5,monthly,0
acc_0431,1790.91,Starter,8,annual,0
acc_0432,10183.82,Professional,18,monthly,1
acc_0433,158302.98,Enterprise,130,annual,0
acc_0434,28848.66,Professional,48,annual,0
acc_0435,241.01,Starter,1,monthly,0
acc_0436,727.87,Starter,3,monthly,0
acc_0437,18965.66,Professional,29,annual,0
acc_0438,10929.21,Professional,20,monthly,1
acc_0439,1010.01,Starter,4,annual,0
acc_0440,27827.14,Professional,49,monthly,0
acc_0441,2105.43,Starter,9,monthly,0
acc_0442,1762.29,Starter,8,monthly,1
acc_0443,1899.12,Starter,8,monthly,1
acc_0444,19731.7,Professional,31,monthly,1
acc_0445,441.48,Starter,2,monthly,0
acc_0446,1604.6,Starter,7,monthly,0
acc_0447,701.72,Starter,3,monthly,0
acc_0448,89499.8,Enterprise,81,annual,0
acc_0449,15786.95,Professional,25,annual,1
acc_0450,1522.64,Starter,6,monthly,1
acc_0451,30094.45,Professional,47,monthly,1
acc_0452,976.11,Starter,4,monthly,1
acc_0453,11416.5,Professional,19,monthly,0
acc_0454,19431.21,Professional,34,monthly,0
acc_0455,17321.33,Professional,28,annual,0
acc_0456,1424.03,Starter,6,monthly,1
acc_0457,242902.47,Enterprise,185,annual,0
acc_0458,8530.36,Professional,13,annual,1
acc_0459,254260.85,Enterprise,196,monthly,0
acc_0460,16329.9,Professional,28,monthly,1
acc_0461,67762.18,Enterprise,58,monthly,1
acc_0462,7707.85,Professional,12,monthly,1
acc_0463,1003.99,Starter,4,monthly,1
acc_0464,16237.61,Professional,26,monthly,0
acc_0465,13191.73,Professional,23,monthly,0
acc_0466,142080.41,Enterprise,111,monthly,0
acc_0467,731.44,Starter,3,monthly,1
acc_0468,11278.85,Professional,19,monthly,1
acc_0469,209895.31,Enterprise,163,monthly,0
acc_0470,79873.5,Enterprise,68,monthly,1
acc_0471,494.78,Starter,2,monthly,0
acc_0472,8938.63,Professional,15,annual,0
acc_0473,24445.14,Professional,40,annual,0
acc_0474,871.78,Starter,4,monthly,1
acc_0475,97634.75,Enterprise,82,monthly,0
acc_0476,24271.16,Professional,40,annual,0
acc_0477,10784.27,Professional,18,monthly,0
acc_0478,145021.77,Enterprise,113,monthly,0
acc_0479,461.87,Starter,2,annual,0
acc_0480,96913.38,Enterprise,75,monthly,1
acc_0481,12356.72,Professional,21,monthly,1
acc_0482,62334.32,Enterprise,50,annual,1
acc_0483,19264.24,Professional,35,monthly,0
acc_0484,1579.25,Starter,7,annual,0
acc_0485,6944.74,Professional,11,monthly,0
acc_0486,216.59,Starter,1,monthly,0
acc_0487,8530.9,Professional,13,monthly,0
acc_0488,23077.89,Professional,41,annual,0
acc_0489,23981.79,Professional,37,monthly,0
acc_0490,9028.7,Professional,15,monthly,0
acc_0491,23702.21,Professional,39,annual,1
acc_0492,20353.55,Professional,37,monthly,0
acc_0493,12844.18,Professional,22,monthly,1
acc_0494,140804.06,Enterprise,126,monthly,0
acc_0495,241.24,Starter,1,monthly,0
acc_0496,184250.71,Enterprise,152,annual,0
acc_0497,1250.32,Starter,5,monthly,1
acc_0498,29042.7,Professional,45,monthly,1
acc_0499,11327.45,Professional,19,monthly,0
acc_0500,10792.06,Professional,19,monthly,0
acc_0501,1624.08,Starter,7,monthly,0
acc_0502,256.66,Starter,1,monthly,0
acc_0503,892.01,Starter,4,annual,0
acc_0504,8613.79,Professional,14,annual,0
acc_0505,1083.14,Starter,5,monthly,0
acc_0506,455.58,Starter,2,monthly,1
acc_0507,1710.71,Starter,7,monthly,1
acc_0508,951.63,Starter,4,monthly,0
acc_0509,173775.52,Enterprise,145,monthly,0
acc_0510,23532.16,Professional,38,monthly,0
acc_0511,142037.58,Enterprise,125,monthly,1
acc_0512,25816.35,Professional,45,monthly,1
acc_0513,102030.14,Enterprise,82,annual,0
acc_0514,12696.49,Professional,21,monthly,0
acc_0515,16794.26,Professional,31,monthly,0
acc_0516,29781.09,Professional,48,monthly,1
acc_0517,1966.12,Starter,8,monthly,1
acc_0518,6043.76,Professional,11,annual,1
acc_0519,164982.01,Enterprise,131,monthly,0
acc_0520,13861.0,Professional,23,annual,1
acc_0521,10726.82,Professional,19,monthly,0
acc_0522,143280.97,Enterprise,118,monthly,1
acc_0523,161424.13,Enterprise,132,monthly,1
acc_0524,7804.97,Professional,12,annual,0
acc_0525,195007.77,Enterprise,155,monthly,1
acc_0526,230.49,Starter,1,annual,1
acc_0527,221.67,Starter,1,monthly,0
acc_0528,256.95,Starter,1,monthly,1
acc_0529,10905.98,Professional,17,monthly,0
acc_0530,897.66,Starter,4,monthly,1
acc_0531,218.98,Starter,1,monthly,0
acc_0532,1250.85,Starter,5,annual,0
acc_0533,1504.1,Starter,6,monthly,1
acc_0534,14592.69,Professional,26,monthly,1
acc_0535,1736.52,Starter,7,monthly,1
acc_0536,7455.12,Professional,13,monthly,1
acc_0537,1828.08,Starter,8,monthly,0
acc_0538,1852.61,Starter,8,monthly,0
acc_0539,181939.16,Enterprise,151,annual,0
acc_0540,207510.24,Enterprise,163,monthly,0
acc_0541,17995.12,Professional,30,annual,0
acc_0542,460.61,Starter,2,monthly,1
acc_0543,248093.54,Enterprise,192,monthly,1
acc_0544,21317.82,Professional,39,monthly,0
acc_0545,17798.23,Professional,28,annual,1
acc_0546,15219.02,Professional,24,annual,0
acc_0547,912.68,Starter,4,monthly,0
acc_0548,16350.07,Professional,29,monthly,0
acc_0549,25153.6,Professional,39,monthly,0
acc_0550,11534.23,Professional,19,annual,0
acc_0551,1527.46,Starter,7,annual,0
acc_0552,122910.98,Enterprise,95,monthly,1
acc_0553,2094.77,Starter,9,monthly,0
acc_0554,18593.88,Professional,32,annual,1
acc_0555,2221.9,Starter,9,monthly,0
acc_0556,20438.79,Professional,33,monthly,0
acc_0557,698.88,Starter,3,monthly,1
acc_0558,11701.06,Professional,21,monthly,0
acc_0559,1697.56,Starter,7,annual,1
acc_0560,11070.39,Professional,18,annual,0
acc_0561,1029.16,Starter,4,monthly,0
acc_0562,202168.89,Enterprise,169,monthly,0
acc_0563,119791.8,Enterprise,97,annual,0
acc_0564,13116.7,Professional,24,monthly,1
acc_0565,151478.2,Enterprise,117,monthly,0
acc_0566,2085.36,Starter,9,monthly,0
acc_0567,162588.77,Enterprise,132,monthly,0
acc_0568,1819.79,Starter,7,monthly,1
acc_0569,24216.0,Professional,38,monthly,1
acc_0570,1479.66,Starter,6,monthly,0
acc_0571,167348.03,Enterprise,134,annual,0
acc_0572,17563.73,Professional,27,annual,0
acc_0573,18486.08,Professional,29,annual,0
acc_0574,214614.08,Enterprise,175,monthly,1
acc_0575,6190.44,Professional,10,monthly,0
acc_0576,6692.07,Professional,12,annual,1
acc_0577,2147.11,Starter,9,annual,0
acc_0578,195880.7,Enterprise,170,monthly,1
acc_0579,210693.79,Enterprise,178,monthly,0
acc_0580,85486.81,Enterprise,69,monthly,0
acc_0581,1562.11,Starter,7,monthly,1
acc_0582,1734.67,Starter,8,monthly,0
acc_0583,1175.26,Starter,5,annual,0
acc_0584,925.86,Starter,4,monthly,0
acc_0585,236.18,Starter,1,monthly,1
acc_0586,11079.69,Professional,17,annual,0
acc_0587,248690.34,Enterprise,199,monthly,1
acc_0588,132079.27,Enterprise,114,annual,0
acc_0589,1796.84,Starter,8,monthly,0
acc_0590,1474.12,Starter,6,annual,1
acc_0591,990.25,Starter,4,monthly,1
acc_0592,717.64,Starter,3,annual,0
acc_0593,27145.5,Professional,48,monthly,0
acc_0594,1086.85,Starter,5,monthly,1
acc_0595,219601.64,Enterprise,192,monthly,0
acc_0596,23794.42,Professional,40,monthly,1
acc_0597,10787.39,Professional,17,monthly,0
acc_0598,15418.81,Professional,24,annual,1
acc_0599,18276.12,Professional,31,monthly,1
acc_0600,26056.93,Professional,41,monthly,0
acc_0601,145024.51,Enterprise,110,monthly,1
acc_0602,8763.91,Professional,14,annual,1
acc_0603,160622.56,Enterprise,128,monthly,0
acc_0604,1038.63,Starter,4,annual,1
acc_0605,1625.62,Starter,7,monthly,0
acc_0606,68209.43,Enterprise,63,monthly,1
acc_0607,1580.25,Starter,6,monthly,1
acc_0608,10779.41,Professional,18,annual,1
acc_0609,15222.75,Professional,24,monthly,0
acc_0610,765.0,Starter,3,annual,0
acc_0611,27034.29,Professional,46,monthly,1
acc_0612,142768.85,Enterprise,118,monthly,1
acc_0613,206838.13,Enterprise,171,annual,0
acc_0614,23789.89,Professional,42,monthly,0
acc_0615,17177.62,Professional,31,monthly,0
acc_0616,118624.82,Enterprise,98,annual,0
acc_0617,11088.34,Professional,20,monthly,1
acc_0618,232.61,Starter,1,monthly,0
acc_0619,1574.52,Starter,7,monthly,0
acc_0620,9372.45,Professional,15,annual,0
acc_0621,1289.28,Starter,5,annual,0
acc_0622,243.74,Starter,1,monthly,0
acc_0623,215654.04,Enterprise,183,monthly,1
acc_0624,17149.53,Professional,26,monthly,0
acc_0625,179039.88,Enterprise,165,annual,1
acc_0626,8071.29,Professional,14,monthly,1
acc_0627,27525.16,Professional,48,annual,0
acc_0628,233.1,Starter,1,monthly,0
acc_0629,157812.67,Enterprise,139,monthly,1
acc_0630,1372.11,Starter,6,monthly,0
acc_0631,10276.58,Professional,18,monthly,1
acc_0632,961.1,Starter,4,annual,1
acc_0633,1878.17,Starter,8,annual,0
acc_0634,493.37,Starter,2,monthly,0
acc_0635,22865.67,Professional,38,monthly,0
acc_0636,155114.93,Enterprise,138,annual,0
acc_0637,20390.57,Professional,32,monthly,0
acc_0638,26849.85,Professional,45,monthly,1
acc_0639,185384.74,Enterprise,166,monthly,0
acc_0640,22401.02,Professional,40,annual,1
acc_0641,217387.58,Enterprise,171,monthly,0
acc_0642,18106.42,Professional,29,annual,0
acc_0643,76900.27,Enterprise,64,annual,0
acc_0644,18455.35,Professional,32,annual,1
acc_0645,952.42,Starter,4,annual,0
acc_0646,1972.41,Starter,8,annual,1
acc_0647,2065.64,Starter,8,monthly,1
acc_0648,1213.41,Starter,5,monthly,1
acc_0649,64199.32,Enterprise,56,monthly,1
acc_0650,8722.06,Professional,16,monthly,1
acc_0651,115577.25,Enterprise,103,monthly,1
acc_0652,27810.96,Professional,45,monthly,1
acc_0653,7270.28,Professional,13,monthly,1
acc_0654,717.34,Starter,3,monthly,1
acc_0655,20587.86,Professional,33,annual,1
acc_0656,13270.7,Professional,23,annual,1
acc_0657,65751.03,Enterprise,53,annual,1
acc_0658,20730.77,Professional,34,monthly,0
acc_0659,9482.76,Professional,16,monthly,1
acc_0660,1036.27,Starter,4,monthly,0
acc_0661,14953.13,Professional,24,monthly,0
acc_0662,58327.16,Enterprise,50,monthly,1
acc_0663,14003.26,Professional,22,monthly,0
acc_0664,754.29,Starter,3,monthly,1
acc_0665,508.0,Starter,2,annual,0
acc_0666,17273.61,Professional,28,annual,0
acc_0667,12296.01,Professional,21,monthly,0
acc_0668,930.93,Starter,4,monthly,1
acc_0669,190497.43,Enterprise,154,monthly,0
acc_0670,2000.55,Starter,9,monthly,1
acc_0671,1532.14,Starter,6,annual,0
acc_0672,20455.41,Professional,35,annual,1
acc_0673,25857.07,Professional,42,monthly,1
acc_0674,137974.16,Enterprise,115,monthly,0
acc_0675,963.71,Starter,4,monthly,0
acc_0676,251.42,Starter,1,monthly,0
acc_0677,1722.56,Starter,7,annual,0
acc_0678,456.03,Starter,2,annual,1
acc_0679,142715.85,Enterprise,130,monthly,1
acc_0680,1537.99,Starter,6,monthly,1
acc_0681,241674.05,Enterprise,187,annual,0
acc_0682,13433.75,Professional,24,monthly,0
acc_0683,26548.31,Professional,46,monthly,0
acc_0684,134288.17,Enterprise,117,monthly,1
acc_0685,261.0,Starter,1,monthly,0
acc_0686,1580.81,Starter,7,monthly,0
acc_0687,8399.77,Professional,15,monthly,1
acc_0688,898.91,Starter,4,monthly,1
acc_0689,189530.46,Enterprise,151,monthly,0
acc_0690,129312.48,Enterprise,100,monthly,0
acc_0691,92778.25,Enterprise,79,annual,1
acc_0692,97914.01,Enterprise,88,monthly,1
acc_0693,20749.75,Professional,34,annual,0
acc_0694,14695.0,Professional,26,monthly,0
acc_0695,657.24,Starter,3,monthly,0
acc_0696,29085.65,Professional,45,annual,0
acc_0697,1804.6,Starter,7,monthly,1
acc_0698,245758.85,Enterprise,187,monthly,0
acc_0699,133701.25,Enterprise,112,monthly,1
acc_0700,690.34,Starter,3,monthly,1
acc_0701,2023.6,Starter,8,annual,0
acc_0702,10109.87,Professional,18,monthly,0
acc_0703,21060.22,Professional,37,monthly,1
acc_0704,25110.0,Professional,44,monthly,1
acc_0705,7850.33,Professional,12,monthly,0
acc_0706,138067.33,Enterprise,110,annual,0
acc_0707,889.67,Starter,4,monthly,0
acc_0708,11022.83,Professional,20,monthly,1
acc_0709,18593.0,Professional,29,monthly,0
acc_0710,763.53,Starter,3,monthly,0
acc_0711,19856.62,Professional,32,monthly,0
acc_0712,128485.31,Enterprise,114,monthly,0
acc_0713,155384.85,Enterprise,130,monthly,1
acc_0714,23880.76,Professional,39,annual,0
acc_0715,79526.49,Enterprise,61,annual,1
acc_0716,1568.93,Starter,7,monthly,1
acc_0717,208241.35,Enterprise,173,monthly,0
acc_0718,1565.0,Starter,7,monthly,0
acc_0719,27290.05,Professional,46,monthly,0
acc_0720,2030.46,Starter,9,annual,0
acc_0721,65314.92,Enterprise,51,annual,0
acc_0722,1597.59,Starter,7,monthly,1
acc_0723,1416.13,Starter,6,monthly,0
acc_0724,26502.05,Professional,45,monthly,0
acc_0725,772.75,Starter,3,monthly,1
acc_0726,1009.5,Starter,4,monthly,0
acc_0727,11485.09,Professional,21,monthly,1
acc_0728,1753.76,Starter,8,monthly,1
acc_0729,1454.74,Starter,6,monthly,1
acc_0730,2128.77,Starter,9,monthly,1
acc_0731,1833.82,Starter,8,monthly,1
acc_0732,28580.15,Professional,45,annual,1
acc_0733,24439.19,Professional,44,annual,1
acc_0734,28246.13,Professional,43,annual,1
acc_0735,1737.26,Starter,8,monthly,0
acc_0736,7204.44,Professional,13,monthly,1
acc_0737,19052.81,Professional,33,monthly,0
acc_0738,1683.07,Starter,7,annual,0
acc_0739,226.37,Starter,1,monthly,0
acc_0740,1256.69,Starter,5,monthly,0
acc_0741,1632.13,Starter,7,monthly,0
acc_0742,1960.65,Starter,9,annual,0
acc_0743,1032.52,Starter,4,annual,1
acc_0744,29396.87,Professional,45,monthly,1
acc_0745,22726.42,Professional,37,annual,1
acc_0746,155375.39,Enterprise,122,monthly,1
acc_0747,26617.6,Professional,48,monthly,1
acc_0748,6294.84,Professional,11,annual,0
acc_0749,1852.89,Starter,8,monthly,0
acc_0750,262.12,Starter,1,monthly,0
acc_0751,8420.53,Professional,14,annual,0
acc_0752,20012.92,Professional,37,monthly,1
acc_0753,12883.69,Professional,22,annual,1
acc_0754,135232.52,Enterprise,125,monthly,0
acc_0755,909.66,Starter,4,monthly,1
acc_0756,951.3,Starter,4,monthly,0
acc_0757,26046.32,Professional,45,annual,0
acc_0758,9790.71,Professional,18,monthly,0
acc_0759,443.17,Starter,2,monthly,0
acc_0760,29093.11,Professional,48,monthly,0
acc_0761,748.17,Starter,3,annual,0
acc_0762,22953.29,Professional,39,monthly,1
acc_0763,753.33,Starter,3,monthly,1
acc_0764,20145.6,Professional,36,monthly,0
acc_0765,12202.23,Professional,22,monthly,1
acc_0766,94828.7,Enterprise,74,monthly,1
acc_0767,193955.67,Enterprise,167,monthly,1
acc_0768,28409.75,Professional,48,annual,1
acc_0769,24187.26,Professional,37,monthly,1
acc_0770,15954.12,Professional,27,monthly,0
acc_0771,1945.51,Starter,9,monthly,0
acc_0772,1827.16,Starter,7,annual,1
acc_0773,433.36,Starter,2,monthly,1
acc_0774,26637.4,Professional,43,annual,1
acc_0775,17362.41,Professional,30,annual,0
acc_0776,2147.21,Starter,9,monthly,0
acc_0777,6056.74,Professional,10,monthly,0
acc_0778,18848.49,Professional,32,monthly,1
acc_0779,27215.74,Professional,43,annual,0
acc_0780,29325.81,Professional,45,annual,0
acc_0781,1761.18,Starter,8,annual,0
acc_0782,1526.47,Starter,6,monthly,0
acc_0783,174408.33,Enterprise,157,monthly,0
acc_0784,1319.12,Starter,6,monthly,1
acc_0785,11784.6,Professional,18,monthly,1
acc_0786,10178.17,Professional,17,monthly,0
acc_0787,165260.47,Enterprise,148,monthly,1
acc_0788,23727.4,Professional,39,monthly,0
acc_0789,25721.48,Professional,45,monthly,1
acc_0790,476.57,Starter,2,monthly,0
acc_0791,87324.2,Enterprise,71,annual,0
acc_0792,28994.06,Professional,45,monthly,0
acc_0793,648.44,Starter,3,annual,0
acc_0794,15273.82,Professional,27,monthly,1
acc_0795,1323.73,Starter,6,monthly,1
acc_0796,661.98,Starter,3,monthly,0
acc_0797,7188.43,Professional,11,monthly,1
acc_0798,13046.6,Professional,20,monthly,0
acc_0799,28346.26,Professional,45,annual,0
acc_0800,24686.7,Professional,40,monthly,0
acc_0801,25670.26,Professional,40,monthly,0
acc_0802,18051.3,Professional,33,monthly,1
acc_0803,1552.15,Starter,7,monthly,1
acc_0804,1156.11,Starter,5,monthly,0
acc_0805,1023.84,Starter,4,monthly,1
acc_0806,1909.34,Starter,8,monthly,1
acc_0807,126090.08,Enterprise,105,monthly,0
acc_0808,224734.69,Enterprise,198,monthly,0
acc_0809,494.25,Starter,2,monthly,1
acc_0810,19396.23,Professional,30,monthly,0
acc_0811,120544.67,Enterprise,104,monthly,0
acc_0812,737.16,Starter,3,annual,1
acc_0813,23773.19,Professional,41,monthly,0
acc_0814,1016.2,Starter,4,monthly,1
acc_0815,23282.81,Professional,39,monthly,0
acc_0816,103371.06,Enterprise,89,annual,0
acc_0817,234981.53,Enterprise,199,annual,1
acc_0818,9366.1,Professional,17,monthly,0
acc_0819,27045.23,Professional,42,monthly,1
acc_0820,31438.48,Professional,48,monthly,0
acc_0821,1433.5,Starter,6,monthly,0
acc_0822,1133.12,Starter,5,monthly,0
acc_0823,210717.97,Enterprise,170,monthly,0
acc_0824,1188.57,Starter,5,monthly,1
acc_0825,1596.77,Starter,7,monthly,0
acc_0826,5446.12,Professional,10,annual,0
acc_0827,68557.04,Enterprise,53,monthly,1
acc_0828,26695.54,Professional,42,monthly,1
acc_0829,14068.58,Professional,22,monthly,0
acc_0830,18376.2,Professional,31,annual,1
acc_0831,8825.47,Professional,14,monthly,0
acc_0832,12804.69,Professional,21,monthly,1
acc_0833,87745.96,Enterprise,75,annual,0
acc_0834,24362.9,Professional,38,monthly,0
acc_0835,7918.21,Professional,12,monthly,0
acc_0836,208628.27,Enterprise,161,monthly,0
acc_0837,28491.44,Professional,45,annual,1
acc_0838,2015.04,Starter,8,annual,0
acc_0839,1483.27,Starter,6,annual,1
acc_0840,208148.65,Enterprise,162,annual,1
acc_0841,11983.39,Professional,20,monthly,0
acc_0842,19663.26,Professional,35,annual,0
acc_0843,758.6,Starter,3,monthly,1
acc_0844,7153.75,Professional,11,annual,0
acc_0845,22076.57,Professional,38,monthly,0
acc_0846,24090.4,Professional,38,annual,0
acc_0847,916.55,Starter,4,monthly,0
acc_0848,261.24,Starter,1,monthly,0
acc_0849,89570.21,Enterprise,72,monthly,1
acc_0850,130179.01,Enterprise,107,monthly,1
acc_0851,28511.3,Professional,45,monthly,1
acc_0852,17852.46,Professional,28,annual,0
acc_0853,12294.6,Professional,19,monthly,1
acc_0854,73887.32,Enterprise,57,annual,0
acc_0855,10926.46,Professional,20,annual,1
acc_0856,183067.14,Enterprise,165,monthly,0
acc_0857,1278.25,Starter,5,monthly,0
acc_0858,10456.42,Professional,16,monthly,1
acc_0859,12692.25,Professional,22,monthly,0
acc_0860,1731.3,Starter,8,monthly,1
acc_0861,6365.97,Professional,11,monthly,1
acc_0862,22851.8,Professional,39,monthly,1
acc_0863,19571.04,Professional,31,monthly,0
acc_0864,5457.1,Professional,10,monthly,0
acc_0865,678.62,Starter,3,monthly,0
acc_0866,23301.94,Professional,36,annual,0
acc_0867,893.73,Starter,4,monthly,1
acc_0868,126221.94,Enterprise,100,monthly,0
acc_0869,933.37,Starter,4,monthly,0
acc_0870,9912.31,Professional,16,annual,1
acc_0871,5488.62,Professional,10,monthly,0
acc_0872,1378.53,Starter,6,monthly,1
acc_0873,20093.14,Professional,34,monthly,1
acc_0874,64286.55,Enterprise,50,annual,1
acc_0875,2187.43,Starter,9,annual,1
acc_0876,654.51,Starter,3,monthly,0
acc_0877,8270.91,Professional,13,annual,0
acc_0878,874.47,Starter,4,monthly,0
acc_0879,220417.91,Enterprise,169,monthly,1
acc_0880,1356.97,Starter,6,monthly,0
acc_0881,23343.49,Professional,39,monthly,0
acc_0882,1316.82,Starter,6,annual,1
acc_0883,1700.74,Starter,7,annual,0
acc_0884,239.87,Starter,1,monthly,0
acc_0885,10016.91,Professional,17,monthly,0
acc_0886,16328.06,Professional,30,monthly,1
acc_0887,2323.7,Starter,9,monthly,0
acc_0888,100537.99,Enterprise,79,annual,0
acc_0889,8007.53,Professional,13,annual,0
acc_0890,486.93,Starter,2,monthly,0
acc_0891,997.43,Starter,4,monthly,0
acc_0892,668.73,Starter,3,annual,1
acc_0893,782.3,Starter,3,monthly,0
acc_0894,7464.09,Professional,13,annual,1
acc_0895,81678.81,Enterprise,66,monthly,0
acc_0896,185068.83,Enterprise,151,monthly,1
acc_0897,210806.64,Enterprise,171,monthly,1
acc_0898,1290.95,Starter,5,monthly,0
acc_0899,1611.43,Starter,7,monthly,0
acc_0900,170065.92,Enterprise,135,monthly,0
acc_0901,10400.72,Professional,17,annual,0
acc_0902,1537.56,Starter,7,monthly,0
acc_0903,1651.16,Starter,7,monthly,0
acc_0904,22419.4,Professional,35,annual,1
acc_0905,21957.98,Professional,38,annual,0
acc_0906,141097.71,Enterprise,118,monthly,1
acc_0907,718.36,Starter,3,annual,1
acc_0908,2210.98,Starter,9,annual,0
acc_0909,16152.05,Professional,25,monthly,1
acc_0910,1345.98,Starter,6,monthly,0
acc_0911,16815.51,Professional,28,monthly,0
acc_0912,5909.12,Professional,10,monthly,1
acc_0913,1841.63,Starter,8,monthly,1
acc_0914,29916.24,Professional,46,monthly,0
acc_0915,216.39,Starter,1,annual,0
acc_0916,23850.06,Professional,43,monthly,0
acc_0917,23864.05,Professional,38,monthly,1
acc_0918,914.58,Starter,4,annual,1
acc_0919,22564.13,Professional,36,monthly,0
acc_0920,1791.64,Starter,7,monthly,0
acc_0921,2053.99,Starter,9,monthly,0
acc_0922,675.64,Starter,3,monthly,0
acc_0923,1337.85,Starter,6,annual,0
acc_0924,21996.41,Professional,39,monthly,0
acc_0925,1830.6,Starter,8,annual,0
acc_0926,9663.75,Professional,15,monthly,0
acc_0927,174542.55,Enterprise,138,annual,0
acc_0928,648.27,Starter,3,monthly,0
acc_0929,1547.75,Starter,6,monthly,0
acc_0930,1978.05,Starter,9,annual,1
acc_0931,2227.07,Starter,9,monthly,0
acc_0932,1339.62,Starter,6,monthly,0
acc_0933,24636.29,Professional,45,monthly,0
acc_0934,1262.34,Starter,5,monthly,1
acc_0935,28611.09,Professional,48,annual,1
acc_0936,244.76,Starter,1,annual,1
acc_0937,709.25,Starter,3,monthly,1
acc_0938,657.67,Starter,3,annual,0
acc_0939,1006.01,Starter,4,monthly,0
acc_0940,1276.88,Starter,5,monthly,0
acc_0941,5994.68,Professional,11,monthly,0
acc_0942,13456.98,Professional,23,monthly,0
acc_0943,1942.01,Starter,8,monthly,1
acc_0944,10414.57,Professional,17,monthly,0
acc_0945,2193.76,Starter,9,annual,0
acc_0946,1744.83,Starter,7,monthly,1
acc_0947,157444.31,Enterprise,120,monthly,0
acc_0948,125590.26,Enterprise,107,monthly,0
acc_0949,241504.34,Enterprise,199,monthly,0
acc_0950,1497.33,Starter,6,monthly,1
acc_0951,131995.63,Enterprise,108,monthly,1
acc_0952,7036.92,Professional,12,monthly,0
acc_0953,27055.14,Professional,44,monthly,0
acc_0954,106298.3,Enterprise,86,annual,0
acc_0955,181838.47,Enterprise,149,annual,0
acc_0956,20326.08,Professional,36,monthly,0
acc_0957,194632.56,Enterprise,162,monthly,0
acc_0958,775.35,Starter,3,monthly,1
acc_0959,27701.99,Professional,43,annual,0
acc_0960,2268.34,Starter,9,monthly,0
acc_0961,86065.56,Enterprise,69,monthly,0
acc_0962,20660.56,Professional,37,monthly,1
acc_0963,78557.92,Enterprise,66,annual,0
acc_0964,22132.57,Professional,40,monthly,0
acc_0965,16589.93,Professional,26,monthly,0
acc_0966,229.97,Starter,1,monthly,1
acc_0967,17696.67,Professional,28,monthly,0
acc_0968,12754.99,Professional,20,annual,1
acc_0969,2329.56,Starter,9,annual,1
acc_0970,756.55,Starter,3,annual,1
acc_0971,10939.81,Professional,18,monthly,0
acc_0972,2202.42,Starter,9,monthly,0
acc_0973,231.39,Starter,1,monthly,1
acc_0974,1795.97,Starter,8,monthly,1
acc_0975,1333.62,Starter,6,annual,1
acc_0976,59555.34,Enterprise,53,monthly,0
acc_0977,129110.7,Enterprise,99,monthly,1
acc_0978,21829.55,Professional,39,annual,1
acc_0979,2256.65,Starter,9,annual,0
acc_0980,8432.33,Professional,15,monthly,1
acc_0981,15111.8,Professional,23,monthly,1
acc_0982,23359.61,Professional,40,monthly,1
acc_0983,11789.13,Professional,20,annual,1
acc_0984,941.67,Starter,4,monthly,0
acc_0985,8931.65,Professional,14,annual,1
acc_0986,22647.79,Professional,40,monthly,1
acc_0987,167607.42,Enterprise,131,monthly,1
acc_0988,6807.32,Professional,11,monthly,1
acc_0989,1132.87,Starter,5,monthly,0
acc_0990,26296.75,Professional,48,annual,1
acc_0991,16457.98,Professional,26,monthly,0
acc_0992,1359.06,Starter,6,monthly,0
acc_0993,30394.34,Professional,47,monthly,1
acc_0994,2000.07,Starter,9,annual,1
acc_0995,1473.51,Starter,6,monthly,1
acc_0996,2243.02,Starter,9,annual,0
acc_0997,495.14,Starter,2,monthly,0
acc_0998,924.68,Starter,4,monthly,1
acc_0999,29027.83,Professional,45,monthly,1
acc_1000,758.85,Starter,3,monthly,0
acc_1001,7214.7,Professional,12,monthly,0
acc_1002,23271.02,Professional,38,annual,1
acc_1003,972.74,Starter,4,monthly,0
acc_1004,129413.56,Enterprise,99,monthly,1
acc_1005,27197.92,Professional,42,monthly,0
acc_1006,73873.76,Enterprise,65,monthly,1
acc_1007,13145.22,Professional,23,annual,0
acc_1008,30915.31,Professional,47,annual,0
acc_1009,137549.72,Enterprise,121,monthly,1
acc_1010,261.77,Starter,1,monthly,1
acc_1011,23482.88,Professional,38,monthly,0
acc_1012,17472.42,Professional,32,monthly,0
acc_1013,127663.2,Enterprise,110,monthly,0
acc_1014,477.71,Starter,2,annual,1
acc_1015,16639.25,Professional,26,monthly,0
acc_1016,927.09,Starter,4,monthly,0
acc_1017,107372.11,Enterprise,93,monthly,0
acc_1018,13008.63,Professional,20,monthly,1
acc_1019,214298.81,Enterprise,195,monthly,0
acc_1020,120024.14,Enterprise,99,monthly,0
acc_1021,22218.82,Professional,37,annual,1
acc_1022,8750.08,Professional,16,monthly,0
acc_1023,26976.02,Professional,49,monthly,0
acc_1024,9959.21,Professional,17,annual,0
acc_1025,21131.78,Professional,38,annual,1
acc_1026,955.79,Starter,4,monthly,0
acc_1027,1226.13,Starter,5,monthly,0
acc_1028,160725.64,Enterprise,129,annual,0
acc_1029,2180.08,Starter,9,monthly,0
acc_1030,19909.01,Professional,34,monthly,0
acc_1031,222.23,Starter,1,monthly,0
acc_1032,9115.17,Professional,16,annual,0
acc_1033,1889.06,Starter,8,monthly,1
acc_1034,20177.71,Professional,31,monthly,1
acc_1035,677.17,Starter,3,monthly,0
acc_1036,10612.82,Professional,18,annual,1
acc_1037,12557.54,Professional,20,monthly,1
acc_1038,26858.85,Professional,43,annual,1
acc_1039,23611.36,Professional,36,monthly,0
acc_1040,88939.49,Enterprise,79,monthly,1
acc_1041,16801.45,Professional,31,annual,1
acc_1042,2083.24,Starter,9,monthly,0
acc_1043,1785.48,Starter,8,annual,0
acc_1044,1938.61,Starter,8,annual,1
acc_1045,2332.27,Starter,9,annual,1
acc_1046,7471.05,Professional,12,annual,1
acc_1047,109033.99,Enterprise,98,annual,1
acc_1048,27142.61,Professional,49,monthly,1
acc_1049,11039.36,Professional,17,monthly,1
acc_1050,957.62,Starter,4,monthly,0
acc_1051,1301.68,Starter,5,monthly,0
acc_1052,184733.76,Enterprise,147,annual,1
acc_1053,1845.77,Starter,7,monthly,1
acc_1054,255240.74,Enterprise,198,monthly,0
acc_1055,471.76,Starter,2,annual,1
acc_1056,251132.96,Enterprise,199,annual,1
acc_1057,8948.21,Professional,15,annual,0
acc_1058,19310.93,Professional,34,annual,0
acc_1059,84200.68,Enterprise,74,monthly,0
acc_1060,1645.5,Starter,7,annual,0
acc_1061,664.05,Starter,3,monthly,1
acc_1062,1347.2,Starter,6,annual,0
acc_1063,1440.18,Starter,6,monthly,0
acc_1064,7199.18,Professional,11,annual,0
acc_1065,127957.7,Enterprise,105,monthly,0
acc_1066,1413.65,Starter,6,monthly,0
acc_1067,60327.15,Enterprise,53,annual,0
acc_1068,68748.0,Enterprise,61,annual,1
acc_1069,15475.22,Professional,25,annual,1
acc_1070,249018.03,Enterprise,194,monthly,1
acc_1071,17635.88,Professional,30,monthly,1
acc_1072,14545.9,Professional,24,monthly,0
acc_1073,26866.71,Professional,43,monthly,1
acc_1074,15862.87,Professional,29,monthly,1
acc_1075,465.69,Starter,2,annual,0
acc_1076,2259.25,Starter,9,monthly,1
acc_1077,24886.17,Professional,40,annual,1
acc_1078,1748.49,Starter,8,monthly,0
acc_1079,96651.5,Enterprise,85,monthly,0
acc_1080,14918.28,Professional,24,monthly,1
acc_1081,1603.2,Starter,7,annual,1
acc_1082,2295.83,Starter,9,annual,1
acc_1083,20111.0,Professional,37,monthly,1
acc_1084,900.55,Starter,4,monthly,0
acc_1085,459.01,Starter,2,monthly,1
acc_1086,84634.52,Enterprise,65,annual,1
acc_1087,1016.89,Starter,4,annual,0
acc_1088,9691.46,Professional,15,monthly,0
acc_1089,711.43,Starter,3,monthly,0
acc_1090,217160.53,Enterprise,170,monthly,1
acc_1091,7709.03,Professional,12,monthly,0
acc_1092,27635.76,Professional,47,monthly,1
acc_1093,21098.73,Professional,32,monthly,1
acc_1094,7705.78,Professional,12,monthly,1
acc_1095,525.51,Starter,2,monthly,0
acc_1096,10947.65,Professional,17,monthly,0
acc_1097,506.52,Starter,2,monthly,0
acc_1098,7185.87,Professional,11,monthly,1
acc_1099,9446.05,Professional,16,monthly,1
acc_1100,235848.0,Enterprise,186,monthly,0
acc_1101,1809.75,Starter,8,monthly,1
acc_1102,1255.87,Starter,5,annual,0
acc_1103,161097.57,Enterprise,127,annual,0
acc_1104,130204.45,Enterprise,104,monthly,0
acc_1105,156642.53,Enterprise,122,monthly,0
acc_1106,15329.61,Professional,26,annual,1
acc_1107,1452.89,Starter,6,annual,1
acc_1108,122329.3,Enterprise,113,monthly,0
acc_1109,1784.08,Starter,8,monthly,0
acc_1110,1728.45,Starter,7,annual,0
acc_1111,1700.94,Starter,7,monthly,1
acc_1112,9018.88,Professional,16,annual,0
acc_1113,1593.8,Starter,7,monthly,1
acc_1114,24414.17,Professional,42,annual,0
acc_1115,1752.72,Starter,7,monthly,0
acc_1116,1962.13,Starter,8,monthly,1
acc_1117,24675.68,Professional,45,annual,0
acc_1118,252.48,Starter,1,monthly,1
acc_1119,158882.32,Enterprise,139,monthly,0
acc_1120,232108.57,Enterprise,187,annual,0
acc_1121,665.76,Starter,3,monthly,0
acc_1122,182091.15,Enterprise,138,monthly,1
acc_1123,7145.32,Professional,13,monthly,1
acc_1124,15725.2,Professional,25,monthly,0
acc_1125,18148.79,Professional,30,annual,0
acc_1126,58333.15,Enterprise,53,annual,1
acc_1127,217.29,Starter,1,monthly,1
acc_1128,1867.26,Starter,8,monthly,1
acc_1129,17179.21,Professional,27,monthly,0
acc_1130,435.95,Starter,2,annual,1
acc_1131,1748.68,Starter,7,annual,0
acc_1132,22889.87,Professional,37,annual,1
acc_1133,90354.59,Enterprise,79,annual,1
acc_1134,1318.32,Starter,6,monthly,0
acc_1135,259.94,Starter,1,monthly,0
acc_1136,14401.05,Professional,25,monthly,0
acc_1137,1328.08,Starter,6,monthly,0
acc_1138,233790.05,Enterprise,188,monthly,1
acc_1139,113200.35,Enterprise,100,annual,0
acc_1140,234053.67,Enterprise,196,monthly,0
acc_1141,16927.51,Professional,31,monthly,1
acc_1142,2372.97,Starter,9,monthly,0
acc_1143,712.46,Starter,3,annual,0
acc_1144,9898.4,Professional,15,monthly,1
acc_1145,222786.77,Enterprise,190,monthly,1
acc_1146,1628.88,Starter,7,monthly,0
acc_1147,1039.6,Starter,4,annual,1
acc_1148,208632.92,Enterprise,180,monthly,1
acc_1149,236.74,Starter,1,annual,1
acc_1150,1538.25,Starter,7,monthly,0
acc_1151,210799.07,Enterprise,161,annual,1
acc_1152,220.09,Starter,1,annual,0
acc_1153,1012.07,Starter,4,monthly,1
acc_1154,23580.72,Professional,39,monthly,0
acc_1155,20252.64,Professional,37,monthly,1
acc_1156,1944.74,Starter,9,annual,0
acc_1157,16958.93,Professional,26,monthly,0
acc_1158,28307.74,Professional,45,monthly,1
acc_1159,13069.82,Professional,21,monthly,0
acc_1160,1185.25,Starter,5,annual,0
acc_1161,1592.17,Starter,7,monthly,1
acc_1162,30457.59,Professional,49,monthly,1
acc_1163,12872.92,Professional,21,monthly,0
acc_1164,28222.25,Professional,45,monthly,0
acc_1165,28610.86,Professional,49,monthly,0
acc_1166,25020.37,Professional,38,annual,1
acc_1167,1534.51,Starter,7,monthly,1
acc_1168,139589.31,Enterprise,127,monthly,0
acc_1169,98803.82,Enterprise,76,monthly,1
acc_1170,6794.97,Professional,11,annual,0
acc_1171,694.99,Starter,3,monthly,0
acc_1172,23994.5,Professional,38,annual,1
acc_1173,23178.98,Professional,39,monthly,1
acc_1174,1736.11,Starter,8,monthly,1
acc_1175,27815.96,Professional,45,annual,0
acc_1176,19351.9,Professional,34,monthly,1
acc_1177,151752.22,Enterprise,137,annual,1
acc_1178,226.81,Starter,1,annual,0
acc_1179,955.42,Starter,4,monthly,0
acc_1180,16379.48,Professional,30,monthly,1
acc_1181,241595.88,Enterprise,187,monthly,1
acc_1182,18822.9,Professional,31,annual,1
acc_1183,10928.03,Professional,19,monthly,1
acc_1184,995.9,Starter,4,monthly,0
acc_1185,25460.34,Professional,40,monthly,1
acc_1186,204966.1,Enterprise,167,annual,1
acc_1187,10157.39,Professional,18,monthly,0
acc_1188,61962.28,Enterprise,56,monthly,1
acc_1189,30873.02,Professional,48,monthly,0
acc_1190,186357.3,Enterprise,164,annual,1
acc_1191,433.93,Starter,2,monthly,1
acc_1192,1481.16,Starter,6,monthly,1
acc_1193,223.34,Starter,1,monthly,1
acc_1194,28333.4,Professional,43,monthly,0
acc_1195,773.24,Starter,3,monthly,0
acc_1196,29424.65,Professional,48,monthly,0
acc_1197,180498.01,Enterprise,141,monthly,1
acc_1198,19086.86,Professional,32,monthly,1
acc_1199,2284.63,Starter,9,monthly,0
acc_1200,171688.36,Enterprise,139,monthly,0
acc_1201,11412.18,Professional,21,annual,1
acc_1202,10461.61,Professional,16,monthly,0
acc_1203,168547.31,Enterprise,131,monthly,1
acc_1204,81146.7,Enterprise,62,monthly,0
acc_1205,25738.32,Professional,41,monthly,1
acc_1206,142646.25,Enterprise,121,annual,1
acc_1207,15815.47,Professional,28,monthly,0
acc_1208,17409.59,Professional,31,monthly,0
acc_1209,13934.75,Professional,25,annual,0
acc_1210,9630.04,Professional,17,annual,0
acc_1211,23636.98,Professional,39,annual,1
acc_1212,9330.74,Professional,15,monthly,1
acc_1213,1386.45,Starter,6,monthly,1
acc_1214,6664.35,Professional,11,annual,0
acc_1215,24980.86,Professional,43,annual,1
acc_1216,174602.74,Enterprise,140,monthly,0
acc_1217,526.89,Starter,2,annual,0
acc_1218,237864.54,Enterprise,191,monthly,1
acc_1219,168501.77,Enterprise,154,monthly,0
acc_1220,22696.19,Professional,38,monthly,0
acc_1221,30989.88,Professional,49,monthly,0
acc_1222,17547.0,Professional,29,monthly,1
acc_1223,121667.73,Enterprise,93,monthly,1
acc_1224,6558.87,Professional,12,monthly,1
acc_1225,2069.78,Starter,9,monthly,1
acc_1226,24925.39,Professional,44,monthly,1
acc_1227,10745.95,Professional,17,annual,1
acc_1228,482.28,Starter,2,monthly,1
acc_1229,11688.63,Professional,21,annual,1
acc_1230,1607.96,Starter,7,monthly,1
acc_1231,24711.48,Professional,41,annual,0
acc_1232,25062.35,Professional,38,monthly,0
acc_1233,155268.21,Enterprise,133,annual,1
acc_1234,16764.57,Professional,30,monthly,0
acc_1235,7195.78,Professional,12,monthly,1
acc_1236,88892.24,Enterprise,77,monthly,0
acc_1237,28572.05,Professional,47,annual,1
acc_1238,85824.75,Enterprise,72,annual,1
acc_1239,249.1,Starter,1,monthly,1
acc_1240,79265.22,Enterprise,61,monthly,1
acc_1241,1128.12,Starter,5,annual,1
acc_1242,127708.32,Enterprise,100,annual,0
acc_1243,1830.95,Starter,7,monthly,0
acc_1244,701.8,Starter,3,annual,1
acc_1245,885.82,Starter,4,monthly,1
acc_1246,1277.26,Starter,5,annual,1
acc_1247,22468.73,Professional,36,annual,0
acc_1248,6786.31,Professional,12,monthly,1
acc_1249,186336.02,Enterprise,157,monthly,0
acc_1250,731.23,Starter,3,monthly,1
acc_1251,1344.92,Starter,6,monthly,0
acc_1252,6257.9,Professional,10,annual,0
acc_1253,747.34,Starter,3,annual,1
acc_1254,257289.17,Enterprise,199,monthly,1
acc_1255,17634.11,Professional,29,annual,1
acc_1256,9742.68,Professional,16,monthly,0
acc_1257,1965.84,Starter,8,annual,0
acc_1258,1603.99,Starter,7,annual,1
acc_1259,6310.33,Professional,10,annual,1
acc_1260,11770.5,Professional,19,monthly,1
acc_1261,142234.84,Enterprise,111,monthly,1
acc_1262,13276.84,Professional,21,monthly,0
acc_1263,92494.3,Enterprise,75,monthly,0
acc_1264,119691.71,Enterprise,107,monthly,0
acc_1265,260.12,Starter,1,annual,1
acc_1266,224281.14,Enterprise,192,monthly,0
acc_1267,524.57,Starter,2,monthly,1
acc_1268,7646.92,Professional,13,monthly,0
acc_1269,8920.2,Professional,16,monthly,0
acc_1270,12277.43,Professional,19,monthly,0
acc_1271,1016.65,Starter,4,monthly,1
acc_1272,19665.02,Professional,31,monthly,1
acc_1273,128870.65,Enterprise,117,monthly,0
acc_1274,71006.49,Enterprise,55,monthly,0
acc_1275,20793.31,Professional,34,monthly,1
acc_1276,1192.89,Starter,5,annual,1
acc_1277,207865.79,Enterprise,160,annual,0
acc_1278,221933.14,Enterprise,179,monthly,0
acc_1279,889.54,Starter,4,monthly,1
acc_1280,963.75,Starter,4,annual,0
acc_1281,89993.52,Enterprise,73,monthly,1
acc_1282,108834.78,Enterprise,84,monthly,0
acc_1283,2064.91,Starter,9,monthly,0
acc_1284,121979.15,Enterprise,96,annual,1
acc_1285,24167.15,Professional,38,annual,0
acc_1286,88858.55,Enterprise,80,monthly,1
acc_1287,26019.26,Professional,48,monthly,0
acc_1288,14634.46,Professional,24,monthly,1
acc_1289,1015.58,Starter,4,annual,0
acc_1290,167402.75,Enterprise,138,annual,0
acc_1291,17852.85,Professional,28,monthly,1
acc_1292,153669.09,Enterprise,125,annual,1
acc_1293,989.43,Starter,4,monthly,0
acc_1294,26082.17,Professional,48,monthly,1
acc_1295,14867.06,Professional,27,monthly,1
acc_1296,1003.21,Starter,4,monthly,1
acc_1297,505.23,Starter,2,monthly,0
acc_1298,1936.2,Starter,8,annual,1
acc_1299,7329.84,Professional,12,monthly,0
acc_1300,9205.86,Professional,15,monthly,1
acc_1301,884.16,Starter,4,monthly,1
acc_1302,1240.3,Starter,5,monthly,0
acc_1303,18519.91,Professional,31,monthly,0
acc_1304,1959.37,Starter,8,monthly,0
acc_1305,24303.08,Professional,40,monthly,0
acc_1306,18946.8,Professional,30,monthly,1
acc_1307,9829.88,Professional,17,monthly,0
acc_1308,5848.23,Professional,10,monthly,0
acc_1309,939.19,Starter,4,monthly,0
acc_1310,1262.99,Starter,5,monthly,0
acc_1311,197638.99,Enterprise,167,monthly,0
acc_1312,200927.13,Enterprise,179,annual,0
acc_1313,7895.58,Professional,12,annual,0
acc_1314,1198.41,Starter,5,annual,0
acc_1315,21018.17,Professional,38,monthly,0
acc_1316,189852.5,Enterprise,153,monthly,1
acc_1317,9430.49,Professional,15,annual,0
acc_1318,129605.78,Enterprise,108,monthly,1
acc_1319,1482.18,Starter,6,monthly,1
acc_1320,23550.28,Professional,42,annual,0
acc_1321,15772.07,Professional,27,monthly,0
acc_1322,5594.19,Professional,10,monthly,1
acc_1323,18180.52,Professional,31,annual,0
acc_1324,24301.44,Professional,40,annual,0
acc_1325,172000.37,Enterprise,145,annual,1
acc_1326,136905.61,Enterprise,112,monthly,0
acc_1327,1680.59,Starter,7,annual,0
acc_1328,18500.41,Professional,32,annual,0
acc_1329,216197.45,Enterprise,194,annual,0
acc_1330,684.38,Starter,3,annual,0
acc_1331,9589.46,Professional,17,monthly,0
acc_1332,749.87,Starter,3,monthly,0
acc_1333,2298.23,Starter,9,annual,0
acc_1334,129048.01,Enterprise,103,monthly,1
acc_1335,23455.43,Professional,38,monthly,1
acc_1336,16154.38,Professional,28,annual,0
acc_1337,250.13,Starter,1,monthly,0
acc_1338,1960.35,Starter,8,monthly,0
acc_1339,189878.27,Enterprise,174,monthly,1
acc_1340,16222.84,Professional,25,monthly,1
acc_1341,659.51,Starter,3,monthly,1
acc_1342,237728.68,Enterprise,198,annual,0
acc_1343,16843.91,Professional,28,monthly,0
acc_1344,29460.28,Professional,46,monthly,0
acc_1345,20136.61,Professional,31,annual,1
acc_1346,1305.52,Starter,5,monthly,0
acc_1347,17034.1,Professional,28,monthly,0
acc_1348,8079.31,Professional,13,annual,1
acc_1349,660.75,Starter,3,monthly,0
acc_1350,8379.7,Professional,14,annual,0
acc_1351,259.1,Starter,1,annual,0
acc_1352,8325.57,Professional,14,annual,0
acc_1353,1096.7,Starter,5,monthly,0
acc_1354,80098.93,Enterprise,71,monthly,0
acc_1355,205856.21,Enterprise,174,monthly,0
acc_1356,1819.21,Starter,8,annual,1
acc_1357,171425.93,Enterprise,146,annual,1
acc_1358,19718.48,Professional,34,annual,1
acc_1359,19082.96,Professional,33,monthly,1
acc_1360,181810.12,Enterprise,165,monthly,0
acc_1361,1291.85,Starter,5,monthly,1
acc_1362,997.0,Starter,4,monthly,0
acc_1363,2213.3,Starter,9,annual,1
acc_1364,6127.76,Professional,10,monthly,0
acc_1365,235.03,Starter,1,monthly,0
acc_1366,23635.52,Professional,37,annual,1
acc_1367,1303.21,Starter,5,monthly,0
acc_1368,16220.22,Professional,30,annual,1
acc_1369,219.8,Starter,1,monthly,0
acc_1370,1490.39,Starter,6,annual,0
acc_1371,2045.98,Starter,9,monthly,0
acc_1372,18183.33,Professional,28,monthly,1
acc_1373,96733.97,Enterprise,78,monthly,1
acc_1374,467.36,Starter,2,annual,0
acc_1375,18874.68,Professional,32,monthly,1
acc_1376,246670.74,Enterprise,198,monthly,0
acc_1377,56805.4,Enterprise,51,annual,0
acc_1378,14858.22,Professional,23,monthly,0
acc_1379,864.92,Starter,4,annual,0
acc_1380,2103.92,Starter,8,monthly,0
acc_1381,672.14,Starter,3,monthly,1
acc_1382,9435.8,Professional,15,monthly,0
acc_1383,22336.43,Professional,41,monthly,1
acc_1384,24262.63,Professional,41,monthly,0
acc_1385,1723.79,Starter,7,monthly,1
acc_1386,1535.6,Starter,7,monthly,0
acc_1387,107961.53,Enterprise,91,monthly,1
acc_1388,116428.03,Enterprise,101,monthly,1
acc_1389,10196.42,Professional,17,monthly,0
acc_1390,480.44,Starter,2,monthly,1
acc_1391,110355.64,Enterprise,87,annual,0
acc_1392,887.71,Starter,4,monthly,1
acc_1393,25296.61,Professional,46,monthly,1
acc_1394,235.29,Starter,1,monthly,1
acc_1395,20041.57,Professional,31,annual,0
acc_1396,10924.75,Professional,17,monthly,0
acc_1397,218591.69,Enterprise,180,monthly,0
acc_1398,30392.68,Professional,47,annual,1
acc_1399,160433.59,Enterprise,126,monthly,1
acc_1400,10893.7,Professional,19,monthly,1
acc_1401,6724.95,Professional,12,annual,1
acc_1402,1843.64,Starter,8,monthly,1
acc_1403,2042.11,Starter,9,monthly,1
acc_1404,13523.98,Professional,22,monthly,1
acc_1405,234312.15,Enterprise,192,monthly,0
acc_1406,244.72,Starter,1,monthly,0
acc_1407,1575.61,Starter,7,monthly,0
acc_1408,254.01,Starter,1,monthly,0
acc_1409,182346.82,Enterprise,154,monthly,0
acc_1410,238.68,Starter,1,annual,1
acc_1411,2374.69,Starter,9,annual,0
acc_1412,1377.29,Starter,6,monthly,1
acc_1413,234.92,Starter,1,monthly,1
acc_1414,29816.43,Professional,48,monthly,0
acc_1415,76186.65,Enterprise,59,monthly,1
acc_1416,1554.6,Starter,7,annual,0
acc_1417,753.85,Starter,3,annual,1
acc_1418,219765.46,Enterprise,169,monthly,0
acc_1419,207944.34,Enterprise,176,monthly,1
acc_1420,919.05,Starter,4,annual,0
acc_1421,994.13,Starter,4,annual,0
acc_1422,185666.4,Enterprise,163,monthly,0
acc_1423,22858.48,Professional,39,monthly,0
acc_1424,152840.59,Enterprise,118,monthly,1
acc_1425,1954.69,Starter,8,annual,1
acc_1426,7168.16,Professional,13,monthly,1
acc_1427,8693.46,Professional,15,annual,1
acc_1428,194425.9,Enterprise,158,monthly,0
acc_1429,111187.03,Enterprise,93,annual,1
acc_1430,247.7,Starter,1,monthly,0
acc_1431,15784.32,Professional,25,monthly,0
acc_1432,1912.56,Starter,8,monthly,0
acc_1433,90863.92,Enterprise,69,monthly,0
acc_1434,20142.59,Professional,31,monthly,0
acc_1435,170722.93,Enterprise,156,monthly,1
acc_1436,2059.1,Starter,9,monthly,1
acc_1437,1612.98,Starter,7,monthly,0
acc_1438,224.85,Starter,1,monthly,0
acc_1439,1616.84,Starter,7,monthly,1
acc_1440,1418.35,Starter,6,monthly,0
acc_1441,183518.54,Enterprise,168,monthly,0
acc_1442,19989.94,Professional,36,monthly,1
acc_1443,16546.49,Professional,30,monthly,0
acc_1444,172396.34,Enterprise,158,monthly,0
acc_1445,68146.88,Enterprise,57,monthly,0
acc_1446,22042.14,Professional,38,monthly,1
acc_1447,1304.51,Starter,5,monthly,0
acc_1448,1104.66,Starter,5,monthly,0
acc_1449,6511.24,Professional,10,monthly,1
acc_1450,21465.03,Professional,39,annual,1
acc_1451,20272.1,Professional,33,monthly,0
acc_1452,12534.01,Professional,22,monthly,1
acc_1453,117615.87,Enterprise,92,monthly,0
acc_1454,204718.99,Enterprise,187,annual,1
acc_1455,117774.18,Enterprise,90,monthly,0
acc_1456,197532.85,Enterprise,181,annual,1
acc_1457,227.57,Starter,1,annual,1
acc_1458,1429.69,Starter,6,annual,0
acc_1459,24598.35,Professional,39,annual,0
acc_1460,22894.67,Professional,35,monthly,1
acc_1461,25428.7,Professional,43,monthly,0
acc_1462,1009.4,Starter,4,annual,1
acc_1463,227067.94,Enterprise,181,annual,0
acc_1464,243.42,Starter,1,monthly,0
acc_1465,90944.9,Enterprise,73,monthly,0
acc_1466,15792.47,Professional,29,annual,0
acc_1467,1897.57,Starter,8,monthly,1
acc_1468,2029.77,Starter,8,monthly,1
acc_1469,955.05,Starter,4,monthly,0
acc_1470,1805.5,Starter,7,monthly,0
acc_1471,9600.55,Professional,15,monthly,1
acc_1472,772.34,Starter,3,annual,1
acc_1473,77783.94,Enterprise,70,monthly,0
acc_1474,1821.75,Starter,8,annual,0
acc_1475,1521.94,Starter,7,annual,1
acc_1476,246068.1,Enterprise,187,annual,0
acc_1477,10230.06,Professional,18,annual,1
acc_1478,26866.36,Professional,46,monthly,0
acc_1479,1145.98,Starter,5,monthly,1
acc_1480,1089.55,Starter,5,annual,0
acc_1481,2056.86,Starter,9,monthly,0
acc_1482,25382.04,Professional,46,monthly,0
acc_1483,1409.55,Starter,6,monthly,1
acc_1484,16400.47,Professional,25,monthly,1
acc_1485,118520.38,Enterprise,95,annual,1
acc_1486,1499.59,Starter,6,monthly,1
acc_1487,202089.58,Enterprise,170,annual,1
acc_1488,509.89,Starter,2,monthly,0
acc_1489,120712.9,Enterprise,93,monthly,0
acc_1490,195305.03,Enterprise,149,monthly,1
acc_1491,1103.76,Starter,5,annual,1
acc_1492,105871.39,Enterprise,82,monthly,0
acc_1493,7371.13,Professional,13,annual,1
acc_1494,940.28,Starter,4,annual,1
acc_1495,23839.75,Professional,41,monthly,0
acc_1496,177610.46,Enterprise,143,annual,0
acc_1497,103997.66,Enterprise,85,monthly,0
acc_1498,663.71,Starter,3,monthly,0
acc_1499,18384.22,Professional,29,monthly,1
acc_1500,2133.93,Starter,9,monthly,0
acc_1501,20530.13,Professional,38,monthly,0
acc_1502,23589.62,Professional,40,monthly,0
acc_1503,1685.49,Starter,7,annual,1
acc_1504,14254.89,Professional,26,monthly,1
acc_1505,69208.89,Enterprise,62,monthly,0
acc_1506,22413.77,Professional,34,monthly,0
acc_1507,81212.47,Enterprise,63,monthly,0
acc_1508,889.6,Starter,4,monthly,1
acc_1509,120708.15,Enterprise,99,monthly,0
acc_1510,2107.83,Starter,9,annual,1
acc_1511,15131.22,Professional,25,monthly,1
acc_1512,17297.46,Professional,29,monthly,0
acc_1513,127712.02,Enterprise,117,monthly,0
acc_1514,2080.26,Starter,9,monthly,1
acc_1515,10546.19,Professional,19,annual,0
acc_1516,19157.64,Professional,32,annual,0
acc_1517,1816.86,Starter,7,annual,1
acc_1518,27697.49,Professional,42,monthly,0
acc_1519,1306.62,Starter,5,monthly,0
acc_1520,2369.82,Starter,9,monthly,0
acc_1521,1517.12,Starter,7,monthly,1
acc_1522,2259.12,Starter,9,monthly,1
acc_1523,57275.39,Enterprise,50,monthly,0
acc_1524,14165.23,Professional,22,monthly,1
acc_1525,21680.03,Professional,34,monthly,0
acc_1526,709.01,Starter,3,monthly,0
acc_1527,2148.45,Starter,9,annual,1
acc_1528,26303.31,Professional,46,monthly,1
acc_1529,229.86,Starter,1,monthly,1
acc_1530,68405.06,Enterprise,52,monthly,0
acc_1531,234091.77,Enterprise,181,monthly,0
acc_1532,70941.06,Enterprise,63,monthly,0
acc_1533,25787.83,Professional,45,monthly,0
acc_1534,18250.25,Professional,33,monthly,1
acc_1535,181791.4,Enterprise,138,monthly,1
acc_1536,9732.98,Professional,15,monthly,1
acc_1537,14550.04,Professional,24,annual,0
acc_1538,26795.33,Professional,43,monthly,1
acc_1539,8186.8,Professional,13,monthly,0
acc_1540,12982.52,Professional,23,monthly,0
acc_1541,8478.08,Professional,13,monthly,1
acc_1542,22318.74,Professional,37,monthly,1
acc_1543,167532.63,Enterprise,152,monthly,1
acc_1544,22330.7,Professional,38,annual,0
acc_1545,16529.33,Professional,27,monthly,0
acc_1546,1164.68,Starter,5,monthly,0
acc_1547,217118.78,Enterprise,174,monthly,0
acc_1548,516.68,Starter,2,monthly,1
acc_1549,18346.18,Professional,29,annual,1
acc_1550,143171.6,Enterprise,116,monthly,1
acc_1551,24659.81,Professional,41,monthly,1
acc_1552,228.21,Starter,1,annual,1
acc_1553,713.51,Starter,3,annual,0
acc_1554,64417.29,Enterprise,56,monthly,1
acc_1555,1825.83,Starter,7,monthly,0
acc_1556,778.65,Starter,3,annual,1
acc_1557,9497.89,Professional,17,annual,1
acc_1558,14051.72,Professional,22,monthly,1
acc_1559,30593.14,Professional,49,monthly,0
acc_1560,11826.46,Professional,18,monthly,0
acc_1561,67898.03,Enterprise,57,monthly,1
acc_1562,116558.93,Enterprise,93,monthly,1
acc_1563,29505.16,Professional,49,monthly,1
acc_1564,1973.98,Starter,9,monthly,0
acc_1565,22915.69,Professional,42,monthly,1
acc_1566,11647.72,Professional,21,monthly,1
acc_1567,26474.97,Professional,46,monthly,0
acc_1568,685.31,Starter,3,annual,0
acc_1569,21331.57,Professional,34,annual,1
acc_1570,230335.15,Enterprise,184,annual,1
acc_1571,22323.29,Professional,34,monthly,1
acc_1572,14431.17,Professional,25,monthly,1
acc_1573,16315.36,Professional,25,annual,1
acc_1574,1472.5,Starter,6,annual,0
acc_1575,28772.98,Professional,48,annual,0
acc_1576,496.11,Starter,2,monthly,0
acc_1577,27470.55,Professional,44,monthly,1
acc_1578,17940.21,Professional,32,annual,1
acc_1579,10713.5,Professional,17,annual,1
acc_1580,2006.47,Starter,8,annual,0
acc_1581,1319.41,Starter,5,monthly,0
acc_1582,7793.2,Professional,12,monthly,1
acc_1583,497.73,Starter,2,monthly,1
acc_1584,1751.35,Starter,7,annual,0
acc_1585,21566.1,Professional,33,annual,1
acc_1586,20337.9,Professional,31,monthly,1
acc_1587,124011.75,Enterprise,97,monthly,0
acc_1588,140323.36,Enterprise,111,monthly,1
acc_1589,664.04,Starter,3,monthly,0
acc_1590,1279.28,Starter,5,monthly,1
acc_1591,13118.82,Professional,23,annual,0
acc_1592,89932.81,Enterprise,74,annual,1
acc_1593,2119.12,Starter,9,monthly,1
acc_1594,18025.66,Professional,31,monthly,1
acc_1595,24820.89,Professional,43,monthly,1
acc_1596,28919.31,Professional,45,monthly,0
acc_1597,252.92,Starter,1,annual,0
acc_1598,201339.83,Enterprise,167,annual,1
acc_1599,24789.51,Professional,40,monthly,1
acc_1600,526.51,Starter,2,monthly,1
acc_1601,1175.41,Starter,5,monthly,0
acc_1602,969.81,Starter,4,monthly,1
acc_1603,18120.69,Professional,30,monthly,0
acc_1604,9132.43,Professional,14,monthly,1
acc_1605,232.87,Starter,1,annual,0
acc_1606,18433.82,Professional,28,monthly,1
acc_1607,17296.91,Professional,30,annual,0
acc_1608,1548.59,Starter,7,monthly,1
acc_1609,6192.61,Professional,11,annual,0
acc_1610,2128.13,Starter,9,annual,1
acc_1611,247.19,Starter,1,monthly,0
acc_1612,7224.23,Professional,12,monthly,0
acc_1613,1872.49,Starter,8,annual,0
acc_1614,23690.32,Professional,39,monthly,1
acc_1615,207572.79,Enterprise,162,monthly,1
acc_1616,2306.42,Starter,9,annual,1
acc_1617,501.72,Starter,2,monthly,0
acc_1618,28134.63,Professional,43,monthly,1
acc_1619,244.33,Starter,1,monthly,0
acc_1620,1298.21,Starter,6,monthly,0
acc_1621,19546.99,Professional,34,monthly,0
acc_1622,225960.82,Enterprise,195,monthly,0
acc_1623,1695.9,Starter,7,annual,0
acc_1624,221816.66,Enterprise,171,monthly,0
acc_1625,28185.25,Professional,44,monthly,0
acc_1626,21578.71,Professional,38,monthly,0
acc_1627,12648.86,Professional,21,annual,0
acc_1628,495.28,Starter,2,monthly,1
acc_1629,1317.0,Starter,5,annual,0
acc_1630,1087.51,Starter,5,monthly,0
acc_1631,1667.86,Starter,7,monthly,0
acc_1632,69808.74,Enterprise,53,monthly,0
acc_1633,21032.47,Professional,32,monthly,0
acc_1634,21448.43,Professional,37,monthly,0
acc_1635,14040.05,Professional,26,annual,1
acc_1636,236838.36,Enterprise,194,annual,0
acc_1637,123654.27,Enterprise,96,monthly,0
acc_1638,14472.89,Professional,25,monthly,1
acc_1639,260.84,Starter,1,annual,1
acc_1640,1855.76,Starter,8,monthly,1
acc_1641,1226.45,Starter,5,monthly,0
acc_1642,751.97,Starter,3,monthly,1
acc_1643,2093.22,Starter,9,monthly,1
acc_1644,194476.43,Enterprise,167,monthly,0
acc_1645,112123.08,Enterprise,94,monthly,0
acc_1646,11524.08,Professional,18,monthly,0
acc_1647,6625.23,Professional,12,annual,1
acc_1648,19089.1,Professional,31,monthly,0
acc_1649,745.54,Starter,3,monthly,0
acc_1650,167516.75,Enterprise,138,monthly,1
acc_1651,1826.44,Starter,7,annual,0
acc_1652,24489.56,Professional,40,monthly,0
acc_1653,1725.22,Starter,7,monthly,1
acc_1654,63645.01,Enterprise,52,monthly,1
acc_1655,14412.77,Professional,23,monthly,0
acc_1656,6674.99,Professional,12,monthly,1
acc_1657,2071.4,Starter,8,monthly,0
acc_1658,25619.66,Professional,47,monthly,1
acc_1659,19740.46,Professional,32,annual,1
acc_1660,1964.34,Starter,8,monthly,0
acc_1661,213560.37,Enterprise,189,annual,0
acc_1662,211415.5,Enterprise,194,monthly,1
acc_1663,16699.81,Professional,30,monthly,1
acc_1664,916.16,Starter,4,annual,0
acc_1665,215714.8,Enterprise,167,annual,0
acc_1666,257.08,Starter,1,monthly,0
acc_1667,876.26,Starter,4,monthly,1
acc_1668,1379.31,Starter,6,annual,0
acc_1669,1552.12,Starter,6,monthly,1
acc_1670,18757.17,Professional,33,monthly,0
acc_1671,1582.84,Starter,6,monthly,1
acc_1672,23403.65,Professional,41,monthly,0
acc_1673,8801.71,Professional,14,monthly,0
acc_1674,24781.98,Professional,42,annual,0
acc_1675,1557.78,Starter,7,monthly,1
acc_1676,81027.83,Enterprise,71,annual,0
acc_1677,17388.4,Professional,28,monthly,1
acc_1678,232.18,Starter,1,monthly,1
acc_1679,26337.3,Professional,43,monthly,1
acc_1680,225.87,Starter,1,annual,1
acc_1681,1662.72,Starter,7,monthly,0
acc_1682,105858.63,Enterprise,88,monthly,1
acc_1683,943.25,Starter,4,annual,1
acc_1684,6765.0,Professional,12,annual,1
acc_1685,1428.93,Starter,6,monthly,1
acc_1686,109674.06,Enterprise,88,annual,0
acc_1687,1573.89,Starter,6,annual,0
acc_1688,2285.07,Starter,9,monthly,1
acc_1689,26850.07,Professional,48,monthly,0
acc_1690,21190.8,Professional,37,monthly,0
acc_1691,10989.18,Professional,20,monthly,0
acc_1692,10569.28,Professional,19,annual,0
acc_1693,456.07,Starter,2,monthly,0
acc_1694,27633.22,Professional,49,annual,1
acc_1695,6222.02,Professional,11,annual,1
acc_1696,27249.24,Professional,48,monthly,1
acc_1697,921.73,Starter,4,annual,0
acc_1698,19982.53,Professional,36,annual,0
acc_1699,178882.14,Enterprise,156,monthly,0
acc_1700,11206.97,Professional,18,annual,0
acc_1701,909.39,Starter,4,annual,1
acc_1702,26909.79,Professional,48,monthly,0
acc_1703,5481.23,Professional,10,annual,1
acc_1704,1679.99,Starter,7,monthly,0
acc_1705,26923.59,Professional,42,monthly,0
acc_1706,25712.85,Professional,47,annual,0
acc_1707,242.03,Starter,1,annual,1
acc_1708,1236.15,Starter,5,annual,0
acc_1709,977.75,Starter,4,monthly,0
acc_1710,516.25,Starter,2,monthly,1
acc_1711,1287.93,Starter,5,monthly,1
acc_1712,1968.76,Starter,9,monthly,1
acc_1713,1866.6,Starter,8,monthly,1
acc_1714,184908.87,Enterprise,149,annual,1
acc_1715,27480.32,Professional,42,monthly,0
acc_1716,7638.75,Professional,12,monthly,0
acc_1717,72954.79,Enterprise,65,monthly,0
acc_1718,2064.62,Starter,9,monthly,1
acc_1719,25896.88,Professional,41,monthly,1
acc_1720,1670.42,Starter,7,monthly,0
acc_1721,202295.88,Enterprise,167,monthly,0
acc_1722,1716.62,Starter,7,monthly,0
acc_1723,441.92,Starter,2,monthly,0
acc_1724,771.26,Starter,3,monthly,1
acc_1725,100397.88,Enterprise,78,monthly,0
acc_1726,1907.8,Starter,8,monthly,1
acc_1727,492.18,Starter,2,annual,1
acc_1728,1733.73,Starter,7,monthly,0
acc_1729,135064.01,Enterprise,120,annual,1
acc_1730,12177.22,Professional,22,annual,1
acc_1731,16274.42,Professional,30,monthly,0
acc_1732,8444.1,Professional,13,monthly,1
acc_1733,15118.63,Professional,26,annual,0
acc_1734,1320.72,Starter,6,monthly,0
acc_1735,953.43,Starter,4,monthly,0
acc_1736,138366.9,Enterprise,126,monthly,0
acc_1737,7152.99,Professional,13,monthly,0
acc_1738,237071.83,Enterprise,198,annual,1
acc_1739,17430.75,Professional,29,annual,1
acc_1740,12801.96,Professional,21,monthly,1
acc_1741,21656.51,Professional,35,monthly,0
acc_1742,27908.64,Professional,45,monthly,1
acc_1743,947.14,Starter,4,annual,0
acc_1744,740.67,Starter,3,monthly,1
acc_1745,14414.22,Professional,25,annual,1
acc_1746,1423.1,Starter,6,monthly,0
acc_1747,704.64,Starter,3,annual,0
acc_1748,209776.54,Enterprise,181,monthly,0
acc_1749,199019.97,Enterprise,175,annual,1
acc_1750,8790.64,Professional,16,monthly,1
acc_1751,25229.79,Professional,42,annual,1
acc_1752,2176.11,Starter,9,monthly,1
acc_1753,6383.72,Professional,11,monthly,0
acc_1754,27598.25,Professional,42,monthly,0
acc_1755,13957.21,Professional,23,monthly,0
acc_1756,191417.65,Enterprise,148,monthly,0
acc_1757,973.46,Starter,4,monthly,1
acc_1758,900.46,Starter,4,monthly,0
acc_1759,19051.69,Professional,29,monthly,0
acc_1760,29727.05,Professional,46,monthly,1
acc_1761,477.24,Starter,2,monthly,0
acc_1762,187825.09,Enterprise,165,monthly,0
acc_1763,72540.21,Enterprise,64,monthly,0
acc_1764,177008.84,Enterprise,139,monthly,0
acc_1765,201772.28,Enterprise,184,monthly,0
acc_1766,240461.23,Enterprise,195,annual,0
acc_1767,170241.27,Enterprise,138,monthly,1
acc_1768,20228.2,Professional,36,monthly,0
acc_1769,499.67,Starter,2,monthly,1
acc_1770,1749.02,Starter,7,annual,0
acc_1771,1164.01,Starter,5,monthly,1
acc_1772,17940.15,Professional,30,annual,0
acc_1773,253412.92,Enterprise,198,monthly,0
acc_1774,6630.56,Professional,11,monthly,0
acc_1775,737.01,Starter,3,monthly,0
acc_1776,1414.88,Starter,6,monthly,1
acc_1777,1339.08,Starter,6,monthly,0
acc_1778,263.91,Starter,1,monthly,0
acc_1779,724.54,Starter,3,annual,1
acc_1780,1160.75,Starter,5,monthly,1
acc_1781,1751.83,Starter,7,monthly,0
acc_1782,15362.47,Professional,25,annual,0
acc_1783,908.72,Starter,4,annual,1
acc_1784,18066.47,Professional,28,monthly,1
acc_1785,7130.61,Professional,13,annual,0
acc_1786,1960.59,Starter,8,monthly,1
acc_1787,11349.59,Professional,19,monthly,0
acc_1788,693.82,Starter,3,monthly,0
acc_1789,1534.0,Starter,6,monthly,0
acc_1790,204188.57,Enterprise,165,monthly,0
acc_1791,19565.34,Professional,31,monthly,1
acc_1792,12384.94,Professional,21,monthly,0
acc_1793,241642.49,Enterprise,185,monthly,0
acc_1794,80228.62,Enterprise,69,annual,0
acc_1795,1448.94,Starter,6,monthly,0
acc_1796,170833.96,Enterprise,131,monthly,1
acc_1797,182594.25,Enterprise,166,annual,0
acc_1798,1991.01,Starter,9,annual,0
acc_1799,7252.33,Professional,11,annual,1
acc_1800,1050.51,Starter,4,monthly,1
acc_1801,6958.65,Professional,11,monthly,0
acc_1802,25718.41,Professional,43,monthly,1
acc_1803,1682.04,Starter,7,monthly,0
acc_1804,132440.81,Enterprise,116,monthly,0
acc_1805,131407.95,Enterprise,111,monthly,0
acc_1806,79296.1,Enterprise,67,annual,1
acc_1807,217.73,Starter,1,monthly,0
acc_1808,237.75,Starter,1,monthly,0
acc_1809,167321.09,Enterprise,140,monthly,0
acc_1810,495.92,Starter,2,annual,0
acc_1811,16253.31,Professional,27,monthly,1
acc_1812,204601.82,Enterprise,159,monthly,0
acc_1813,934.57,Starter,4,annual,1
acc_1814,1414.0,Starter,6,annual,0
acc_1815,15214.45,Professional,25,annual,1
acc_1816,902.92,Starter,4,annual,1
acc_1817,16442.15,Professional,28,monthly,0
acc_1818,1493.62,Starter,6,annual,1
acc_1819,471.53,Starter,2,monthly,1
acc_1820,136246.74,Enterprise,105,monthly,0
acc_1821,20870.43,Professional,34,monthly,0
acc_1822,21779.63,Professional,39,monthly,0
acc_1823,2154.58,Starter,9,monthly,0
acc_1824,9476.6,Professional,15,monthly,1
acc_1825,165409.98,Enterprise,134,monthly,0
acc_1826,23264.34,Professional,36,monthly,1
acc_1827,15119.95,Professional,24,monthly,1
acc_1828,656.87,Starter,3,monthly,1
acc_1829,22140.06,Professional,40,monthly,0
acc_1830,245952.0,Enterprise,199,monthly,0
acc_1831,64821.42,Enterprise,57,monthly,1
acc_1832,18926.75,Professional,31,monthly,0
acc_1833,238784.86,Enterprise,188,monthly,0
acc_1834,1705.85,Starter,7,annual,0
acc_1835,12387.03,Professional,21,monthly,0
acc_1836,247.02,Starter,1,monthly,1
acc_1837,10587.45,Professional,19,monthly,1
acc_1838,2005.71,Starter,8,annual,0
acc_1839,194576.62,Enterprise,156,monthly,1
acc_1840,18051.85,Professional,30,monthly,0
acc_1841,917.53,Starter,4,annual,0
acc_1842,25428.31,Professional,40,monthly,1
acc_1843,27056.97,Professional,45,monthly,1
acc_1844,1094.2,Starter,5,monthly,0
acc_1845,1820.65,Starter,7,annual,0
acc_1846,758.55,Starter,3,annual,1
acc_1847,2196.64,Starter,9,monthly,0
acc_1848,11255.96,Professional,19,monthly,0
acc_1849,18345.26,Professional,28,monthly,1
acc_1850,20256.08,Professional,32,monthly,0
acc_1851,11479.78,Professional,19,monthly,1
acc_1852,75442.17,Enterprise,61,monthly,1
acc_1853,20652.84,Professional,36,monthly,0
acc_1854,6198.35,Professional,11,annual,1
acc_1855,2062.07,Starter,9,monthly,0
acc_1856,1840.56,Starter,8,monthly,1
acc_1857,251.51,Starter,1,annual,0
acc_1858,11136.15,Professional,20,monthly,1
acc_1859,506.65,Starter,2,annual,1
acc_1860,482.25,Starter,2,monthly,0
acc_1861,178189.23,Enterprise,152,annual,0
acc_1862,9792.81,Professional,17,annual,0
acc_1863,134754.83,Enterprise,112,monthly,1
acc_1864,87871.54,Enterprise,76,monthly,0
acc_1865,709.84,Starter,3,monthly,1
acc_1866,105618.55,Enterprise,84,monthly,0
acc_1867,492.1,Starter,2,monthly,1
acc_1868,225453.32,Enterprise,179,monthly,1
acc_1869,17515.59,Professional,28,annual,0
acc_1870,15945.22,Professional,25,annual,1
acc_1871,7334.64,Professional,13,annual,0
acc_1872,15166.54,Professional,23,monthly,1
acc_1873,18509.87,Professional,31,monthly,1
acc_1874,231689.54,Enterprise,185,annual,0
acc_1875,85743.54,Enterprise,69,monthly,1
acc_1876,15806.39,Professional,26,monthly,0
acc_1877,23082.43,Professional,35,monthly,1
acc_1878,226.43,Starter,1,monthly,0
acc_1879,67329.25,Enterprise,57,monthly,0
acc_1880,24434.42,Professional,44,monthly,1
acc_1881,131465.94,Enterprise,117,monthly,0
acc_1882,28150.01,Professional,45,monthly,0
acc_1883,1081.16,Starter,5,annual,1
acc_1884,1552.27,Starter,6,monthly,0
acc_1885,1724.75,Starter,7,monthly,1
acc_1886,23123.44,Professional,39,monthly,0
acc_1887,1623.34,Starter,7,monthly,0
acc_1888,16654.59,Professional,30,monthly,0
acc_1889,520.47,Starter,2,monthly,0
acc_1890,1751.34,Starter,7,monthly,1
acc_1891,464.29,Starter,2,monthly,0
acc_1892,438.81,Starter,2,monthly,0
acc_1893,1389.8,Starter,6,annual,0
acc_1894,16302.53,Professional,29,monthly,1
acc_1895,1522.45,Starter,6,monthly,0
acc_1896,2004.33,Starter,8,annual,0
acc_1897,227916.12,Enterprise,190,monthly,1
acc_1898,1292.6,Starter,5,monthly,0
acc_1899,151654.05,Enterprise,135,monthly,0
acc_1900,89135.38,Enterprise,75,monthly,0
acc_1901,21884.61,Professional,35,monthly,1
acc_1902,11510.86,Professional,21,monthly,0
acc_1903,1169.44,Starter,5,monthly,0
acc_1904,10346.2,Professional,17,annual,1
acc_1905,25696.72,Professional,44,monthly,1
acc_1906,239.05,Starter,1,monthly,0
acc_1907,980.76,Starter,4,monthly,1
acc_1908,151893.79,Enterprise,130,monthly,1
acc_1909,221.09,Starter,1,monthly,0
acc_1910,21155.87,Professional,38,annual,1
acc_1911,9651.85,Professional,16,monthly,1
acc_1912,1121.94,Starter,5,annual,0
acc_1913,2069.7,Starter,8,monthly,1
acc_1914,256.04,Starter,1,monthly,1
acc_1915,11055.79,Professional,19,monthly,1
acc_1916,767.66,Starter,3,monthly,0
acc_1917,28991.16,Professional,48,monthly,0
acc_1918,16213.5,Professional,29,monthly,0
acc_1919,207432.43,Enterprise,169,monthly,1
acc_1920,248.61,Starter,1,monthly,0
acc_1921,20352.48,Professional,37,annual,0
acc_1922,1386.56,Starter,6,monthly,0
acc_1923,216.26,Starter,1,monthly,1
acc_1924,693.57,Starter,3,monthly,0
acc_1925,13345.83,Professional,23,monthly,1
acc_1926,82493.75,Enterprise,67,annual,0
acc_1927,1127.77,Starter,5,monthly,1
acc_1928,11415.83,Professional,21,annual,1
acc_1929,1155.75,Starter,5,annual,1
acc_1930,10864.26,Professional,17,monthly,1
acc_1931,470.32,Starter,2,monthly,0
acc_1932,9436.98,Professional,16,annual,1
acc_1933,8347.97,Professional,14,annual,0
acc_1934,6302.15,Professional,10,monthly,0
acc_1935,717.12,Starter,3,annual,1
acc_1936,9917.17,Professional,18,annual,1
acc_1937,15248.74,Professional,27,monthly,0
acc_1938,2025.17,Starter,9,annual,1
acc_1939,240.38,Starter,1,monthly,0
acc_1940,128287.6,Enterprise,118,monthly,0
acc_1941,216984.85,Enterprise,189,monthly,0
acc_1942,245.15,Starter,1,monthly,1
acc_1943,11068.6,Professional,19,annual,0
acc_1944,6249.25,Professional,10,monthly,0
acc_1945,210126.87,Enterprise,179,monthly,1
acc_1946,241964.01,Enterprise,184,annual,1
acc_1947,19019.44,Professional,29,monthly,0
acc_1948,508.78,Starter,2,monthly,0
acc_1949,24872.02,Professional,38,monthly,0
acc_1950,6210.31,Professional,11,monthly,0
acc_1951,120981.27,Enterprise,96,annual,1
acc_1952,1851.52,Starter,8,monthly,1
acc_1953,21946.24,Professional,35,monthly,1
acc_1954,11697.34,Professional,20,monthly,0
acc_1955,1379.35,Starter,6,monthly,1
acc_1956,22271.88,Professional,34,monthly,1
acc_1957,904.3,Starter,4,monthly,1
acc_1958,27134.21,Professional,43,monthly,1
acc_1959,6209.61,Professional,10,monthly,0
acc_1960,198287.56,Enterprise,172,monthly,0
acc_1961,122570.24,Enterprise,103,monthly,0
acc_1962,1560.03,Starter,7,monthly,1
acc_1963,1561.31,Starter,6,annual,0
acc_1964,26246.98,Professional,40,monthly,1
acc_1965,29511.09,Professional,47,monthly,0
acc_1966,82167.1,Enterprise,64,annual,0
acc_1967,1979.69,Starter,9,annual,0
acc_1968,134797.53,Enterprise,115,monthly,0
acc_1969,17970.62,Professional,31,monthly,0
acc_1970,1458.71,Starter,6,monthly,0
acc_1971,449.6,Starter,2,annual,1
acc_1972,157977.5,Enterprise,130,monthly,1
acc_1973,6803.76,Professional,11,annual,1
acc_1974,94500.0,Enterprise,85,monthly,0
acc_1975,5558.06,Professional,10,monthly,0
acc_1976,653.1,Starter,3,annual,1
acc_1977,20833.13,Professional,33,annual,0
acc_1978,2087.0,Starter,9,annual,1
acc_1979,25517.27,Professional,45,annual,0
acc_1980,1773.44,Starter,7,annual,1
acc_1981,25073.58,Professional,45,monthly,0
acc_1982,25424.27,Professional,43,monthly,0
acc_1983,1510.5,Starter,6,monthly,0
acc_1984,1217.72,Starter,5,monthly,1
acc_1985,10916.64,Professional,18,monthly,0
acc_1986,73774.22,Enterprise,66,monthly,1
acc_1987,11795.95,Professional,21,monthly,1
acc_1988,17687.3,Professional,29,monthly,1
acc_1989,651.39,Starter,3,annual,1
acc_1990,1030.87,Starter,4,monthly,0
acc_1991,7566.73,Professional,13,monthly,0
acc_1992,14159.85,Professional,24,monthly,0
acc_1993,7423.15,Professional,13,monthly,1
acc_1994,9032.81,Professional,14,monthly,1
acc_1995,11724.91,Professional,19,monthly,0
acc_1996,237.6,Starter,1,monthly,0
acc_1997,1220.47,Starter,5,annual,0
acc_1998,1639.8,Starter,7,annual,0
acc_1999,476.7,Starter,2,monthly,0
acc_2000,59457.42,Enterprise,51,monthly,1
acc_2001,28874.77,Professional,49,monthly,1
acc_2002,26000.87,Professional,45,annual,1
acc_2003,90087.98,Enterprise,82,monthly,0
acc_2004,154632.76,Enterprise,142,monthly,0
acc_2005,24679.28,Professional,44,monthly,0
acc_2006,197288.0,Enterprise,173,monthly,0
acc_2007,2069.94,Starter,8,monthly,0
acc_2008,224486.04,Enterprise,183,monthly,0
acc_2009,1571.99,Starter,6,annual,0
acc_2010,5807.58,Professional,10,monthly,1
acc_2011,705.85,Starter,3,monthly,1
acc_2012,186658.38,Enterprise,149,annual,0
acc_2013,487.48,Starter,2,annual,0
acc_2014,16290.33,Professional,27,monthly,0
acc_2015,24362.71,Professional,40,monthly,1
acc_2016,9151.44,Professional,15,monthly,0
acc_2017,9478.33,Professional,15,monthly,1
acc_2018,17364.76,Professional,28,monthly,0
acc_2019,26849.99,Professional,41,annual,0
acc_2020,2092.02,Starter,8,monthly,0
acc_2021,945.01,Starter,4,monthly,0
acc_2022,1524.0,Starter,7,monthly,0
acc_2023,148324.14,Enterprise,137,monthly,1
acc_2024,21636.55,Professional,39,monthly,0
acc_2025,1537.17,Starter,7,monthly,0
acc_2026,20468.14,Professional,35,monthly,0
acc_2027,6556.14,Professional,12,monthly,0
acc_2028,2213.96,Starter,9,monthly,0
acc_2029,23638.48,Professional,42,monthly,1
acc_2030,1925.36,Starter,8,monthly,1
acc_2031,22094.78,Professional,40,monthly,0
acc_2032,18540.5,Professional,29,monthly,0
acc_2033,2027.5,Starter,8,annual,0
acc_2034,70365.42,Enterprise,60,annual,1
acc_2035,1817.96,Starter,7,annual,0
acc_2036,1124.57,Starter,5,monthly,0
acc_2037,68868.62,Enterprise,54,monthly,0
acc_2038,2179.81,Starter,9,monthly,1
acc_2039,1622.74,Starter,7,annual,1
acc_2040,660.15,Starter,3,annual,0
acc_2041,7287.25,Professional,13,annual,0
acc_2042,1544.5,Starter,6,monthly,0
acc_2043,25125.88,Professional,41,annual,0
acc_2044,682.14,Starter,3,annual,1
acc_2045,1438.81,Starter,6,monthly,1
acc_2046,14929.39,Professional,27,monthly,1
acc_2047,1765.96,Starter,8,monthly,0
acc_2048,12329.7,Professional,19,monthly,0
acc_2049,18443.23,Professional,31,monthly,1
acc_2050,92175.31,Enterprise,79,annual,0
acc_2051,2354.0,Starter,9,annual,0
acc_2052,15284.88,Professional,26,annual,0
acc_2053,464.28,Starter,2,monthly,0
acc_2054,214211.62,Enterprise,187,monthly,0
acc_2055,170186.11,Enterprise,140,monthly,0
acc_2056,169962.6,Enterprise,140,monthly,1
acc_2057,1300.66,Starter,6,monthly,0
acc_2058,742.18,Starter,3,annual,1
acc_2059,8249.76,Professional,13,monthly,0
acc_2060,1718.96,Starter,7,monthly,0
acc_2061,29641.78,Professional,46,monthly,1
acc_2062,917.07,Starter,4,annual,1
acc_2063,9008.6,Professional,16,monthly,0
acc_2064,213296.29,Enterprise,171,monthly,0
acc_2065,1125.25,Starter,5,annual,1
acc_2066,9365.85,Professional,17,monthly,0
acc_2067,1323.83,Starter,6,monthly,0
acc_2068,2023.06,Starter,8,monthly,0
acc_2069,434.76,Starter,2,monthly,1
acc_2070,919.58,Starter,4,monthly,0
acc_2071,888.8,Starter,4,annual,1
acc_2072,6305.89,Professional,10,monthly,0
acc_2073,10207.13,Professional,17,monthly,0
acc_2074,1355.18,Starter,6,monthly,0
acc_2075,210436.47,Enterprise,167,monthly,1
acc_2076,138609.68,Enterprise,110,monthly,0
acc_2077,16877.36,Professional,28,monthly,0
acc_2078,14900.65,Professional,26,monthly,1
acc_2079,976.57,Starter,4,monthly,1
acc_2080,11736.43,Professional,18,monthly,0
acc_2081,164951.3,Enterprise,151,monthly,1
acc_2082,1144.07,Starter,5,monthly,0
acc_2083,14354.91,Professional,25,monthly,1
acc_2084,1231.63,Starter,5,annual,1
acc_2085,28434.43,Professional,46,monthly,0
acc_2086,1807.23,Starter,8,annual,0
acc_2087,20373.55,Professional,36,monthly,0
acc_2088,7165.24,Professional,11,annual,0
acc_2089,1009.21,Starter,4,monthly,0
acc_2090,1565.07,Starter,6,annual,0
acc_2091,95933.93,Enterprise,75,monthly,0
acc_2092,26471.44,Professional,45,annual,0
acc_2093,11647.21,Professional,21,annual,1
acc_2094,27084.03,Professional,44,monthly,1
acc_2095,183987.5,Enterprise,158,annual,0
acc_2096,1654.94,Starter,7,monthly,0
acc_2097,190335.99,Enterprise,161,monthly,0
acc_2098,2087.62,Starter,8,monthly,0
acc_2099,1973.75,Starter,9,monthly,1
acc_2100,22526.9,Professional,40,monthly,0
acc_2101,107879.75,Enterprise,88,annual,0
acc_2102,2067.36,Starter,8,annual,0
acc_2103,18204.29,Professional,28,annual,1
acc_2104,21246.51,Professional,35,monthly,0
acc_2105,870.64,Starter,4,monthly,0
acc_2106,60688.76,Enterprise,52,monthly,0
acc_2107,29261.7,Professional,45,monthly,1
acc_2108,104398.83,Enterprise,87,monthly,1
acc_2109,8153.52,Professional,13,monthly,1
acc_2110,915.69,Starter,4,annual,1
acc_2111,21720.03,Professional,40,monthly,1
acc_2112,13406.87,Professional,22,monthly,1
acc_2113,30729.49,Professional,48,monthly,0
acc_2114,1317.66,Starter,5,monthly,0
acc_2115,8340.74,Professional,13,monthly,0
acc_2116,110379.24,Enterprise,91,monthly,0
acc_2117,30039.32,Professional,49,monthly,1
acc_2118,766.68,Starter,3,annual,0
acc_2119,105221.19,Enterprise,97,monthly,0
acc_2120,14392.34,Professional,22,annual,0
acc_2121,10867.44,Professional,18,monthly,1
acc_2122,523.4,Starter,2,monthly,0
acc_2123,6949.16,Professional,11,annual,0
acc_2124,69226.49,Enterprise,62,monthly,1
acc_2125,447.86,Starter,2,monthly,0
acc_2126,2096.78,Starter,9,monthly,0
acc_2127,1829.37,Starter,8,annual,1
acc_2128,1422.52,Starter,6,monthly,0
acc_2129,26948.61,Professional,44,monthly,1
acc_2130,2132.6,Starter,9,monthly,1
acc_2131,1093.54,Starter,5,monthly,1
acc_2132,181352.92,Enterprise,138,annual,0
acc_2133,12411.31,Professional,21,annual,0
acc_2134,256.85,Starter,1,monthly,0
acc_2135,14270.74,Professional,26,monthly,0
acc_2136,2039.06,Starter,8,annual,1
acc_2137,672.97,Starter,3,monthly,1
acc_2138,8079.87,Professional,13,annual,0
acc_2139,14246.59,Professional,23,monthly,1
acc_2140,177874.44,Enterprise,137,monthly,1
acc_2141,17354.44,Professional,30,annual,0
acc_2142,116145.79,Enterprise,105,monthly,1
acc_2143,144199.53,Enterprise,112,annual,1
acc_2144,9856.42,Professional,17,monthly,1
acc_2145,146519.25,Enterprise,129,monthly,1
acc_2146,25130.49,Professional,42,annual,0
acc_2147,2007.13,Starter,9,monthly,0
acc_2148,230.25,Starter,1,annual,1
acc_2149,703.48,Starter,3,annual,1
acc_2150,105481.8,Enterprise,92,annual,1
acc_2151,21979.15,Professional,37,annual,0
acc_2152,7033.9,Professional,12,monthly,0
acc_2153,253.18,Starter,1,monthly,1
acc_2154,14954.81,Professional,23,annual,1
acc_2155,220.84,Starter,1,monthly,0
acc_2156,158421.48,Enterprise,124,monthly,0
acc_2157,138184.26,Enterprise,106,monthly,1
acc_2158,17427.02,Professional,28,monthly,0
acc_2159,1582.97,Starter,6,annual,0
acc_2160,928.33,Starter,4,monthly,0
acc_2161,1023.42,Starter,4,monthly,0
acc_2162,1241.69,Starter,5,monthly,0
acc_2163,229209.34,Enterprise,198,annual,0
acc_2164,749.47,Starter,3,annual,1
acc_2165,9017.32,Professional,15,monthly,0
acc_2166,25320.46,Professional,45,annual,0
acc_2167,16265.1,Professional,29,monthly,0
acc_2168,500.49,Starter,2,monthly,1
acc_2169,140096.69,Enterprise,112,annual,0
acc_2170,6036.93,Professional,10,monthly,1
acc_2171,11403.23,Professional,19,monthly,0
acc_2172,1797.13,Starter,8,monthly,0
acc_2173,207030.02,Enterprise,175,monthly,0
acc_2174,1804.79,Starter,7,monthly,1
acc_2175,14136.48,Professional,22,monthly,0
acc_2176,13005.52,Professional,21,monthly,1
acc_2177,1055.49,Starter,4,monthly,0
acc_2178,517.75,Starter,2,monthly,1
acc_2179,193984.82,Enterprise,174,monthly,0
acc_2180,2116.43,Starter,9,annual,1
acc_2181,11116.65,Professional,20,monthly,0
acc_2182,26816.88,Professional,45,annual,0
acc_2183,2026.13,Starter,8,monthly,0
acc_2184,893.91,Starter,4,annual,1
acc_2185,1291.3,Starter,5,monthly,0
acc_2186,15815.46,Professional,26,annual,0
acc_2187,23935.19,Professional,38,monthly,0
acc_2188,54541.87,Enterprise,50,monthly,1
acc_2189,6615.13,Professional,12,monthly,1
acc_2190,173289.94,Enterprise,141,monthly,0
acc_2191,1537.4,Starter,6,annual,0
acc_2192,24504.82,Professional,38,annual,0
acc_2193,996.17,Starter,4,monthly,1
acc_2194,451.29,Starter,2,annual,1
acc_2195,10704.65,Professional,19,monthly,0
acc_2196,18081.38,Professional,28,annual,1
acc_2197,1107.18,Starter,5,annual,0
acc_2198,8090.27,Professional,13,monthly,0
acc_2199,28388.98,Professional,47,monthly,0
acc_2200,198431.66,Enterprise,168,monthly,0
acc_2201,237.14,Starter,1,monthly,0
acc_2202,1829.59,Starter,7,annual,1
acc_2203,13510.84,Professional,21,monthly,1
acc_2204,25751.92,Professional,40,annual,1
acc_2205,6476.74,Professional,11,monthly,0
acc_2206,5528.38,Professional,10,monthly,0
acc_2207,106878.0,Enterprise,81,monthly,0
acc_2208,14493.47,Professional,26,annual,1
acc_2209,20463.58,Professional,34,monthly,1
acc_2210,8004.56,Professional,14,annual,0
acc_2211,210451.2,Enterprise,175,monthly,0
acc_2212,2075.73,Starter,9,monthly,0
acc_2213,14895.41,Professional,23,monthly,1
acc_2214,12467.82,Professional,19,annual,0
acc_2215,707.05,Starter,3,monthly,1
acc_2216,16452.68,Professional,30,monthly,1
acc_2217,1487.04,Starter,6,monthly,0
acc_2218,2106.7,Starter,9,monthly,0
acc_2219,98747.44,Enterprise,75,monthly,0
acc_2220,881.16,Starter,4,annual,1
acc_2221,18846.04,Professional,34,monthly,0
acc_2222,1497.43,Starter,6,annual,0
acc_2223,27765.67,Professional,44,monthly,0
acc_2224,715.84,Starter,3,monthly,0
acc_2225,6879.26,Professional,12,monthly,1
acc_2226,126978.99,Enterprise,110,monthly,0
acc_2227,2090.0,Starter,9,annual,0
acc_2228,1587.69,Starter,7,annual,0
acc_2229,17336.08,Professional,27,monthly,0
acc_2230,1533.87,Starter,7,annual,0
acc_2231,942.2,Starter,4,monthly,0
acc_2232,1511.31,Starter,6,annual,0
acc_2233,24320.66,Professional,45,monthly,0
acc_2234,207807.18,Enterprise,161,monthly,1
acc_2235,29988.25,Professional,48,monthly,0
acc_2236,23049.8,Professional,42,monthly,1
acc_2237,2071.68,Starter,8,annual,1
acc_2238,232208.92,Enterprise,194,monthly,1
acc_2239,1483.84,Starter,6,monthly,1
acc_2240,152419.19,Enterprise,118,monthly,1
acc_2241,1549.77,Starter,6,monthly,1
acc_2242,91891.69,Enterprise,78,monthly,0
acc_2243,14781.59,Professional,26,monthly,0
acc_2244,913.42,Starter,4,monthly,0
acc_2245,141548.51,Enterprise,112,monthly,0
acc_2246,2084.9,Starter,8,monthly,1
acc_2247,26884.72,Professional,49,monthly,1
acc_2248,198299.67,Enterprise,183,annual,1
acc_2249,2044.01,Starter,8,annual,0
acc_2250,2111.01,Starter,9,annual,1
acc_2251,8597.61,Professional,15,annual,1
acc_2252,24192.01,Professional,43,annual,0
acc_2253,179125.92,Enterprise,154,monthly,0
acc_2254,22980.17,Professional,35,monthly,1
acc_2255,1577.4,Starter,6,annual,0
acc_2256,190168.37,Enterprise,164,monthly,0
acc_2257,91789.99,Enterprise,70,monthly,1
acc_2258,460.79,Starter,2,monthly,0
acc_2259,1028.06,Starter,4,annual,0
acc_2260,22617.62,Professional,40,annual,1
acc_2261,173856.55,Enterprise,136,monthly,1
acc_2262,931.92,Starter,4,annual,0
acc_2263,94665.79,Enterprise,84,annual,0
acc_2264,131739.06,Enterprise,101,monthly,1
acc_2265,1810.25,Starter,8,annual,0
acc_2266,24383.75,Professional,37,annual,1
acc_2267,1106.06,Starter,5,monthly,1
acc_2268,865.92,Starter,4,monthly,1
acc_2269,29002.29,Professional,45,monthly,0
acc_2270,13428.64,Professional,22,monthly,0
acc_2271,17717.85,Professional,30,annual,1
acc_2272,104468.78,Enterprise,95,monthly,0
acc_2273,1948.76,Starter,8,monthly,1
acc_2274,20553.65,Professional,35,annual,1
acc_2275,126783.34,Enterprise,106,annual,0
acc_2276,738.78,Starter,3,monthly,1
acc_2277,24671.68,Professional,40,annual,0
acc_2278,16381.8,Professional,25,monthly,0
acc_2279,112586.37,Enterprise,91,monthly,1
acc_2280,23229.14,Professional,40,annual,0
acc_2281,12750.23,Professional,22,annual,0
acc_2282,150509.35,Enterprise,126,annual,1
acc_2283,456.9,Starter,2,monthly,0
acc_2284,22821.73,Professional,39,monthly,0
acc_2285,26283.19,Professional,41,annual,1
acc_2286,1029.07,Starter,4,monthly,0
acc_2287,8614.69,Professional,14,monthly,1
acc_2288,243.98,Starter,1,annual,0
acc_2289,173828.08,Enterprise,147,monthly,1
acc_2290,80120.02,Enterprise,65,monthly,1
acc_2291,254.69,Starter,1,monthly,0
acc_2292,1257.08,Starter,5,annual,1
acc_2293,11429.36,Professional,21,annual,0
acc_2294,251.09,Starter,1,monthly,0
acc_2295,30066.9,Professional,48,monthly,0
acc_2296,883.01,Starter,4,monthly,0
acc_2297,1785.69,Starter,8,annual,1
acc_2298,2030.56,Starter,8,monthly,0
acc_2299,485.66,Starter,2,annual,0
acc_2300,29375.39,Professional,46,monthly,1
acc_2301,7308.2,Professional,13,monthly,0
acc_2302,20659.6,Professional,38,annual,0
acc_2303,7832.06,Professional,14,monthly,0
acc_2304,11886.17,Professional,20,annual,0
acc_2305,723.35,Starter,3,monthly,1
acc_2306,771.51,Starter,3,monthly,1
acc_2307,250.38,Starter,1,monthly,0
acc_2308,25695.03,Professional,39,monthly,1
acc_2309,9890.03,Professional,18,monthly,0
acc_2310,20558.18,Professional,37,annual,0
acc_2311,17053.8,Professional,31,monthly,0
acc_2312,725.54,Starter,3,annual,1
acc_2313,208216.48,Enterprise,182,monthly,1
acc_2314,62203.6,Enterprise,50,monthly,1
acc_2315,1778.95,Starter,8,monthly,1
acc_2316,11047.66,Professional,20,annual,0
acc_2317,17856.6,Professional,30,monthly,0
acc_2318,8776.62,Professional,15,monthly,1
acc_2319,254520.92,Enterprise,199,monthly,1
acc_2320,22417.73,Professional,35,monthly,1
acc_2321,13852.29,Professional,25,monthly,0
acc_2322,14662.01,Professional,23,monthly,1
acc_2323,1458.48,Starter,6,monthly,0
acc_2324,1200.85,Starter,5,monthly,0
acc_2325,1984.94,Starter,9,annual,0
acc_2326,1760.52,Starter,7,annual,0
acc_2327,106148.27,Enterprise,97,monthly,0
acc_2328,25226.21,Professional,44,monthly,0
acc_2329,188596.51,Enterprise,171,monthly,0
acc_2330,90553.82,Enterprise,75,annual,1
acc_2331,102492.98,Enterprise,83,monthly,0
acc_2332,1552.57,Starter,6,monthly,1
acc_2333,28262.91,Professional,45,annual,0
acc_2334,1310.67,Starter,5,annual,0
acc_2335,205808.36,Enterprise,163,annual,1
acc_2336,123214.52,Enterprise,107,annual,1
acc_2337,1211.42,Starter,5,annual,1
acc_2338,2141.83,Starter,9,annual,1
acc_2339,18845.4,Professional,31,monthly,0
acc_2340,1460.76,Starter,6,annual,0
acc_2341,229724.78,Enterprise,184,annual,0
acc_2342,81394.86,Enterprise,74,monthly,0
acc_2343,6925.7,Professional,11,monthly,0
acc_2344,12259.48,Professional,22,monthly,1
acc_2345,10862.9,Professional,20,annual,1
acc_2346,963.63,Starter,4,monthly,0
acc_2347,230495.79,Enterprise,189,monthly,0
acc_2348,82715.68,Enterprise,76,monthly,0
acc_2349,962.95,Starter,4,annual,0
acc_2350,966.64,Starter,4,monthly,1
acc_2351,1311.12,Starter,6,monthly,0
acc_2352,168855.36,Enterprise,135,monthly,1
acc_2353,226.09,Starter,1,monthly,1
acc_2354,13342.04,Professional,21,monthly,0
acc_2355,2078.28,Starter,9,monthly,1
acc_2356,199513.93,Enterprise,167,monthly,0
acc_2357,27174.93,Professional,42,monthly,1
acc_2358,509.39,Starter,2,monthly,0
acc_2359,507.06,Starter,2,monthly,0
acc_2360,1118.5,Starter,5,annual,1
acc_2361,16919.09,Professional,31,monthly,1
acc_2362,11028.44,Professional,18,monthly,0
acc_2363,942.85,Starter,4,monthly,0
acc_2364,10385.43,Professional,16,monthly,1
acc_2365,698.34,Starter,3,monthly,1
acc_2366,153209.11,Enterprise,130,monthly,1
acc_2367,1206.24,Starter,5,annual,0
acc_2368,157620.88,Enterprise,124,monthly,0
acc_2369,14877.09,Professional,26,monthly,0
acc_2370,12407.35,Professional,19,annual,1
acc_2371,1693.41,Starter,7,monthly,1
acc_2372,512.73,Starter,2,annual,1
acc_2373,28344.49,Professional,47,monthly,1
acc_2374,30366.68,Professional,48,monthly,1
acc_2375,1310.81,Starter,6,monthly,1
acc_2376,180597.16,Enterprise,142,monthly,1
acc_2377,20497.75,Professional,34,annual,0
acc_2378,950.29,Starter,4,monthly,0
acc_2379,19922.15,Professional,36,monthly,1
acc_2380,104411.93,Enterprise,83,monthly,0
acc_2381,444.59,Starter,2,monthly,1
acc_2382,21960.05,Professional,39,annual,0
acc_2383,21651.66,Professional,39,monthly,1
acc_2384,177378.82,Enterprise,164,annual,1
acc_2385,247.77,Starter,1,annual,1
acc_2386,185490.42,Enterprise,162,monthly,1
acc_2387,1785.4,Starter,8,monthly,0
acc_2388,24871.06,Professional,43,monthly,0
acc_2389,1199.78,Starter,5,monthly,0
acc_2390,480.33,Starter,2,monthly,0
acc_2391,24530.67,Professional,42,annual,1
acc_2392,24575.07,Professional,41,monthly,0
acc_2393,1892.1,Starter,8,monthly,0
acc_2394,766.46,Starter,3,monthly,0
acc_2395,1521.95,Starter,7,monthly,0
acc_2396,515.33,Starter,2,monthly,1
acc_2397,1593.96,Starter,7,monthly,1
acc_2398,1002.58,Starter,4,monthly,0
acc_2399,235.44,Starter,1,monthly,1
acc_2400,12081.72,Professional,21,monthly,0
acc_2401,197657.02,Enterprise,161,annual,0
acc_2402,1264.53,Starter,5,monthly,1
acc_2403,950.39,Starter,4,annual,1
acc_2404,19071.57,Professional,32,monthly,1
acc_2405,1750.6,Starter,8,annual,1
acc_2406,24733.42,Professional,38,monthly,0
acc_2407,139874.82,Enterprise,109,annual,1
acc_2408,5877.59,Professional,10,annual,1
acc_2409,18322.03,Professional,29,annual,0
acc_2410,10974.28,Professional,19,annual,1
acc_2411,251.06,Starter,1,monthly,0
acc_2412,16856.08,Professional,28,monthly,0
acc_2413,89293.8,Enterprise,75,monthly,0
acc_2414,191373.97,Enterprise,175,monthly,0
acc_2415,20987.22,Professional,32,monthly,0
acc_2416,512.39,Starter,2,monthly,0
acc_2417,1270.41,Starter,5,monthly,1
acc_2418,461.27,Starter,2,monthly,0
acc_2419,108053.15,Enterprise,94,monthly,1
acc_2420,243.51,Starter,1,monthly,1
acc_2421,1539.71,Starter,6,monthly,0
acc_2422,105649.18,Enterprise,81,monthly,1
acc_2423,915.63,Starter,4,annual,0
acc_2424,18386.69,Professional,30,annual,1
acc_2425,1253.74,Starter,5,monthly,0
acc_2426,24955.35,Professional,44,monthly,0
acc_2427,706.68,Starter,3,monthly,0
acc_2428,23062.37,Professional,41,monthly,1
acc_2429,11853.5,Professional,19,monthly,1
acc_2430,7080.2,Professional,11,annual,0
acc_2431,29038.69,Professional,45,annual,0
acc_2432,148898.56,Enterprise,120,annual,1
acc_2433,1395.98,Starter,6,monthly,1
acc_2434,89182.78,Enterprise,72,monthly,0
acc_2435,1029.94,Starter,4,monthly,1
acc_2436,1476.25,Starter,6,monthly,0
acc_2437,1179.09,Starter,5,monthly,0
acc_2438,520.3,Starter,2,monthly,1
acc_2439,143410.62,Enterprise,112,annual,1
acc_2440,1033.43,Starter,4,annual,1
acc_2441,518.71,Starter,2,monthly,1
acc_2442,8808.86,Professional,15,annual,0
acc_2443,1286.31,Starter,5,monthly,0
acc_2444,144809.19,Enterprise,119,monthly,1
acc_2445,112183.29,Enterprise,103,monthly,1
acc_2446,739.56,Starter,3,monthly,0
acc_2447,1431.54,Starter,6,monthly,0
acc_2448,1146.04,Starter,5,monthly,0
acc_2449,17067.6,Professional,26,annual,1
acc_2450,437.29,Starter,2,monthly,0
acc_2451,15684.13,Professional,24,annual,0
acc_2452,25160.04,Professional,45,monthly,1
acc_2453,19312.87,Professional,33,monthly,1
acc_2454,1888.22,Starter,8,monthly,1
acc_2455,1506.53,Starter,6,monthly,1
acc_2456,27727.78,Professional,49,monthly,0
acc_2457,25016.62,Professional,38,monthly,0
acc_2458,2267.57,Starter,9,annual,0
acc_2459,14600.27,Professional,23,monthly,0
acc_2460,6080.49,Professional,11,monthly,0
acc_2461,716.59,Starter,3,monthly,1
acc_2462,99327.91,Enterprise,76,annual,0
acc_2463,17744.65,Professional,31,monthly,0
acc_2464,8361.69,Professional,15,monthly,0
acc_2465,169902.24,Enterprise,142,monthly,1
acc_2466,11729.65,Professional,18,monthly,0
acc_2467,12566.71,Professional,21,annual,0
acc_2468,28251.85,Professional,48,monthly,1
acc_2469,8652.46,Professional,14,annual,0
acc_2470,1043.88,Starter,4,monthly,0
acc_2471,1746.84,Starter,8,monthly,0
acc_2472,1563.54,Starter,7,annual,1
acc_2473,27240.6,Professional,49,monthly,1
acc_2474,5502.4,Professional,10,annual,0
acc_2475,10948.8,Professional,19,monthly,0
acc_2476,11350.34,Professional,20,monthly,1
acc_2477,1938.7,Starter,8,monthly,0
acc_2478,2085.39,Starter,9,annual,0
acc_2479,1883.6,Starter,8,annual,0
acc_2480,2089.68,Starter,8,monthly,0
acc_2481,20112.43,Professional,36,monthly,1
acc_2482,18771.68,Professional,32,monthly,1
acc_2483,1370.04,Starter,6,monthly,0
acc_2484,155110.38,Enterprise,128,monthly,1
acc_2485,106821.26,Enterprise,85,monthly,0
acc_2486,510.43,Starter,2,annual,0
acc_2487,17453.23,Professional,29,annual,1
acc_2488,1799.25,Starter,7,annual,1
acc_2489,8878.93,Professional,14,annual,0
acc_2490,894.14,Starter,4,monthly,1
acc_2491,12527.93,Professional,22,annual,1
acc_2492,11791.52,Professional,19,monthly,0
acc_2493,239139.0,Enterprise,182,annual,0
acc_2494,26331.1,Professional,45,monthly,0
acc_2495,681.09,Starter,3,monthly,1
acc_2496,16107.39,Professional,25,annual,1
acc_2497,9023.25,Professional,16,annual,1
acc_2498,25571.25,Professional,41,annual,0
acc_2499,88145.8,Enterprise,81,annual,0
acc_2500,214741.95,Enterprise,198,monthly,1
acc_2501,20202.39,Professional,34,annual,1
acc_2502,990.06,Starter,4,annual,0
acc_2503,891.35,Starter,4,annual,0
acc_2504,83379.9,Enterprise,66,monthly,0
acc_2505,78873.67,Enterprise,71,monthly,1
acc_2506,724.85,Starter,3,monthly,1
acc_2507,20194.86,Professional,35,monthly,1
acc_2508,28362.17,Professional,45,annual,0
acc_2509,23550.28,Professional,37,monthly,1
acc_2510,98627.57,Enterprise,90,monthly,0
acc_2511,2027.21,Starter,9,annual,0
acc_2512,139777.34,Enterprise,108,monthly,0
acc_2513,707.85,Starter,3,monthly,1
acc_2514,12541.37,Professional,21,monthly,1
acc_2515,19605.7,Professional,35,monthly,1
acc_2516,8572.04,Professional,13,monthly,0
acc_2517,20824.5,Professional,32,annual,0
acc_2518,26471.91,Professional,49,monthly,0
acc_2519,20000.91,Professional,33,monthly,1
acc_2520,25786.88,Professional,40,monthly,1
acc_2521,473.33,Starter,2,monthly,0
acc_2522,146919.59,Enterprise,124,monthly,0
acc_2523,234.21,Starter,1,monthly,1
acc_2524,21194.92,Professional,39,annual,1
acc_2525,253.93,Starter,1,monthly,1
acc_2526,7137.77,Professional,12,monthly,1
acc_2527,1207.46,Starter,5,monthly,1
acc_2528,195173.32,Enterprise,171,monthly,0
acc_2529,1268.19,Starter,5,monthly,0
acc_2530,2286.9,Starter,9,monthly,0
acc_2531,15158.76,Professional,25,annual,0
acc_2532,1037.69,Starter,4,monthly,0
acc_2533,65360.92,Enterprise,59,monthly,0
acc_2534,172555.49,Enterprise,136,annual,0
acc_2535,26102.29,Professional,43,monthly,0
acc_2536,1135.44,Starter,5,monthly,1
acc_2537,1334.1,Starter,6,monthly,1
acc_2538,1613.14,Starter,7,annual,1
acc_2539,2313.93,Starter,9,annual,0
acc_2540,1522.83,Starter,6,monthly,1
acc_2541,66680.92,Enterprise,54,monthly,0
acc_2542,25889.44,Professional,47,monthly,0
acc_2543,261.83,Starter,1,monthly,1
acc_2544,1845.29,Starter,8,monthly,0
acc_2545,22675.08,Professional,37,monthly,0
acc_2546,509.1,Starter,2,annual,0
acc_2547,115636.08,Enterprise,104,monthly,0
acc_2548,2225.75,Starter,9,monthly,0
acc_2549,81581.33,Enterprise,75,annual,0
acc_2550,8835.44,Professional,16,annual,1
acc_2551,66438.39,Enterprise,53,monthly,1
acc_2552,1564.11,Starter,7,annual,0
acc_2553,1661.02,Starter,7,monthly,0
acc_2554,9686.6,Professional,17,monthly,1
acc_2555,184250.83,Enterprise,156,monthly,0
acc_2556,8788.26,Professional,16,monthly,0
acc_2557,29007.05,Professional,46,monthly,0
acc_2558,1098.97,Starter,5,monthly,1
acc_2559,2049.76,Starter,8,monthly,0
acc_2560,247.81,Starter,1,monthly,0
acc_2561,9439.84,Professional,16,monthly,0
acc_2562,772.77,Starter,3,monthly,0
acc_2563,2024.41,Starter,9,monthly,0
acc_2564,15437.19,Professional,27,monthly,1
acc_2565,84581.14,Enterprise,76,monthly,0
acc_2566,28117.84,Professional,48,annual,0
acc_2567,19752.24,Professional,30,annual,0
acc_2568,195763.15,Enterprise,175,monthly,0
acc_2569,255.89,Starter,1,monthly,1
acc_2570,1978.32,Starter,8,monthly,0
acc_2571,23301.6,Professional,43,monthly,0
acc_2572,23521.93,Professional,36,monthly,1
acc_2573,11161.03,Professional,17,monthly,0
acc_2574,1562.37,Starter,6,monthly,0
acc_2575,25808.98,Professional,43,monthly,1
acc_2576,15294.02,Professional,27,monthly,0
acc_2577,1173.9,Starter,5,monthly,1
acc_2578,12887.76,Professional,21,annual,1
acc_2579,1405.1,Starter,6,monthly,0
acc_2580,64997.98,Enterprise,52,monthly,0
acc_2581,125822.88,Enterprise,99,monthly,0
acc_2582,196664.25,Enterprise,174,monthly,0
acc_2583,88288.95,Enterprise,75,monthly,1
acc_2584,1309.86,Starter,5,monthly,1
acc_2585,222290.96,Enterprise,195,monthly,0
acc_2586,18028.78,Professional,31,annual,0
acc_2587,26669.68,Professional,49,monthly,1
acc_2588,2087.58,Starter,9,monthly,0
acc_2589,215100.33,Enterprise,184,annual,1
acc_2590,441.58,Starter,2,monthly,0
acc_2591,1296.42,Starter,6,monthly,1
acc_2592,202204.15,Enterprise,166,monthly,0
acc_2593,17861.68,Professional,31,monthly,1
acc_2594,9216.36,Professional,17,monthly,0
acc_2595,23798.15,Professional,37,monthly,1
acc_2596,976.21,Starter,4,monthly,1
acc_2597,22982.15,Professional,41,monthly,0
acc_2598,772.6,Starter,3,monthly,1
acc_2599,107240.9,Enterprise,94,annual,1
acc_2600,11345.87,Professional,20,annual,1
acc_2601,245995.31,Enterprise,190,monthly,1
acc_2602,16846.05,Professional,30,annual,0
acc_2603,22591.74,Professional,35,monthly,0
acc_2604,14636.21,Professional,23,annual,0
acc_2605,1154.35,Starter,5,monthly,1
acc_2606,435.3,Starter,2,annual,0
acc_2607,60489.96,Enterprise,55,annual,1
acc_2608,663.77,Starter,3,monthly,1
acc_2609,15525.5,Professional,24,monthly,1
acc_2610,1647.76,Starter,7,annual,1
acc_2611,217.56,Starter,1,monthly,1
acc_2612,13956.07,Professional,23,monthly,0
acc_2613,115251.65,Enterprise,102,monthly,0
acc_2614,11932.52,Professional,21,monthly,1
acc_2615,447.44,Starter,2,monthly,1
acc_2616,757.73,Starter,3,monthly,0
acc_2617,57247.8,Enterprise,53,monthly,1
acc_2618,26670.51,Professional,45,annual,0
acc_2619,119992.55,Enterprise,109,monthly,1
acc_2620,1697.6,Starter,7,monthly,1
acc_2621,140727.62,Enterprise,121,monthly,1
acc_2622,134763.74,Enterprise,124,annual,1
acc_2623,136922.89,Enterprise,115,monthly,0
acc_2624,973.55,Starter,4,annual,0
acc_2625,6836.62,Professional,12,monthly,0
acc_2626,10109.78,Professional,16,monthly,0
acc_2627,28057.24,Professional,48,monthly,1
acc_2628,6299.22,Professional,10,monthly,1
acc_2629,29255.13,Professional,48,annual,0
acc_2630,91492.07,Enterprise,71,monthly,0
acc_2631,20591.45,Professional,34,monthly,1
acc_2632,22491.01,Professional,40,annual,0
acc_2633,19800.04,Professional,31,monthly,0
acc_2634,12045.32,Professional,19,monthly,0
acc_2635,2101.38,Starter,8,annual,0
acc_2636,1763.94,Starter,8,monthly,1
acc_2637,16495.59,Professional,27,annual,1
acc_2638,239.6,Starter,1,annual,0
acc_2639,13651.1,Professional,22,monthly,0
acc_2640,248580.96,Enterprise,189,monthly,1
acc_2641,10265.84,Professional,17,monthly,0
acc_2642,124457.73,Enterprise,100,monthly,1
acc_2643,10469.98,Professional,18,annual,0
acc_2644,1151.75,Starter,5,monthly,1
acc_2645,232.09,Starter,1,monthly,0
acc_2646,211317.58,Enterprise,194,monthly,1
acc_2647,163063.96,Enterprise,142,monthly,0
acc_2648,13458.09,Professional,24,monthly,0
acc_2649,1665.7,Starter,7,annual,0
acc_2650,952.48,Starter,4,monthly,0
acc_2651,10741.07,Professional,17,annual,1
acc_2652,25211.55,Professional,42,monthly,1
acc_2653,26205.07,Professional,44,monthly,0
acc_2654,111287.85,Enterprise,98,monthly,1
acc_2655,17984.33,Professional,28,annual,1
acc_2656,1762.94,Starter,8,monthly,0
acc_2657,2105.2,Starter,8,annual,0
acc_2658,77626.77,Enterprise,65,annual,1
acc_2659,21930.42,Professional,39,annual,0
acc_2660,2097.07,Starter,9,monthly,0
acc_2661,1300.43,Starter,6,monthly,1
acc_2662,10079.69,Professional,18,monthly,0
acc_2663,1624.67,Starter,7,monthly,1
acc_2664,16982.84,Professional,28,annual,0
acc_2665,19443.82,Professional,35,annual,0
acc_2666,1739.12,Starter,7,annual,0
acc_2667,6413.13,Professional,10,monthly,0
acc_2668,1217.36,Starter,5,monthly,1
acc_2669,1611.76,Starter,7,monthly,0
acc_2670,1996.44,Starter,9,monthly,1
acc_2671,6502.37,Professional,12,annual,1
acc_2672,26996.1,Professional,43,annual,0
acc_2673,984.67,Starter,4,monthly,0
acc_2674,111070.65,Enterprise,93,monthly,1
acc_2675,441.79,Starter,2,monthly,1
acc_2676,19204.66,Professional,34,monthly,0
acc_2677,24875.01,Professional,39,monthly,1
acc_2678,5975.82,Professional,10,monthly,0
acc_2679,2097.73,Starter,8,monthly,0
acc_2680,1847.99,Starter,7,annual,0
acc_2681,17174.29,Professional,27,monthly,0
acc_2682,1370.36,Starter,6,annual,1
acc_2683,177132.94,Enterprise,156,monthly,1
acc_2684,1597.22,Starter,7,annual,0
acc_2685,27653.4,Professional,42,annual,1
acc_2686,10444.34,Professional,18,monthly,1
acc_2687,9996.38,Professional,16,monthly,0
acc_2688,25548.2,Professional,39,monthly,1
acc_2689,14043.73,Professional,22,monthly,0
acc_2690,734.05,Starter,3,monthly,0
acc_2691,14567.17,Professional,26,monthly,0
acc_2692,1346.38,Starter,6,annual,0
acc_2693,13180.0,Professional,22,monthly,1
acc_2694,260384.87,Enterprise,199,monthly,1
acc_2695,1815.91,Starter,7,monthly,0
acc_2696,12318.75,Professional,22,annual,1
acc_2697,1608.67,Starter,7,monthly,0
acc_2698,174648.0,Enterprise,143,monthly,0
acc_2699,28072.71,Professional,47,annual,0
acc_2700,1108.65,Starter,5,monthly,0
acc_2701,701.18,Starter,3,monthly,1
acc_2702,30110.02,Professional,46,monthly,1
acc_2703,523.34,Starter,2,monthly,1
acc_2704,1699.97,Starter,7,monthly,1
acc_2705,11708.4,Professional,19,annual,1
acc_2706,13032.46,Professional,23,monthly,1
acc_2707,1006.45,Starter,4,monthly,0
acc_2708,437.04,Starter,2,monthly,1
acc_2709,64578.93,Enterprise,57,monthly,0
acc_2710,1730.26,Starter,8,monthly,0
acc_2711,8207.98,Professional,14,annual,0
acc_2712,28891.41,Professional,45,annual,1
acc_2713,526.32,Starter,2,monthly,1
acc_2714,27285.75,Professional,44,monthly,1
acc_2715,20140.29,Professional,32,monthly,1
acc_2716,8001.42,Professional,14,annual,1
acc_2717,22290.28,Professional,37,monthly,1
acc_2718,199827.81,Enterprise,159,monthly,0
acc_2719,19189.54,Professional,32,annual,0
acc_2720,1321.5,Starter,6,monthly,1
acc_2721,1006.25,Starter,4,monthly,0
acc_2722,2038.85,Starter,9,monthly,1
acc_2723,73930.98,Enterprise,67,monthly,0
acc_2724,154120.67,Enterprise,129,annual,1
acc_2725,1097.91,Starter,5,monthly,0
acc_2726,26467.93,Professional,43,monthly,0
acc_2727,986.97,Starter,4,monthly,1
acc_2728,190648.62,Enterprise,167,annual,1
acc_2729,2098.38,Starter,8,annual,1
acc_2730,25557.37,Professional,40,monthly,0
acc_2731,663.78,Starter,3,monthly,0
acc_2732,2267.36,Starter,9,monthly,0
acc_2733,1863.58,Starter,8,monthly,0
acc_2734,10080.55,Professional,16,monthly,0
acc_2735,10177.53,Professional,16,monthly,1
acc_2736,1786.13,Starter,8,annual,0
acc_2737,1238.84,Starter,5,monthly,1
acc_2738,8365.86,Professional,13,monthly,0
acc_2739,140070.77,Enterprise,121,annual,1
acc_2740,22535.22,Professional,41,monthly,0
acc_2741,20101.07,Professional,37,monthly,0
acc_2742,221.28,Starter,1,monthly,0
acc_2743,7026.56,Professional,13,monthly,1
acc_2744,27803.21,Professional,48,annual,1
acc_2745,2073.31,Starter,9,monthly,1
acc_2746,9405.1,Professional,17,monthly,1
acc_2747,494.51,Starter,2,annual,0
acc_2748,263.61,Starter,1,monthly,0
acc_2749,1555.47,Starter,6,monthly,1
acc_2750,228.14,Starter,1,monthly,0
acc_2751,1770.71,Starter,7,annual,0
acc_2752,15005.74,Professional,23,monthly,1
acc_2753,25301.78,Professional,39,monthly,0
acc_2754,184797.74,Enterprise,143,monthly,1
acc_2755,1776.25,Starter,7,annual,1
acc_2756,230.06,Starter,1,annual,1
acc_2757,95704.8,Enterprise,87,monthly,1
acc_2758,7182.46,Professional,12,annual,0
acc_2759,6012.32,Professional,11,annual,0
acc_2760,12536.52,Professional,19,monthly,0
acc_2761,8744.96,Professional,15,monthly,1
acc_2762,1310.0,Starter,5,monthly,1
acc_2763,164521.37,Enterprise,130,monthly,1
acc_2764,707.23,Starter,3,annual,0
acc_2765,443.36,Starter,2,monthly,0
acc_2766,9095.41,Professional,16,monthly,1
acc_2767,15519.13,Professional,25,monthly,1
acc_2768,199552.77,Enterprise,156,annual,1
acc_2769,1315.07,Starter,5,monthly,1
acc_2770,8337.89,Professional,15,monthly,1
acc_2771,13967.84,Professional,25,annual,0
acc_2772,1090.19,Starter,5,annual,1
acc_2773,20564.77,Professional,36,annual,1
acc_2774,13409.09,Professional,21,monthly,0
acc_2775,17477.52,Professional,31,monthly,1
acc_2776,216856.27,Enterprise,179,annual,0
acc_2777,14245.65,Professional,24,monthly,0
acc_2778,105396.05,Enterprise,91,monthly,0
acc_2779,19040.25,Professional,31,monthly,0
acc_2780,26412.28,Professional,44,annual,1
acc_2781,193777.31,Enterprise,167,monthly,0
acc_2782,498.13,Starter,2,monthly,0
acc_2783,80303.47,Enterprise,70,monthly,1
acc_2784,1481.24,Starter,6,monthly,0
acc_2785,234443.28,Enterprise,179,annual,1
acc_2786,15059.38,Professional,24,monthly,0
acc_2787,63742.46,Enterprise,54,monthly,0
acc_2788,83121.34,Enterprise,66,monthly,1
acc_2789,20387.49,Professional,32,monthly,0
acc_2790,27217.74,Professional,47,annual,1
acc_2791,6870.77,Professional,11,annual,0
acc_2792,1657.96,Starter,7,monthly,0
acc_2793,255.29,Starter,1,monthly,0
acc_2794,6329.9,Professional,11,monthly,1
acc_2795,18270.87,Professional,28,monthly,0
acc_2796,730.77,Starter,3,monthly,0
acc_2797,931.83,Starter,4,monthly,1
acc_2798,472.26,Starter,2,annual,0
acc_2799,1163.47,Starter,5,annual,0
acc_2800,892.08,Starter,4,monthly,0
acc_2801,438.58,Starter,2,annual,1
acc_2802,231.45,Starter,1,annual,0
acc_2803,8330.6,Professional,14,monthly,1
acc_2804,1866.94,Starter,8,annual,0
acc_2805,79083.87,Enterprise,73,annual,1
acc_2806,7923.25,Professional,13,monthly,0
acc_2807,445.9,Starter,2,annual,0
acc_2808,904.51,Starter,4,monthly,0
acc_2809,20516.12,Professional,37,monthly,1
acc_2810,1204.9,Starter,5,monthly,1
acc_2811,204025.07,Enterprise,185,annual,1
acc_2812,15410.6,Professional,27,monthly,1
acc_2813,29116.05,Professional,49,monthly,0
acc_2814,222929.78,Enterprise,199,monthly,1
acc_2815,23741.96,Professional,40,monthly,0
acc_2816,125523.69,Enterprise,108,monthly,1
acc_2817,96490.75,Enterprise,75,monthly,0
acc_2818,139785.44,Enterprise,110,monthly,0
acc_2819,243882.74,Enterprise,185,annual,1
acc_2820,482.78,Starter,2,monthly,1
acc_2821,2192.57,Starter,9,annual,1
acc_2822,522.88,Starter,2,monthly,1
acc_2823,71730.03,Enterprise,61,monthly,1
acc_2824,1456.04,Starter,6,annual,0
acc_2825,1639.37,Starter,7,monthly,0
acc_2826,18770.6,Professional,31,annual,0
acc_2827,1319.26,Starter,6,monthly,0
acc_2828,12681.11,Professional,20,monthly,0
acc_2829,82937.43,Enterprise,63,monthly,0
acc_2830,13697.22,Professional,25,monthly,1
acc_2831,8269.62,Professional,13,monthly,1
acc_2832,17070.25,Professional,30,monthly,0
acc_2833,19165.99,Professional,34,monthly,1
acc_2834,997.13,Starter,4,monthly,0
acc_2835,15813.58,Professional,29,monthly,0
acc_2836,238.24,Starter,1,monthly,1
acc_2837,9182.95,Professional,17,monthly,0
acc_2838,10917.49,Professional,18,monthly,1
acc_2839,476.36,Starter,2,annual,1
acc_2840,17546.16,Professional,27,monthly,1
acc_2841,25057.31,Professional,40,monthly,0
acc_2842,1332.29,Starter,6,monthly,1
acc_2843,1864.14,Starter,8,monthly,1
acc_2844,28678.74,Professional,44,monthly,0
acc_2845,24454.56,Professional,39,monthly,1
acc_2846,16505.45,Professional,27,monthly,1
acc_2847,16998.48,Professional,28,monthly,0
acc_2848,19396.47,Professional,33,monthly,0
acc_2849,96415.42,Enterprise,79,monthly,0
acc_2850,759.12,Starter,3,monthly,0
acc_2851,164370.14,Enterprise,148,monthly,0
acc_2852,20347.77,Professional,31,monthly,0
acc_2853,13080.65,Professional,23,monthly,0
acc_2854,16624.42,Professional,28,monthly,1
acc_2855,1519.63,Starter,7,monthly,0
acc_2856,23029.58,Professional,38,monthly,0
acc_2857,2108.97,Starter,9,annual,0
acc_2858,911.95,Starter,4,monthly,0
acc_2859,20406.15,Professional,31,monthly,0
acc_2860,1655.86,Starter,7,monthly,0
acc_2861,1651.2,Starter,7,monthly,1
acc_2862,132217.07,Enterprise,111,monthly,1
acc_2863,88630.15,Enterprise,80,monthly,1
acc_2864,22899.69,Professional,39,monthly,1
acc_2865,88216.01,Enterprise,76,monthly,1
acc_2866,59581.49,Enterprise,50,monthly,1
acc_2867,15427.07,Professional,24,monthly,0
acc_2868,101364.16,Enterprise,90,annual,1
acc_2869,2206.54,Starter,9,annual,1
acc_2870,16335.49,Professional,30,annual,0
acc_2871,693.62,Starter,3,monthly,0
acc_2872,20885.16,Professional,35,annual,0
acc_2873,209684.96,Enterprise,191,annual,0
acc_2874,27237.43,Professional,45,annual,0
acc_2875,12122.02,Professional,21,monthly,1
acc_2876,162147.75,Enterprise,123,annual,1
acc_2877,112060.37,Enterprise,91,monthly,1
acc_2878,227.72,Starter,1,monthly,0
acc_2879,98313.1,Enterprise,89,monthly,0
acc_2880,1743.64,Starter,8,annual,1
acc_2881,8814.28,Professional,16,monthly,0
acc_2882,994.57,Starter,4,monthly,0
acc_2883,514.08,Starter,2,annual,1
acc_2884,1117.62,Starter,5,monthly,1
acc_2885,11765.12,Professional,20,annual,1
acc_2886,27960.4,Professional,48,annual,1
acc_2887,987.75,Starter,4,monthly,0
acc_2888,70802.09,Enterprise,63,monthly,0
acc_2889,195010.7,Enterprise,149,monthly,0
acc_2890,18195.38,Professional,29,annual,1
acc_2891,28802.78,Professional,44,annual,0
acc_2892,7452.7,Professional,13,monthly,0
acc_2893,244.21,Starter,1,monthly,0
acc_2894,1758.04,Starter,7,monthly,1
acc_2895,175088.13,Enterprise,140,annual,0
acc_2896,868.1,Starter,4,monthly,1
acc_2897,248082.81,Enterprise,188,monthly,0
acc_2898,2084.38,Starter,8,annual,1
acc_2899,1995.73,Starter,9,monthly,0
acc_2900,1936.73,Starter,8,monthly,0
acc_2901,6355.21,Professional,11,annual,1
acc_2902,18718.55,Professional,29,monthly,1
acc_2903,249.48,Starter,1,monthly,1
acc_2904,16437.84,Professional,29,monthly,0
acc_2905,168659.63,Enterprise,155,monthly,1
acc_2906,12075.19,Professional,21,monthly,1
acc_2907,1742.64,Starter,8,annual,0
acc_2908,1113.91,Starter,5,monthly,0
acc_2909,16024.75,Professional,26,monthly,0
acc_2910,16994.08,Professional,27,monthly,1
acc_2911,116847.76,Enterprise,98,monthly,1
acc_2912,29989.69,Professional,49,monthly,0
acc_2913,223.48,Starter,1,monthly,1
acc_2914,19074.51,Professional,33,monthly,0
acc_2915,10634.28,Professional,17,monthly,1
acc_2916,2101.63,Starter,9,monthly,0
acc_2917,180375.78,Enterprise,155,annual,0
acc_2918,25910.84,Professional,46,monthly,0
acc_2919,23843.78,Professional,39,monthly,1
acc_2920,2293.72,Starter,9,monthly,0
acc_2921,1669.73,Starter,7,monthly,1
acc_2922,16062.08,Professional,29,monthly,0
acc_2923,20499.33,Professional,32,monthly,1
acc_2924,1535.99,Starter,7,monthly,0
acc_2925,238.64,Starter,1,monthly,0
acc_2926,26281.15,Professional,46,monthly,0
acc_2927,243981.96,Enterprise,187,monthly,0
acc_2928,2262.62,Starter,9,monthly,0
acc_2929,11551.41,Professional,19,annual,0
acc_2930,248.05,Starter,1,monthly,0
acc_2931,25364.95,Professional,42,monthly,0
acc_2932,18404.5,Professional,33,monthly,1
acc_2933,1750.26,Starter,7,monthly,0
acc_2934,26960.44,Professional,45,annual,1
acc_2935,2218.02,Starter,9,annual,1
acc_2936,1963.53,Starter,9,monthly,0
acc_2937,13926.1,Professional,25,monthly,1
acc_2938,22596.8,Professional,37,annual,1
acc_2939,12497.76,Professional,21,annual,0
acc_2940,1134.45,Starter,5,monthly,0
acc_2941,16497.85,Professional,29,monthly,1
acc_2942,1477.92,Starter,6,monthly,1
acc_2943,437.66,Starter,2,annual,0
acc_2944,15987.0,Professional,27,annual,1
acc_2945,27727.53,Professional,46,monthly,0
acc_2946,64621.44,Enterprise,56,monthly,1
acc_2947,22346.31,Professional,35,annual,1
acc_2948,437.45,Starter,2,annual,0
acc_2949,167412.42,Enterprise,130,monthly,1
acc_2950,2256.45,Starter,9,monthly,0
acc_2951,237.42,Starter,1,monthly,1
acc_2952,10414.98,Professional,16,monthly,1
acc_2953,235973.53,Enterprise,189,monthly,1
acc_2954,19551.76,Professional,30,monthly,0
acc_2955,24465.14,Professional,41,annual,0
acc_2956,9509.71,Professional,16,annual,1
acc_2957,19318.05,Professional,32,monthly,0
acc_2958,15887.68,Professional,29,annual,0
acc_2959,1298.04,Starter,5,monthly,0
acc_2960,1736.35,Starter,7,monthly,0
acc_2961,1473.86,Starter,6,annual,0
acc_2962,195352.69,Enterprise,150,monthly,1
acc_2963,19117.86,Professional,29,annual,1
acc_2964,22943.9,Professional,41,monthly,1
acc_2965,1511.71,Starter,6,monthly,1
acc_2966,1463.02,Starter,6,monthly,0
acc_2967,123826.49,Enterprise,104,monthly,0
acc_2968,2103.4,Starter,8,monthly,0
acc_2969,22471.1,Professional,35,annual,0
acc_2970,1746.11,Starter,7,monthly,0
acc_2971,26366.45,Professional,45,monthly,1
acc_2972,20457.52,Professional,33,monthly,0
acc_2973,6038.03,Professional,10,annual,1
acc_2974,21087.2,Professional,37,monthly,0
acc_2975,20791.6,Professional,35,monthly,1
acc_2976,24315.01,Professional,43,annual,0
acc_2977,67205.65,Enterprise,56,annual,1
acc_2978,21925.0,Professional,35,annual,0
acc_2979,1088.8,Starter,5,monthly,1
acc_2980,28433.05,Professional,45,monthly,0
acc_2981,7593.59,Professional,14,annual,0
acc_2982,99944.17,Enterprise,83,annual,0
acc_2983,487.05,Starter,2,annual,1
acc_2984,1515.24,Starter,6,monthly,1
acc_2985,220963.21,Enterprise,175,annual,0
acc_2986,92054.77,Enterprise,78,monthly,0
acc_2987,6027.61,Professional,11,monthly,1
acc_2988,1246.44,Starter,5,monthly,1
acc_2989,962.11,Starter,4,annual,0
acc_2990,1159.93,Starter,5,monthly,0
acc_2991,23295.58,Professional,41,monthly,0
acc_2992,1995.74,Starter,9,annual,0
acc_2993,86312.56,Enterprise,75,monthly,0
acc_2994,476.02,Starter,2,monthly,1
acc_2995,25684.46,Professional,43,annual,0
acc_2996,23787.22,Professional,39,annual,0
acc_2997,19255.38,Professional,33,monthly,0
acc_2998,24064.35,Professional,37,annual,1
acc_2999,7194.05,Professional,12,monthly,1
acc_3000,145348.36,Enterprise,123,annual,0
acc_3001,10369.82,Professional,19,annual,1
acc_3002,1468.52,Starter,6,monthly,1
acc_3003,2204.44,Starter,9,annual,0
acc_3004,114679.01,Enterprise,94,monthly,1
acc_3005,9697.67,Professional,15,monthly,1
acc_3006,83364.35,Enterprise,66,annual,1
acc_3007,27695.81,Professional,43,monthly,1
acc_3008,1094.26,Starter,5,monthly,1
acc_3009,23127.01,Professional,40,monthly,0
acc_3010,12721.4,Professional,22,monthly,0
acc_3011,29704.58,Professional,48,annual,1
acc_3012,133018.77,Enterprise,112,annual,0
acc_3013,18365.6,Professional,29,monthly,1
acc_3014,1406.72,Starter,6,monthly,0
acc_3015,23230.31,Professional,41,monthly,0
acc_3016,10923.37,Professional,19,monthly,0
acc_3017,19666.37,Professional,35,monthly,0
acc_3018,15784.92,Professional,28,monthly,0
acc_3019,21508.79,Professional,38,monthly,0
acc_3020,11922.49,Professional,22,monthly,1
acc_3021,26915.01,Professional,43,annual,0
acc_3022,17050.62,Professional,29,annual,1
acc_3023,868.35,Starter,4,annual,0
acc_3024,28635.64,Professional,49,monthly,0
acc_3025,17513.39,Professional,27,annual,0
acc_3026,1202.7,Starter,5,annual,0
acc_3027,186988.51,Enterprise,142,annual,1
acc_3028,1935.34,Starter,8,monthly,0
acc_3029,262.21,Starter,1,monthly,0
acc_3030,24261.29,Professional,43,monthly,0
acc_3031,229.92,Starter,1,monthly,1
acc_3032,10607.94,Professional,17,annual,0
acc_3033,16460.46,Professional,25,monthly,1
acc_3034,1022.46,Starter,4,monthly,0
acc_3035,139482.27,Enterprise,115,monthly,0
acc_3036,660.26,Starter,3,monthly,0
acc_3037,28602.55,Professional,49,annual,1
acc_3038,155204.65,Enterprise,141,monthly,0
acc_3039,18475.32,Professional,32,monthly,1
acc_3040,189590.28,Enterprise,166,monthly,1
acc_3041,106766.05,Enterprise,91,monthly,1
acc_3042,153713.57,Enterprise,120,annual,1
acc_3043,1116.09,Starter,5,annual,1
acc_3044,23645.83,Professional,41,monthly,1
acc_3045,141690.85,Enterprise,124,annual,0
acc_3046,138128.88,Enterprise,120,monthly,1
acc_3047,107322.57,Enterprise,92,monthly,0
acc_3048,118418.02,Enterprise,104,annual,1
acc_3049,14368.41,Professional,22,monthly,0
acc_3050,1889.32,Starter,8,monthly,1
acc_3051,221.48,Starter,1,monthly,0
acc_3052,1192.24,Starter,5,annual,0
acc_3053,1124.26,Starter,5,annual,1
acc_3054,452.75,Starter,2,monthly,1
acc_3055,1148.41,Starter,5,monthly,0
acc_3056,1775.91,Starter,8,monthly,0
acc_3057,131572.2,Enterprise,105,annual,0
acc_3058,1778.09,Starter,7,monthly,0
acc_3059,469.85,Starter,2,annual,0
acc_3060,21793.77,Professional,35,annual,1
acc_3061,150188.68,Enterprise,128,monthly,0
acc_3062,1343.25,Starter,6,monthly,0
acc_3063,235.06,Starter,1,monthly,1
acc_3064,728.21,Starter,3,monthly,0
acc_3065,1307.81,Starter,6,monthly,1
acc_3066,2226.74,Starter,9,monthly,0
acc_3067,29568.31,Professional,47,monthly,1
acc_3068,169803.86,Enterprise,132,monthly,0
acc_3069,5523.32,Professional,10,annual,0
acc_3070,5940.12,Professional,11,annual,0
acc_3071,219.52,Starter,1,annual,0
acc_3072,31242.91,Professional,48,monthly,1
acc_3073,13901.07,Professional,22,monthly,0
acc_3074,23049.08,Professional,36,monthly,0
acc_3075,204694.16,Enterprise,170,monthly,0
acc_3076,1447.7,Starter,6,monthly,0
acc_3077,139348.6,Enterprise,121,monthly,0
acc_3078,64113.04,Enterprise,50,monthly,1
acc_3079,511.66,Starter,2,monthly,1
acc_3080,2113.42,Starter,9,monthly,0
acc_3081,463.61,Starter,2,monthly,1
acc_3082,8171.86,Professional,13,monthly,0
acc_3083,651.77,Starter,3,annual,0
acc_3084,514.56,Starter,2,monthly,1
acc_3085,212490.81,Enterprise,179,monthly,0
acc_3086,948.74,Starter,4,monthly,1
acc_3087,992.46,Starter,4,monthly,0
acc_3088,17907.21,Professional,29,annual,1
acc_3089,162424.4,Enterprise,142,monthly,0
acc_3090,261.28,Starter,1,annual,1
acc_3091,2106.75,Starter,8,monthly,1
acc_3092,7237.42,Professional,12,monthly,1
acc_3093,19435.7,Professional,32,annual,1
acc_3094,110386.3,Enterprise,91,annual,0
acc_3095,1196.59,Starter,5,monthly,0
acc_3096,7187.65,Professional,11,annual,1
acc_3097,14234.26,Professional,25,monthly,0
acc_3098,136026.93,Enterprise,123,monthly,0
acc_3099,12379.37,Professional,19,monthly,0
acc_3100,20925.89,Professional,37,annual,1
acc_3101,2015.68,Starter,8,monthly,0
acc_3102,1354.72,Starter,6,annual,0
acc_3103,17691.0,Professional,27,monthly,1
acc_3104,507.95,Starter,2,monthly,0
acc_3105,7152.71,Professional,11,annual,1
acc_3106,1831.53,Starter,7,monthly,1
acc_3107,63815.19,Enterprise,58,monthly,1
acc_3108,2131.22,Starter,9,monthly,1
acc_3109,14208.76,Professional,23,annual,0
acc_3110,18452.55,Professional,29,monthly,0
acc_3111,1593.13,Starter,7,monthly,0
acc_3112,1299.51,Starter,5,monthly,1
acc_3113,184684.59,Enterprise,163,annual,0
acc_3114,1030.31,Starter,4,monthly,0
acc_3115,1924.88,Starter,8,annual,0
acc_3116,1444.44,Starter,6,annual,0
acc_3117,28659.15,Professional,49,monthly,0
acc_3118,1104.84,Starter,5,monthly,0
acc_3119,93064.13,Enterprise,80,monthly,1
acc_3120,171450.44,Enterprise,145,monthly,0
acc_3121,60943.22,Enterprise,51,monthly,1
acc_3122,1760.34,Starter,7,annual,0
acc_3123,85008.27,Enterprise,73,monthly,1
acc_3124,18841.32,Professional,32,monthly,0
acc_3125,119366.66,Enterprise,92,monthly,1
acc_3126,10084.93,Professional,16,monthly,1
acc_3127,651.29,Starter,3,monthly,0
acc_3128,127490.13,Enterprise,100,annual,0
acc_3129,15152.25,Professional,23,monthly,1
acc_3130,161887.49,Enterprise,124,monthly,1
acc_3131,2305.13,Starter,9,annual,0
acc_3132,182188.25,Enterprise,148,monthly,1
acc_3133,917.41,Starter,4,annual,0
acc_3134,989.65,Starter,4,monthly,1
acc_3135,28679.67,Professional,46,annual,1
acc_3136,9754.38,Professional,17,monthly,1
acc_3137,7988.95,Professional,14,monthly,0
acc_3138,18804.19,Professional,32,monthly,1
acc_3139,1974.2,Starter,8,monthly,0
acc_3140,10928.18,Professional,19,annual,0
acc_3141,1456.03,Starter,6,monthly,1
acc_3142,23324.71,Professional,36,monthly,0
acc_3143,230.16,Starter,1,monthly,0
acc_3144,524.73,Starter,2,monthly,0
acc_3145,59680.18,Enterprise,50,monthly,0
acc_3146,1987.59,Starter,9,monthly,0
acc_3147,24050.61,Professional,44,monthly,0
acc_3148,1393.54,Starter,6,monthly,1
acc_3149,1598.94,Starter,7,annual,0
acc_3150,6412.46,Professional,10,monthly,0
acc_3151,10056.27,Professional,16,monthly,1
acc_3152,10984.47,Professional,17,monthly,0
acc_3153,211305.81,Enterprise,173,annual,1
acc_3154,196628.62,Enterprise,166,monthly,0
acc_3155,155711.34,Enterprise,136,monthly,0
acc_3156,12199.46,Professional,20,monthly,1
acc_3157,26409.01,Professional,43,monthly,0
acc_3158,21724.69,Professional,37,monthly,0
acc_3159,28052.83,Professional,43,annual,0
acc_3160,17887.04,Professional,29,monthly,0
acc_3161,2305.79,Starter,9,monthly,0
acc_3162,737.34,Starter,3,annual,0
acc_3163,1155.97,Starter,5,monthly,0
acc_3164,1256.79,Starter,5,monthly,0
acc_3165,1589.37,Starter,7,monthly,0
acc_3166,22628.95,Professional,37,annual,1
acc_3167,470.63,Starter,2,monthly,0
acc_3168,25667.36,Professional,46,monthly,0
acc_3169,7075.07,Professional,12,monthly,0
acc_3170,923.57,Starter,4,monthly,0
acc_3171,885.55,Starter,4,monthly,0
acc_3172,2044.35,Starter,8,annual,1
acc_3173,10796.94,Professional,18,monthly,1
acc_3174,18028.45,Professional,31,annual,0
acc_3175,20420.25,Professional,34,monthly,0
acc_3176,756.66,Starter,3,annual,0
acc_3177,5964.15,Professional,11,annual,1
acc_3178,19379.53,Professional,32,monthly,0
acc_3179,478.0,Starter,2,monthly,0
acc_3180,16826.38,Professional,26,annual,0
acc_3181,20628.36,Professional,34,monthly,1
acc_3182,2003.32,Starter,9,monthly,1
acc_3183,12319.48,Professional,21,annual,1
acc_3184,983.25,Starter,4,monthly,0
acc_3185,1963.84,Starter,9,monthly,1
acc_3186,1550.78,Starter,6,annual,1
acc_3187,219.25,Starter,1,monthly,1
acc_3188,652.41,Starter,3,monthly,0
acc_3189,19448.71,Professional,36,monthly,1
acc_3190,221449.56,Enterprise,178,monthly,0
acc_3191,17246.6,Professional,29,annual,0
acc_3192,9942.09,Professional,18,annual,0
acc_3193,214676.84,Enterprise,167,monthly,1
acc_3194,1580.11,Starter,7,annual,1
acc_3195,2084.97,Starter,9,monthly,1
acc_3196,17962.45,Professional,32,monthly,0
acc_3197,29304.48,Professional,45,monthly,1
acc_3198,2019.1,Starter,8,monthly,1
acc_3199,23194.35,Professional,37,monthly,1
acc_3200,1090.56,Starter,5,monthly,1
acc_3201,22903.52,Professional,38,monthly,1
acc_3202,24971.23,Professional,41,monthly,1
acc_3203,131242.16,Enterprise,112,annual,0
acc_3204,144652.69,Enterprise,125,annual,1
acc_3205,13486.9,Professional,21,annual,0
acc_3206,1736.84,Starter,8,monthly,1
acc_3207,23986.66,Professional,39,monthly,1
acc_3208,469.85,Starter,2,monthly,0
acc_3209,178535.26,Enterprise,144,monthly,0
acc_3210,94710.02,Enterprise,84,monthly,0
acc_3211,11372.78,Professional,20,monthly,0
acc_3212,28079.43,Professional,46,monthly,0
acc_3213,19070.19,Professional,29,annual,0
acc_3214,788.35,Starter,3,monthly,0
acc_3215,11397.55,Professional,20,monthly,1
acc_3216,25957.26,Professional,47,monthly,1
acc_3217,172257.22,Enterprise,141,monthly,0
acc_3218,1889.27,Starter,8,monthly,1
acc_3219,169215.84,Enterprise,134,monthly,1
acc_3220,15083.95,Professional,25,annual,1
acc_3221,226077.68,Enterprise,188,monthly,0
acc_3222,2223.27,Starter,9,monthly,1
acc_3223,24427.49,Professional,44,monthly,1
acc_3224,233593.54,Enterprise,188,monthly,0
acc_3225,5986.22,Professional,10,monthly,0
acc_3226,2042.94,Starter,8,monthly,1
acc_3227,18925.92,Professional,34,monthly,1
acc_3228,120978.83,Enterprise,105,annual,1
acc_3229,23545.06,Professional,36,monthly,0
acc_3230,24861.12,Professional,41,monthly,1
acc_3231,72969.81,Enterprise,56,monthly,0
acc_3232,9340.26,Professional,15,monthly,0
acc_3233,130234.35,Enterprise,100,monthly,0
acc_3234,26016.26,Professional,45,monthly,0
acc_3235,881.38,Starter,4,annual,0
acc_3236,1527.05,Starter,6,monthly,1
acc_3237,1273.07,Starter,5,monthly,1
acc_3238,29484.44,Professional,48,monthly,1
acc_3239,19505.55,Professional,32,annual,1
acc_3240,114362.86,Enterprise,88,monthly,0
acc_3241,102134.73,Enterprise,91,monthly,1
acc_3242,982.38,Starter,4,monthly,1
acc_3243,20746.95,Professional,38,monthly,1
acc_3244,21719.25,Professional,39,monthly,1
acc_3245,2132.9,Starter,9,monthly,1
acc_3246,19794.89,Professional,31,monthly,1
acc_3247,753.57,Starter,3,annual,1
acc_3248,262.76,Starter,1,monthly,1
acc_3249,1527.07,Starter,7,monthly,1
acc_3250,11715.25,Professional,20,monthly,1
acc_3251,19566.92,Professional,35,monthly,0
acc_3252,17421.93,Professional,32,monthly,1
acc_3253,6860.73,Professional,12,annual,1
acc_3254,1821.88,Starter,8,monthly,0
acc_3255,708.48,Starter,3,annual,1
acc_3256,668.17,Starter,3,monthly,0
acc_3257,1436.71,Starter,6,annual,1
acc_3258,157399.66,Enterprise,121,monthly,0
acc_3259,9446.74,Professional,15,monthly,0
acc_3260,512.85,Starter,2,monthly,1
acc_3261,1527.76,Starter,6,monthly,0
acc_3262,9388.08,Professional,16,monthly,0
acc_3263,30003.62,Professional,48,monthly,1
acc_3264,19545.83,Professional,31,annual,0
acc_3265,1129.36,Starter,5,annual,0
acc_3266,27015.72,Professional,42,annual,1
acc_3267,1665.8,Starter,7,monthly,0
acc_3268,110560.49,Enterprise,102,annual,1
acc_3269,2221.94,Starter,9,monthly,0
acc_3270,2236.36,Starter,9,monthly,0
acc_3271,29704.36,Professional,49,monthly,0
acc_3272,226.2,Starter,1,monthly,1
acc_3273,7174.48,Professional,12,monthly,0
acc_3274,1646.44,Starter,7,monthly,0
acc_3275,788.35,Starter,3,monthly,0
acc_3276,178909.2,Enterprise,140,annual,1
acc_3277,1010.28,Starter,4,annual,1
acc_3278,449.38,Starter,2,monthly,0
acc_3279,231.89,Starter,1,monthly,1
acc_3280,231883.91,Enterprise,198,annual,0
acc_3281,23365.5,Professional,39,monthly,0
acc_3282,85893.06,Enterprise,79,annual,1
acc_3283,210239.42,Enterprise,172,annual,0
acc_3284,19237.11,Professional,33,monthly,0
acc_3285,7288.82,Professional,12,monthly,1
acc_3286,192623.56,Enterprise,178,annual,1
acc_3287,6364.29,Professional,11,annual,0
acc_3288,92307.03,Enterprise,73,monthly,1
acc_3289,29406.36,Professional,49,monthly,1
acc_3290,17770.66,Professional,28,monthly,0
acc_3291,748.65,Starter,3,monthly,1
acc_3292,21205.49,Professional,33,annual,1
acc_3293,15685.9,Professional,29,annual,0
acc_3294,22854.36,Professional,40,monthly,1
acc_3295,210837.96,Enterprise,174,monthly,0
acc_3296,26116.89,Professional,40,annual,1
acc_3297,2237.67,Starter,9,monthly,1
acc_3298,27360.37,Professional,46,monthly,1
acc_3299,21113.44,Professional,38,monthly,0
acc_3300,219302.02,Enterprise,183,monthly,1
acc_3301,7708.1,Professional,13,annual,0
acc_3302,253.37,Starter,1,annual,0
acc_3303,707.52,Starter,3,monthly,1
acc_3304,1156.52,Starter,5,monthly,0
acc_3305,660.92,Starter,3,monthly,0
acc_3306,10366.02,Professional,19,monthly,1
acc_3307,948.31,Starter,4,annual,0
acc_3308,930.6,Starter,4,monthly,1
acc_3309,27298.75,Professional,45,annual,1
acc_3310,27518.98,Professional,44,monthly,0
acc_3311,217.92,Starter,1,monthly,0
acc_3312,17986.38,Professional,30,monthly,0
acc_3313,1544.25,Starter,6,monthly,0
acc_3314,5946.2,Professional,10,monthly,1
acc_3315,12653.53,Professional,21,monthly,0
acc_3316,65825.65,Enterprise,55,monthly,0
acc_3317,1642.97,Starter,7,annual,1
acc_3318,1549.0,Starter,7,monthly,0
acc_3319,18320.37,Professional,33,monthly,1
acc_3320,1347.58,Starter,6,monthly,0
acc_3321,6986.19,Professional,11,monthly,0
acc_3322,1604.51,Starter,7,monthly,1
acc_3323,18959.47,Professional,29,monthly,1
acc_3324,224301.59,Enterprise,176,monthly,1
acc_3325,206552.1,Enterprise,166,monthly,0
acc_3326,105243.14,Enterprise,84,monthly,1
acc_3327,654.86,Starter,3,monthly,0
acc_3328,15205.17,Professional,25,annual,0
acc_3329,28075.85,Professional,43,annual,1
acc_3330,192821.4,Enterprise,177,annual,0
acc_3331,147180.03,Enterprise,128,monthly,1
acc_3332,91758.47,Enterprise,84,annual,0
acc_3333,118023.58,Enterprise,97,annual,0
acc_3334,12186.77,Professional,22,annual,0
acc_3335,16132.77,Professional,27,monthly,1
acc_3336,204204.42,Enterprise,163,monthly,0
acc_3337,21269.84,Professional,38,annual,0
acc_3338,194238.27,Enterprise,154,annual,0
acc_3339,132428.34,Enterprise,121,monthly,1
acc_3340,12832.96,Professional,23,monthly,1
acc_3341,1147.23,Starter,5,monthly,1
acc_3342,1779.49,Starter,7,monthly,1
acc_3343,1284.03,Starter,5,annual,0
acc_3344,22091.38,Professional,39,monthly,1
acc_3345,24265.74,Professional,44,monthly,0
acc_3346,11551.58,Professional,18,annual,1
acc_3347,28424.51,Professional,46,monthly,0
acc_3348,102845.45,Enterprise,92,monthly,1
acc_3349,485.54,Starter,2,annual,0
acc_3350,108307.01,Enterprise,84,monthly,1
acc_3351,1316.02,Starter,6,monthly,0
acc_3352,26402.23,Professional,48,annual,0
acc_3353,12029.49,Professional,21,annual,0
acc_3354,18548.14,Professional,30,annual,0
acc_3355,15156.75,Professional,27,monthly,1
acc_3356,1786.3,Starter,7,monthly,1
acc_3357,504.04,Starter,2,annual,0
acc_3358,1943.43,Starter,8,monthly,1
acc_3359,11078.56,Professional,20,monthly,0
acc_3360,23709.11,Professional,36,monthly,0
acc_3361,19760.53,Professional,33,monthly,1
acc_3362,216306.56,Enterprise,182,monthly,0
acc_3363,105514.93,Enterprise,80,monthly,1
acc_3364,27677.56,Professional,43,monthly,1
acc_3365,1189.53,Starter,5,annual,0
acc_3366,17117.43,Professional,29,monthly,1
acc_3367,12133.2,Professional,22,monthly,0
acc_3368,11070.08,Professional,17,monthly,1
acc_3369,29497.64,Professional,46,monthly,1
acc_3370,8080.8,Professional,14,annual,1
acc_3371,195423.55,Enterprise,155,annual,1
acc_3372,189458.26,Enterprise,150,annual,0
acc_3373,64677.82,Enterprise,57,annual,1
acc_3374,67500.25,Enterprise,55,annual,0
acc_3375,155204.14,Enterprise,136,monthly,0
acc_3376,2031.32,Starter,8,monthly,1
acc_3377,144081.95,Enterprise,129,monthly,1
acc_3378,744.32,Starter,3,monthly,1
acc_3379,9265.94,Professional,16,monthly,0
acc_3380,435.47,Starter,2,monthly,0
acc_3381,1553.56,Starter,7,monthly,0
acc_3382,1237.18,Starter,5,monthly,0
acc_3383,11944.58,Professional,21,monthly,1
acc_3384,8004.42,Professional,13,monthly,0
acc_3385,1179.56,Starter,5,annual,1
acc_3386,115901.36,Enterprise,93,monthly,0
acc_3387,221686.92,Enterprise,185,annual,0
acc_3388,28274.26,Professional,49,annual,0
acc_3389,125994.62,Enterprise,113,monthly,0
acc_3390,16266.09,Professional,28,monthly,0
acc_3391,223059.8,Enterprise,181,monthly,0
acc_3392,6288.57,Professional,10,annual,0
acc_3393,12303.3,Professional,22,monthly,1
acc_3394,100393.46,Enterprise,81,monthly,0
acc_3395,1796.84,Starter,8,monthly,1
acc_3396,2039.83,Starter,9,monthly,1
acc_3397,20527.77,Professional,34,annual,0
acc_3398,1839.05,Starter,8,monthly,0
acc_3399,26633.83,Professional,43,monthly,1
acc_3400,523.75,Starter,2,monthly,1
acc_3401,113804.88,Enterprise,102,annual,0
acc_3402,197141.46,Enterprise,162,annual,0
acc_3403,1822.23,Starter,7,monthly,1
acc_3404,1122.37,Starter,5,monthly,0
acc_3405,1635.26,Starter,7,monthly,1
acc_3406,24412.7,Professional,44,monthly,0
acc_3407,16043.16,Professional,26,annual,0
acc_3408,21710.4,Professional,35,monthly,0
acc_3409,743.64,Starter,3,monthly,1
acc_3410,18151.66,Professional,30,monthly,1
acc_3411,1007.28,Starter,4,monthly,0
acc_3412,11430.41,Professional,21,monthly,0
acc_3413,1833.72,Starter,7,monthly,0
acc_3414,14166.29,Professional,25,monthly,0
acc_3415,443.67,Starter,2,annual,1
acc_3416,522.35,Starter,2,monthly,0
acc_3417,255.86,Starter,1,monthly,1
acc_3418,18321.75,Professional,29,monthly,0
acc_3419,10498.82,Professional,19,monthly,0
acc_3420,142666.39,Enterprise,112,monthly,0
acc_3421,245.23,Starter,1,monthly,0
acc_3422,251.13,Starter,1,monthly,0
acc_3423,1577.68,Starter,6,monthly,0
acc_3424,1126.67,Starter,5,monthly,0
acc_3425,1921.68,Starter,8,monthly,1
acc_3426,1260.8,Starter,5,annual,0
acc_3427,18945.24,Professional,32,monthly,1
acc_3428,21315.78,Professional,39,monthly,1
acc_3429,9407.34,Professional,17,monthly,1
acc_3430,244.9,Starter,1,monthly,1
acc_3431,8038.81,Professional,14,annual,1
acc_3432,11687.36,Professional,21,monthly,0
acc_3433,1858.52,Starter,8,monthly,1
acc_3434,12974.71,Professional,23,monthly,0
acc_3435,176976.51,Enterprise,163,monthly,0
acc_3436,140670.86,Enterprise,126,monthly,0
acc_3437,13565.36,Professional,21,monthly,1
acc_3438,17867.67,Professional,33,monthly,0
acc_3439,16454.41,Professional,26,monthly,1
acc_3440,1513.0,Starter,6,annual,1
acc_3441,6077.09,Professional,10,monthly,0
acc_3442,25990.63,Professional,46,monthly,0
acc_3443,91642.13,Enterprise,71,monthly,0
acc_3444,1910.43,Starter,8,annual,0
acc_3445,448.63,Starter,2,monthly,0
acc_3446,11829.65,Professional,20,annual,0
acc_3447,8450.85,Professional,15,monthly,0
acc_3448,1872.39,Starter,8,monthly,0
acc_3449,14390.46,Professional,24,annual,1
acc_3450,1399.65,Starter,6,annual,1
acc_3451,30323.42,Professional,49,monthly,0
acc_3452,20873.92,Professional,32,monthly,0
acc_3453,232.71,Starter,1,monthly,0
acc_3454,18646.04,Professional,32,monthly,1
acc_3455,251.44,Starter,1,annual,1
acc_3456,28372.53,Professional,47,monthly,0
acc_3457,1182.92,Starter,5,monthly,0
acc_3458,224455.26,Enterprise,176,monthly,0
acc_3459,1811.39,Starter,7,monthly,1
acc_3460,28710.91,Professional,47,monthly,0
acc_3461,11806.46,Professional,21,monthly,0
acc_3462,953.53,Starter,4,monthly,1
acc_3463,1201.05,Starter,5,annual,1
acc_3464,710.24,Starter,3,monthly,0
acc_3465,457.19,Starter,2,monthly,0
acc_3466,9546.86,Professional,16,monthly,1
acc_3467,27304.93,Professional,46,monthly,1
acc_3468,452.11,Starter,2,monthly,0
acc_3469,16210.29,Professional,25,annual,1
acc_3470,103398.55,Enterprise,80,annual,1
acc_3471,92148.48,Enterprise,73,annual,1
acc_3472,1176.23,Starter,5,monthly,0
acc_3473,935.11,Starter,4,annual,0
acc_3474,29420.86,Professional,47,monthly,0
acc_3475,490.38,Starter,2,monthly,1
acc_3476,1224.14,Starter,5,monthly,1
acc_3477,1997.62,Starter,9,monthly,1
acc_3478,1965.42,Starter,8,monthly,1
acc_3479,31762.95,Professional,49,monthly,0
acc_3480,24213.11,Professional,44,monthly,0
acc_3481,2090.52,Starter,9,monthly,1
acc_3482,29453.0,Professional,49,monthly,0
acc_3483,23648.2,Professional,38,annual,1
acc_3484,26436.3,Professional,48,annual,1
acc_3485,67052.62,Enterprise,52,monthly,1
acc_3486,89357.94,Enterprise,82,monthly,1
acc_3487,16715.99,Professional,26,monthly,0
acc_3488,108663.64,Enterprise,100,monthly,0
acc_3489,2010.32,Starter,9,annual,1
acc_3490,22261.36,Professional,35,monthly,0
acc_3491,18653.37,Professional,29,annual,0
acc_3492,22367.64,Professional,34,annual,0
acc_3493,1772.43,Starter,8,monthly,0
acc_3494,2171.43,Starter,9,annual,1
acc_3495,878.81,Starter,4,monthly,0
acc_3496,26262.14,Professional,47,monthly,0
acc_3497,88628.4,Enterprise,79,annual,0
acc_3498,1752.34,Starter,8,monthly,0
acc_3499,95779.32,Enterprise,74,monthly,0
acc_3500,444.13,Starter,2,monthly,0
acc_3501,94790.22,Enterprise,77,annual,1
acc_3502,179606.18,Enterprise,146,monthly,0
acc_3503,2029.81,Starter,9,annual,1
acc_3504,2375.31,Starter,9,monthly,1
acc_3505,698.02,Starter,3,monthly,1
acc_3506,176422.28,Enterprise,136,monthly,0
acc_3507,31382.12,Professional,48,monthly,0
acc_3508,30078.42,Professional,46,monthly,1
acc_3509,1512.82,Starter,6,annual,1
acc_3510,85568.49,Enterprise,75,monthly,0
acc_3511,1552.54,Starter,7,annual,0
acc_3512,730.06,Starter,3,monthly,0
acc_3513,1166.41,Starter,5,monthly,1
acc_3514,17912.29,Professional,28,monthly,0
acc_3515,251.76,Starter,1,monthly,0
acc_3516,17195.29,Professional,30,monthly,0
acc_3517,650.45,Starter,3,monthly,0
acc_3518,23307.59,Professional,41,annual,0
acc_3519,22497.99,Professional,37,monthly,0
acc_3520,1758.34,Starter,8,monthly,1
acc_3521,742.79,Starter,3,annual,0
acc_3522,29788.97,Professional,48,annual,0
acc_3523,1793.05,Starter,8,annual,0
acc_3524,2201.61,Starter,9,annual,0
acc_3525,12869.57,Professional,21,monthly,0
acc_3526,1433.66,Starter,6,annual,1
acc_3527,15705.35,Professional,24,annual,0
acc_3528,1548.34,Starter,7,annual,1
acc_3529,1413.11,Starter,6,monthly,1
acc_3530,23900.17,Professional,37,annual,0
acc_3531,1876.34,Starter,8,monthly,1
acc_3532,1654.68,Starter,7,monthly,0
acc_3533,18605.79,Professional,30,monthly,0
acc_3534,247.95,Starter,1,annual,0
acc_3535,13568.71,Professional,25,monthly,0
acc_3536,201003.09,Enterprise,169,annual,0
acc_3537,18560.69,Professional,32,monthly,1
acc_3538,738.39,Starter,3,monthly,0
acc_3539,21233.95,Professional,35,monthly,1
acc_3540,741.72,Starter,3,monthly,0
acc_3541,742.14,Starter,3,monthly,1
acc_3542,211116.31,Enterprise,185,monthly,0
acc_3543,911.32,Starter,4,monthly,0
acc_3544,233.77,Starter,1,monthly,1
acc_3545,455.23,Starter,2,monthly,1
acc_3546,186581.09,Enterprise,150,annual,1
acc_3547,1224.69,Starter,5,monthly,1
acc_3548,1358.32,Starter,6,monthly,0
acc_3549,15506.22,Professional,24,monthly,0
acc_3550,27382.86,Professional,46,annual,1
acc_3551,11660.17,Professional,21,monthly,0
acc_3552,165142.31,Enterprise,146,monthly,1
acc_3553,2177.22,Starter,9,monthly,0
acc_3554,464.49,Starter,2,annual,1
acc_3555,2311.73,Starter,9,monthly,0
acc_3556,7791.79,Professional,13,monthly,0
acc_3557,1819.54,Starter,7,monthly,0
acc_3558,70684.05,Enterprise,64,annual,1
acc_3559,121565.31,Enterprise,98,monthly,1
acc_3560,2326.66,Starter,9,monthly,1
acc_3561,184048.53,Enterprise,160,monthly,0
acc_3562,890.05,Starter,4,annual,0
acc_3563,26171.08,Professional,44,annual,0
acc_3564,26214.4,Professional,40,monthly,1
acc_3565,22176.56,Professional,36,monthly,0
acc_3566,25308.37,Professional,41,monthly,0
acc_3567,26064.37,Professional,42,monthly,0
acc_3568,62103.94,Enterprise,57,monthly,0
acc_3569,13056.52,Professional,22,annual,1
acc_3570,1538.06,Starter,7,monthly,0
acc_3571,154878.02,Enterprise,134,monthly,0
acc_3572,226061.53,Enterprise,177,annual,0
acc_3573,28462.61,Professional,46,monthly,0
acc_3574,7254.16,Professional,11,annual,1
acc_3575,201837.07,Enterprise,180,monthly,0
acc_3576,218604.5,Enterprise,186,annual,0
acc_3577,254.86,Starter,1,annual,0
acc_3578,26596.5,Professional,47,annual,1
acc_3579,70364.27,Enterprise,63,monthly,1
acc_3580,1892.2,Starter,8,monthly,1
acc_3581,26958.17,Professional,46,annual,0
acc_3582,9206.75,Professional,14,monthly,1
acc_3583,1665.3,Starter,7,annual,1
acc_3584,1801.28,Starter,7,monthly,1
acc_3585,17457.01,Professional,27,monthly,0
acc_3586,447.16,Starter,2,monthly,1
acc_3587,2253.01,Starter,9,monthly,1
acc_3588,14906.13,Professional,26,annual,1
acc_3589,6065.06,Professional,11,annual,0
acc_3590,2063.89,Starter,8,monthly,1
acc_3591,25304.05,Professional,44,annual,1
acc_3592,13373.21,Professional,23,monthly,0
acc_3593,231.55,Starter,1,annual,1
acc_3594,11844.74,Professional,21,annual,0
acc_3595,24869.9,Professional,42,monthly,1
acc_3596,236.56,Starter,1,monthly,1
acc_3597,164934.05,Enterprise,140,monthly,0
acc_3598,10399.29,Professional,16,annual,1
acc_3599,1161.54,Starter,5,monthly,0
acc_3600,434.92,Starter,2,annual,0
acc_3601,26947.8,Professional,48,annual,0
acc_3602,250.63,Starter,1,monthly,1
acc_3603,1954.89,Starter,8,annual,0
acc_3604,1046.73,Starter,4,monthly,0
acc_3605,11219.98,Professional,18,monthly,1
acc_3606,450.65,Starter,2,annual,1
acc_3607,218464.06,Enterprise,197,monthly,1
acc_3608,8434.88,Professional,14,monthly,0
acc_3609,8057.81,Professional,13,monthly,0
acc_3610,22954.93,Professional,41,monthly,1
acc_3611,8570.84,Professional,14,annual,0
acc_3612,10944.66,Professional,17,annual,1
acc_3613,13800.78,Professional,22,monthly,0
acc_3614,1239.41,Starter,5,monthly,1
acc_3615,8251.36,Professional,13,annual,0
acc_3616,58563.93,Enterprise,53,monthly,1
acc_3617,11289.2,Professional,20,monthly,0
acc_3618,1306.97,Starter,6,annual,1
acc_3619,1783.67,Starter,8,annual,0
acc_3620,15589.97,Professional,24,monthly,1
acc_3621,1586.64,Starter,7,annual,0
acc_3622,154862.92,Enterprise,125,monthly,1
acc_3623,16820.68,Professional,27,monthly,0
acc_3624,1728.83,Starter,7,monthly,0
acc_3625,242.59,Starter,1,monthly,0
acc_3626,718.0,Starter,3,monthly,0
acc_3627,708.47,Starter,3,annual,1
acc_3628,100104.29,Enterprise,77,annual,1
acc_3629,160177.95,Enterprise,148,monthly,1
acc_3630,126769.15,Enterprise,116,annual,0
acc_3631,17373.94,Professional,29,monthly,0
acc_3632,5796.61,Professional,10,monthly,0
acc_3633,195543.89,Enterprise,166,monthly,1
acc_3634,87085.92,Enterprise,66,monthly,0
acc_3635,231683.92,Enterprise,183,monthly,1
acc_3636,201330.15,Enterprise,156,annual,1
acc_3637,5842.29,Professional,10,monthly,0
acc_3638,1592.49,Starter,7,monthly,0
acc_3639,12643.18,Professional,20,annual,1
acc_3640,24202.55,Professional,38,monthly,0
acc_3641,23027.54,Professional,38,monthly,1
acc_3642,168353.38,Enterprise,130,monthly,1
acc_3643,78729.48,Enterprise,60,monthly,0
acc_3644,19685.24,Professional,33,annual,0
acc_3645,453.38,Starter,2,monthly,1
acc_3646,1685.75,Starter,7,monthly,0
acc_3647,2371.48,Starter,9,monthly,1
acc_3648,230.06,Starter,1,monthly,0
acc_3649,17809.25,Professional,29,monthly,1
acc_3650,498.62,Starter,2,monthly,0
acc_3651,1357.61,Starter,6,monthly,0
acc_3652,23813.99,Professional,39,monthly,1
acc_3653,27153.82,Professional,47,monthly,0
acc_3654,514.0,Starter,2,annual,0
acc_3655,187731.13,Enterprise,150,annual,1
acc_3656,511.32,Starter,2,monthly,0
acc_3657,1127.92,Starter,5,monthly,0
acc_3658,7618.09,Professional,14,monthly,0
acc_3659,200323.68,Enterprise,156,monthly,0
acc_3660,11141.8,Professional,19,monthly,1
acc_3661,8423.5,Professional,15,monthly,0
acc_3662,186247.28,Enterprise,169,annual,1
acc_3663,7825.74,Professional,13,monthly,1
acc_3664,1562.44,Starter,7,annual,1
acc_3665,7904.04,Professional,13,monthly,1
acc_3666,249656.16,Enterprise,199,monthly,0
acc_3667,9667.31,Professional,16,annual,1
acc_3668,250299.37,Enterprise,193,monthly,0
acc_3669,23464.07,Professional,42,annual,1
acc_3670,958.84,Starter,4,monthly,0
acc_3671,10072.49,Professional,18,annual,1
acc_3672,22578.79,Professional,35,annual,0
acc_3673,202079.3,Enterprise,155,monthly,0
acc_3674,196391.83,Enterprise,167,annual,0
acc_3675,144172.45,Enterprise,125,monthly,0
acc_3676,61939.94,Enterprise,54,monthly,1
acc_3677,1543.6,Starter,6,monthly,1
acc_3678,93283.95,Enterprise,75,monthly,1
acc_3679,774.81,Starter,3,monthly,1
acc_3680,886.56,Starter,4,monthly,1
acc_3681,17913.7,Professional,30,annual,0
acc_3682,19255.39,Professional,31,monthly,0
acc_3683,163208.02,Enterprise,126,annual,1
acc_3684,24605.38,Professional,42,monthly,0
acc_3685,133996.43,Enterprise,116,monthly,1
acc_3686,1039.29,Starter,4,annual,0
acc_3687,88404.05,Enterprise,81,annual,0
acc_3688,25097.16,Professional,42,annual,1
acc_3689,8330.49,Professional,14,monthly,1
acc_3690,892.04,Starter,4,monthly,1
acc_3691,17621.82,Professional,30,monthly,1
acc_3692,22561.63,Professional,36,monthly,0
acc_3693,5840.24,Professional,10,monthly,1
acc_3694,14428.98,Professional,25,monthly,1
acc_3695,253.53,Starter,1,monthly,0
acc_3696,1053.83,Starter,4,annual,1
acc_3697,1013.64,Starter,4,annual,0
acc_3698,215564.56,Enterprise,168,monthly,1
acc_3699,28720.56,Professional,44,monthly,0
acc_3700,192136.23,Enterprise,151,monthly,0
acc_3701,29593.91,Professional,45,monthly,1
acc_3702,198977.02,Enterprise,158,annual,0
acc_3703,1486.52,Starter,6,monthly,1
acc_3704,2243.53,Starter,9,annual,0
acc_3705,26568.4,Professional,41,monthly,0
acc_3706,23634.52,Professional,38,annual,0
acc_3707,30304.54,Professional,48,monthly,1
acc_3708,1358.21,Starter,6,annual,0
acc_3709,1558.84,Starter,6,monthly,0
acc_3710,18997.3,Professional,32,monthly,1
acc_3711,13423.87,Professional,24,monthly,1
acc_3712,22259.11,Professional,35,monthly,1
acc_3713,26807.29,Professional,46,monthly,0
acc_3714,19111.21,Professional,34,annual,1
acc_3715,1598.1,Starter,7,monthly,1
acc_3716,5986.13,Professional,11,monthly,0
acc_3717,11568.37,Professional,21,annual,0
acc_3718,1711.12,Starter,7,monthly,0
acc_3719,257.58,Starter,1,monthly,1
acc_3720,1900.24,Starter,8,annual,0
acc_3721,157472.51,Enterprise,128,monthly,1
acc_3722,17840.7,Professional,28,monthly,1
acc_3723,23895.3,Professional,41,annual,0
acc_3724,19792.57,Professional,32,monthly,0
acc_3725,133871.93,Enterprise,115,annual,0
acc_3726,8639.76,Professional,14,monthly,0
acc_3727,226.45,Starter,1,monthly,1
acc_3728,22349.59,Professional,34,monthly,0
acc_3729,24162.22,Professional,44,annual,1
acc_3730,22823.86,Professional,38,annual,1
acc_3731,2067.68,Starter,9,monthly,1
acc_3732,230149.8,Enterprise,188,monthly,1
acc_3733,152580.38,Enterprise,129,monthly,0
acc_3734,224951.95,Enterprise,195,monthly,0
acc_3735,912.01,Starter,4,annual,1
acc_3736,2022.84,Starter,9,annual,1
acc_3737,29795.44,Professional,47,annual,1
acc_3738,66866.35,Enterprise,59,monthly,1
acc_3739,18351.87,Professional,29,monthly,1
acc_3740,150747.57,Enterprise,126,monthly,1
acc_3741,119609.49,Enterprise,109,monthly,0
acc_3742,25193.39,Professional,45,monthly,1
acc_3743,2070.88,Starter,8,annual,0
acc_3744,2204.42,Starter,9,monthly,0
acc_3745,1349.09,Starter,6,monthly,0
acc_3746,2248.03,Starter,9,monthly,1
acc_3747,1022.07,Starter,4,annual,0
acc_3748,9274.85,Professional,16,annual,0
acc_3749,728.15,Starter,3,monthly,0
acc_3750,17831.63,Professional,31,annual,1
acc_3751,62655.24,Enterprise,57,monthly,0
acc_3752,705.53,Starter,3,monthly,1
acc_3753,2016.55,Starter,8,monthly,0
acc_3754,476.03,Starter,2,monthly,1
acc_3755,1412.72,Starter,6,monthly,1
acc_3756,15765.86,Professional,27,monthly,1
acc_3757,17852.1,Professional,30,monthly,0
acc_3758,17923.81,Professional,31,monthly,1
acc_3759,2208.46,Starter,9,monthly,1
acc_3760,26286.14,Professional,48,annual,0
acc_3761,13374.62,Professional,21,monthly,0
acc_3762,2018.81,Starter,9,monthly,1
acc_3763,1971.24,Starter,8,monthly,0
acc_3764,115233.27,Enterprise,97,monthly,1
acc_3765,2025.02,Starter,8,monthly,0
acc_3766,166175.57,Enterprise,130,monthly,1
acc_3767,225.8,Starter,1,monthly,0
acc_3768,1739.53,Starter,7,annual,1
acc_3769,11255.78,Professional,20,monthly,0
acc_3770,99878.36,Enterprise,90,annual,1
acc_3771,224162.62,Enterprise,172,annual,0
acc_3772,223.89,Starter,1,monthly,1
acc_3773,64680.84,Enterprise,57,monthly,1
acc_3774,11668.42,Professional,21,monthly,0
acc_3775,2147.17,Starter,9,monthly,0
acc_3776,780.42,Starter,3,monthly,1
acc_3777,20009.03,Professional,35,monthly,0
acc_3778,23595.87,Professional,39,monthly,0
acc_3779,235.75,Starter,1,monthly,1
acc_3780,164811.2,Enterprise,142,monthly,0
acc_3781,14607.8,Professional,24,monthly,0
acc_3782,169978.8,Enterprise,140,monthly,1
acc_3783,9913.11,Professional,17,annual,1
acc_3784,17335.83,Professional,27,monthly,0
acc_3785,1748.42,Starter,8,monthly,0
acc_3786,10454.34,Professional,19,monthly,0
acc_3787,148909.99,Enterprise,113,monthly,1
acc_3788,10705.27,Professional,17,monthly,1
acc_3789,1782.12,Starter,7,monthly,0
acc_3790,489.86,Starter,2,annual,1
acc_3791,207814.9,Enterprise,176,monthly,1
acc_3792,1723.42,Starter,7,monthly,0
acc_3793,151004.19,Enterprise,137,monthly,0
acc_3794,29653.82,Professional,47,monthly,1
acc_3795,26615.12,Professional,44,monthly,1
acc_3796,18989.43,Professional,29,monthly,0
acc_3797,1232.99,Starter,5,monthly,1
acc_3798,11722.27,Professional,21,monthly,0
acc_3799,1672.46,Starter,7,monthly,1
acc_3800,6563.26,Professional,12,monthly,0
acc_3801,1762.46,Starter,7,annual,1
acc_3802,480.18,Starter,2,annual,0
acc_3803,109859.38,Enterprise,94,monthly,1
acc_3804,19030.55,Professional,29,monthly,1
acc_3805,522.3,Starter,2,monthly,0
acc_3806,13741.14,Professional,21,annual,1
acc_3807,18695.04,Professional,33,monthly,1
acc_3808,15685.71,Professional,25,monthly,0
acc_3809,252230.1,Enterprise,193,monthly,0
acc_3810,11561.58,Professional,19,monthly,1
acc_3811,1583.96,Starter,7,monthly,1
acc_3812,17867.85,Professional,28,monthly,1
acc_3813,774.71,Starter,3,monthly,1
acc_3814,999.02,Starter,4,annual,0
acc_3815,86283.95,Enterprise,75,annual,0
acc_3816,12946.32,Professional,23,annual,0
acc_3817,78708.78,Enterprise,64,monthly,1
acc_3818,1674.22,Starter,7,annual,0
acc_3819,496.2,Starter,2,annual,1
acc_3820,442.72,Starter,2,annual,0
acc_3821,2002.71,Starter,9,monthly,1
acc_3822,13421.58,Professional,23,monthly,1
acc_3823,17702.59,Professional,31,monthly,1
acc_3824,7986.17,Professional,13,annual,1
acc_3825,25116.51,Professional,43,monthly,1
acc_3826,16796.07,Professional,27,monthly,0
acc_3827,135302.74,Enterprise,107,monthly,1
acc_3828,24185.78,Professional,43,monthly,1
acc_3829,166496.99,Enterprise,128,annual,1
acc_3830,17130.4,Professional,27,monthly,0
acc_3831,30145.47,Professional,49,monthly,0
acc_3832,96062.58,Enterprise,74,annual,0
acc_3833,228.76,Starter,1,monthly,1
acc_3834,23624.22,Professional,40,annual,1
acc_3835,128768.9,Enterprise,117,monthly,0
acc_3836,17247.51,Professional,29,monthly,0
acc_3837,102130.57,Enterprise,85,monthly,0
acc_3838,736.71,Starter,3,monthly,1
acc_3839,24645.81,Professional,45,monthly,0
acc_3840,180573.45,Enterprise,166,annual,1
acc_3841,11217.35,Professional,19,monthly,0
acc_3842,6752.35,Professional,12,monthly,1
acc_3843,1009.69,Starter,4,annual,1
acc_3844,1240.5,Starter,5,monthly,0
acc_3845,17372.98,Professional,30,monthly,0
acc_3846,140737.45,Enterprise,129,monthly,1
acc_3847,121368.94,Enterprise,108,monthly,0
acc_3848,28035.07,Professional,45,monthly,0
acc_3849,117269.92,Enterprise,89,annual,1
acc_3850,11004.33,Professional,19,monthly,1
acc_3851,10179.83,Professional,16,monthly,1
acc_3852,19965.6,Professional,31,monthly,0
acc_3853,17465.01,Professional,32,monthly,1
acc_3854,13648.88,Professional,21,annual,1
acc_3855,715.13,Starter,3,monthly,1
acc_3856,217695.41,Enterprise,166,annual,0
acc_3857,2176.66,Starter,9,monthly,0
acc_3858,1136.43,Starter,5,monthly,0
acc_3859,31534.09,Professional,48,annual,1
acc_3860,147991.11,Enterprise,130,monthly,1
acc_3861,14209.74,Professional,22,monthly,0
acc_3862,1570.17,Starter,7,annual,1
acc_3863,30427.63,Professional,49,monthly,0
acc_3864,212167.8,Enterprise,180,monthly,0
acc_3865,14446.13,Professional,22,monthly,1
acc_3866,23611.25,Professional,42,annual,1
acc_3867,23562.21,Professional,40,monthly,1
acc_3868,1726.96,Starter,7,annual,0
acc_3869,157755.47,Enterprise,120,monthly,1
acc_3870,21329.15,Professional,37,annual,1
acc_3871,16453.49,Professional,28,monthly,1
acc_3872,17862.45,Professional,30,monthly,1
acc_3873,215582.49,Enterprise,189,monthly,0
acc_3874,2297.1,Starter,9,monthly,1
acc_3875,440.83,Starter,2,monthly,0
acc_3876,749.49,Starter,3,monthly,0
acc_3877,24766.93,Professional,41,annual,1
acc_3878,19916.09,Professional,35,monthly,0
acc_3879,13181.07,Professional,22,annual,0
acc_3880,24304.57,Professional,38,monthly,0
acc_3881,949.52,Starter,4,monthly,1
acc_3882,1774.81,Starter,8,annual,0
acc_3883,217.96,Starter,1,annual,0
acc_3884,10133.37,Professional,16,monthly,1
acc_3885,173895.59,Enterprise,150,monthly,0
acc_3886,22811.23,Professional,35,monthly,1
acc_3887,2210.61,Starter,9,monthly,0
acc_3888,1184.71,Starter,5,annual,1
acc_3889,144641.12,Enterprise,119,monthly,0
acc_3890,951.77,Starter,4,monthly,1
acc_3891,2075.83,Starter,8,monthly,0
acc_3892,2141.87,Starter,9,monthly,0
acc_3893,8287.32,Professional,15,monthly,0
acc_3894,733.98,Starter,3,annual,1
acc_3895,983.61,Starter,4,monthly,1
acc_3896,25905.42,Professional,41,monthly,0
acc_3897,260.8,Starter,1,annual,0
acc_3898,711.8,Starter,3,monthly,1
acc_3899,26201.21,Professional,45,annual,1
acc_3900,88636.09,Enterprise,74,monthly,1
acc_3901,1296.05,Starter,5,monthly,1
acc_3902,2104.31,Starter,8,monthly,1
acc_3903,262.62,Starter,1,annual,1
acc_3904,18162.03,Professional,32,annual,1
acc_3905,165497.17,Enterprise,138,monthly,0
acc_3906,228.45,Starter,1,monthly,1
acc_3907,11683.16,Professional,20,monthly,1
acc_3908,652.56,Starter,3,monthly,1
acc_3909,16778.16,Professional,30,annual,1
acc_3910,2115.54,Starter,9,monthly,0
acc_3911,210155.24,Enterprise,180,monthly,1
acc_3912,16056.88,Professional,28,monthly,0
acc_3913,2043.49,Starter,9,monthly,0
acc_3914,141091.93,Enterprise,112,annual,1
acc_3915,230.14,Starter,1,monthly,1
acc_3916,999.66,Starter,4,monthly,0
acc_3917,92309.13,Enterprise,79,monthly,1
acc_3918,2035.96,Starter,8,monthly,0
acc_3919,159059.31,Enterprise,142,monthly,1
acc_3920,24033.24,Professional,43,annual,0
acc_3921,225004.96,Enterprise,181,monthly,1
acc_3922,28590.75,Professional,44,monthly,1
acc_3923,445.73,Starter,2,annual,1
acc_3924,139406.52,Enterprise,127,monthly,0
acc_3925,1043.45,Starter,4,monthly,0
acc_3926,22163.17,Professional,40,monthly,1
acc_3927,21661.67,Professional,38,monthly,1
acc_3928,9773.09,Professional,15,monthly,0
acc_3929,28635.76,Professional,45,monthly,1
acc_3930,155743.09,Enterprise,134,monthly,0
acc_3931,157090.4,Enterprise,120,monthly,0
acc_3932,240833.67,Enterprise,198,monthly,0
acc_3933,21946.79,Professional,40,monthly,0
acc_3934,149848.33,Enterprise,120,monthly,0
acc_3935,24783.4,Professional,41,annual,0
acc_3936,216700.96,Enterprise,178,annual,1
acc_3937,109442.56,Enterprise,83,monthly,0
acc_3938,1563.24,Starter,7,annual,0
acc_3939,1732.68,Starter,7,monthly,0
acc_3940,161853.31,Enterprise,136,annual,0
acc_3941,1145.25,Starter,5,monthly,1
acc_3942,30538.04,Professional,49,monthly,0
acc_3943,223266.79,Enterprise,180,annual,0
acc_3944,1799.78,Starter,7,annual,0
acc_3945,86492.22,Enterprise,67,monthly,0
acc_3946,111764.97,Enterprise,92,annual,1
acc_3947,1389.76,Starter,6,monthly,1
acc_3948,17502.94,Professional,29,monthly,1
acc_3949,466.49,Starter,2,monthly,0
acc_3950,17771.76,Professional,31,monthly,1
acc_3951,7274.27,Professional,12,annual,1
acc_3952,154738.03,Enterprise,125,annual,0
acc_3953,2199.13,Starter,9,monthly,0
acc_3954,11127.02,Professional,17,monthly,0
acc_3955,16123.42,Professional,28,annual,0
acc_3956,1169.36,Starter,5,monthly,1
acc_3957,157509.75,Enterprise,127,monthly,0
acc_3958,110167.75,Enterprise,90,monthly,0
acc_3959,21608.94,Professional,40,monthly,0
acc_3960,23676.44,Professional,41,annual,0
acc_3961,13690.83,Professional,24,monthly,1
acc_3962,30757.91,Professional,48,monthly,0
acc_3963,515.16,Starter,2,annual,0
acc_3964,22962.69,Professional,40,monthly,0
acc_3965,6626.98,Professional,12,monthly,0
acc_3966,23149.59,Professional,41,monthly,0
acc_3967,1346.85,Starter,6,monthly,0
acc_3968,1136.98,Starter,5,annual,1
acc_3969,10794.99,Professional,19,monthly,1
acc_3970,478.06,Starter,2,annual,0
acc_3971,21399.21,Professional,37,monthly,0
acc_3972,1700.1,Starter,7,monthly,1
acc_3973,20926.66,Professional,36,monthly,0
acc_3974,197705.98,Enterprise,155,annual,1
acc_3975,206694.05,Enterprise,158,monthly,0
acc_3976,470.78,Starter,2,monthly,1
acc_3977,1528.62,Starter,7,monthly,0
acc_3978,83037.41,Enterprise,73,monthly,1
acc_3979,80624.56,Enterprise,73,monthly,0
acc_3980,1395.29,Starter,6,monthly,1
acc_3981,64211.03,Enterprise,52,annual,1
acc_3982,963.63,Starter,4,annual,0
acc_3983,27888.11,Professional,49,monthly,0
acc_3984,1011.31,Starter,4,monthly,0
acc_3985,135609.76,Enterprise,122,monthly,0
acc_3986,22695.34,Professional,40,monthly,0
acc_3987,1490.7,Starter,6,monthly,0
acc_3988,24237.73,Professional,43,monthly,1
acc_3989,2237.23,Starter,9,annual,1
acc_3990,1577.36,Starter,6,monthly,0
acc_3991,8956.67,Professional,14,monthly,0
acc_3992,11184.03,Professional,20,annual,1
acc_3993,1445.9,Starter,6,annual,0
acc_3994,9450.86,Professional,16,monthly,1
acc_3995,11203.01,Professional,17,monthly,0
acc_3996,17048.93,Professional,26,monthly,1
acc_3997,222.1,Starter,1,monthly,1
acc_3998,1298.1,Starter,5,annual,1
acc_3999,225.28,Starter,1,annual,0
acc_4000,2082.0,Starter,9,annual,0
acc_4001,27955.63,Professional,48,monthly,1
acc_4002,83865.12,Enterprise,73,monthly,1
acc_4003,1027.82,Starter,4,monthly,1
acc_4004,13330.61,Professional,23,monthly,0
acc_4005,510.41,Starter,2,monthly,0
acc_4006,2373.57,Starter,9,monthly,1
acc_4007,21149.42,Professional,33,monthly,1
acc_4008,22679.95,Professional,39,monthly,1
acc_4009,210117.7,Enterprise,168,monthly,1
acc_4010,14497.7,Professional,24,monthly,1
acc_4011,1522.52,Starter,6,monthly,1
acc_4012,7258.83,Professional,13,monthly,0
acc_4013,109750.55,Enterprise,89,monthly,1
acc_4014,13922.48,Professional,22,annual,0
acc_4015,151523.46,Enterprise,120,monthly,0
acc_4016,786.76,Starter,3,annual,1
acc_4017,203487.48,Enterprise,186,annual,1
acc_4018,465.19,Starter,2,monthly,0
acc_4019,8360.61,Professional,14,monthly,0
acc_4020,23086.86,Professional,40,monthly,0
acc_4021,1385.22,Starter,6,monthly,1
acc_4022,177318.8,Enterprise,158,monthly,0
acc_4023,1530.13,Starter,6,annual,1
acc_4024,2336.29,Starter,9,monthly,0
acc_4025,167163.3,Enterprise,152,annual,0
acc_4026,1117.18,Starter,5,annual,1
acc_4027,2042.69,Starter,9,monthly,0
acc_4028,12622.65,Professional,21,monthly,0
acc_4029,24762.69,Professional,39,monthly,0
acc_4030,89966.24,Enterprise,82,monthly,0
acc_4031,11711.93,Professional,19,monthly,0
acc_4032,123858.3,Enterprise,111,annual,0
acc_4033,175962.06,Enterprise,134,monthly,0
acc_4034,25266.26,Professional,39,monthly,1
acc_4035,1307.9,Starter,5,annual,0
acc_4036,19345.89,Professional,35,monthly,0
acc_4037,478.85,Starter,2,monthly,1
acc_4038,223.93,Starter,1,monthly,0
acc_4039,9180.64,Professional,15,monthly,1
acc_4040,124944.31,Enterprise,110,annual,0
acc_4041,22769.13,Professional,36,annual,0
acc_4042,2222.21,Starter,9,monthly,1
acc_4043,17649.18,Professional,29,monthly,0
acc_4044,1789.28,Starter,7,monthly,1
acc_4045,720.04,Starter,3,annual,1
acc_4046,21178.14,Professional,37,monthly,1
acc_4047,1474.76,Starter,6,monthly,1
acc_4048,1047.76,Starter,4,monthly,1
acc_4049,173847.51,Enterprise,142,annual,1
acc_4050,17851.08,Professional,29,monthly,0
acc_4051,2347.81,Starter,9,monthly,1
acc_4052,12638.49,Professional,21,annual,0
acc_4053,527.65,Starter,2,monthly,0
acc_4054,84992.24,Enterprise,76,monthly,0
acc_4055,967.11,Starter,4,monthly,0
acc_4056,197941.84,Enterprise,175,annual,0
acc_4057,230626.88,Enterprise,194,monthly,1
acc_4058,16814.07,Professional,30,monthly,0
acc_4059,226.68,Starter,1,monthly,0
acc_4060,123234.53,Enterprise,109,annual,0
acc_4061,1619.53,Starter,7,monthly,1
acc_4062,889.84,Starter,4,monthly,0
acc_4063,1274.24,Starter,5,monthly,0
acc_4064,22092.76,Professional,39,monthly,0
acc_4065,236.0,Starter,1,annual,1
acc_4066,104049.96,Enterprise,96,monthly,0
acc_4067,442.07,Starter,2,annual,0
acc_4068,208511.95,Enterprise,161,annual,0
acc_4069,1024.73,Starter,4,annual,1
acc_4070,512.73,Starter,2,monthly,0
acc_4071,235.74,Starter,1,monthly,1
acc_4072,151499.57,Enterprise,136,monthly,0
acc_4073,221.18,Starter,1,annual,1
acc_4074,11640.77,Professional,19,annual,0
acc_4075,1534.52,Starter,6,monthly,0
acc_4076,204772.34,Enterprise,158,annual,1
acc_4077,459.72,Starter,2,annual,1
acc_4078,694.23,Starter,3,annual,0
acc_4079,7729.47,Professional,14,monthly,0
acc_4080,1265.86,Starter,5,annual,1
acc_4081,26361.81,Professional,46,annual,0
acc_4082,717.25,Starter,3,monthly,0
acc_4083,11074.95,Professional,17,annual,1
acc_4084,24580.37,Professional,39,monthly,1
acc_4085,1311.19,Starter,6,monthly,1
acc_4086,14065.44,Professional,26,annual,0
acc_4087,1776.57,Starter,7,monthly,0
acc_4088,7275.6,Professional,12,annual,1
acc_4089,18793.2,Professional,30,monthly,0
acc_4090,221291.86,Enterprise,198,monthly,0
acc_4091,1547.15,Starter,6,monthly,1
acc_4092,15819.97,Professional,25,monthly,0
acc_4093,517.52,Starter,2,annual,0
acc_4094,23818.19,Professional,41,monthly,0
acc_4095,20631.05,Professional,36,monthly,0
acc_4096,2009.55,Starter,9,monthly,0
acc_4097,9774.16,Professional,15,annual,1
acc_4098,14030.49,Professional,25,monthly,1
acc_4099,6651.82,Professional,12,annual,1
acc_4100,450.5,Starter,2,monthly,1
acc_4101,1518.16,Starter,6,monthly,0
acc_4102,2328.28,Starter,9,annual,1
acc_4103,2294.31,Starter,9,monthly,1
acc_4104,486.07,Starter,2,monthly,0
acc_4105,32304.04,Professional,49,annual,1
acc_4106,15899.61,Professional,29,monthly,0
acc_4107,2318.63,Starter,9,annual,1
acc_4108,28974.96,Professional,49,annual,0
acc_4109,220007.43,Enterprise,185,monthly,1
acc_4110,1777.0,Starter,8,monthly,1
acc_4111,1523.23,Starter,7,monthly,0
acc_4112,9247.93,Professional,16,annual,0
acc_4113,1795.14,Starter,8,annual,0
acc_4114,11960.01,Professional,20,monthly,0
acc_4115,1784.57,Starter,8,monthly,0
acc_4116,222.62,Starter,1,monthly,0
acc_4117,2322.85,Starter,9,monthly,1
acc_4118,1561.33,Starter,6,monthly,1
acc_4119,262.28,Starter,1,annual,0
acc_4120,248.66,Starter,1,annual,0
acc_4121,1771.06,Starter,7,annual,0
acc_4122,24331.18,Professional,38,monthly,0
acc_4123,495.26,Starter,2,annual,0
acc_4124,141429.52,Enterprise,122,annual,0
acc_4125,1341.04,Starter,6,monthly,0
acc_4126,1136.95,Starter,5,monthly,0
acc_4127,1281.7,Starter,5,annual,0
acc_4128,7482.38,Professional,12,annual,0
acc_4129,17840.86,Professional,30,monthly,1
acc_4130,1304.47,Starter,6,monthly,0
acc_4131,1830.22,Starter,8,monthly,1
acc_4132,214593.95,Enterprise,171,annual,0
acc_4133,175634.05,Enterprise,146,annual,0
acc_4134,1184.53,Starter,5,monthly,0
acc_4135,23683.3,Professional,41,monthly,0
acc_4136,23900.44,Professional,39,annual,0
acc_4137,2099.09,Starter,8,annual,0
acc_4138,31110.47,Professional,48,annual,1
acc_4139,10873.2,Professional,20,annual,0
acc_4140,15540.58,Professional,26,monthly,0
acc_4141,135611.5,Enterprise,117,annual,0
acc_4142,20443.27,Professional,34,monthly,1
acc_4143,1225.49,Starter,5,annual,0
acc_4144,1353.61,Starter,6,monthly,0
acc_4145,21548.8,Professional,34,annual,0
acc_4146,1910.43,Starter,8,annual,1
acc_4147,11862.73,Professional,18,monthly,1
acc_4148,434.41,Starter,2,monthly,1
acc_4149,1575.75,Starter,7,monthly,1
acc_4150,139497.25,Enterprise,112,annual,0
acc_4151,163336.45,Enterprise,131,annual,1
acc_4152,23174.78,Professional,38,annual,0
acc_4153,15759.24,Professional,24,monthly,0
acc_4154,16515.46,Professional,28,monthly,0
acc_4155,14161.07,Professional,24,monthly,0
acc_4156,779.11,Starter,3,monthly,1
acc_4157,29021.42,Professional,48,monthly,0
acc_4158,25627.68,Professional,44,annual,0
acc_4159,2254.58,Starter,9,monthly,1
acc_4160,1720.21,Starter,7,annual,1
acc_4161,28261.69,Professional,49,monthly,0
acc_4162,690.9,Starter,3,monthly,1
acc_4163,1879.92,Starter,8,monthly,1
acc_4164,438.88,Starter,2,monthly,0
acc_4165,2089.96,Starter,8,annual,0
acc_4166,88790.06,Enterprise,79,monthly,1
acc_4167,12391.7,Professional,22,monthly,1
acc_4168,91411.4,Enterprise,74,annual,1
acc_4169,15672.74,Professional,25,annual,1
acc_4170,7541.04,Professional,12,monthly,1
acc_4171,23400.36,Professional,40,monthly,1
acc_4172,1805.44,Starter,7,monthly,0
acc_4173,6052.8,Professional,10,monthly,0
acc_4174,26075.74,Professional,44,monthly,1
acc_4175,216663.77,Enterprise,170,annual,1
acc_4176,166214.39,Enterprise,146,monthly,0
acc_4177,1286.44,Starter,5,monthly,0
acc_4178,967.46,Starter,4,monthly,0
acc_4179,16200.17,Professional,25,annual,0
acc_4180,225.68,Starter,1,monthly,1
acc_4181,1043.72,Starter,4,monthly,0
acc_4182,1494.11,Starter,6,monthly,0
acc_4183,1474.08,Starter,6,monthly,0
acc_4184,5906.48,Professional,10,monthly,0
acc_4185,15059.43,Professional,23,monthly,1
acc_4186,175608.03,Enterprise,148,monthly,0
acc_4187,479.86,Starter,2,monthly,1
acc_4188,2281.61,Starter,9,monthly,0
acc_4189,9186.9,Professional,16,annual,1
acc_4190,229.99,Starter,1,monthly,1
acc_4191,196241.07,Enterprise,155,annual,0
acc_4192,888.69,Starter,4,monthly,1
acc_4193,134138.71,Enterprise,105,annual,1
acc_4194,19680.67,Professional,32,monthly,1
acc_4195,216479.04,Enterprise,179,monthly,0
acc_4196,24969.7,Professional,44,annual,0
acc_4197,129410.29,Enterprise,102,annual,0
acc_4198,24190.59,Professional,38,annual,0
acc_4199,18536.54,Professional,31,annual,0
acc_4200,14667.51,Professional,25,monthly,1
acc_4201,21642.5,Professional,38,monthly,1
acc_4202,220677.83,Enterprise,175,monthly,0
acc_4203,986.77,Starter,4,monthly,0
acc_4204,451.84,Starter,2,annual,0
acc_4205,2033.08,Starter,8,monthly,1
acc_4206,516.69,Starter,2,annual,1
acc_4207,98479.74,Enterprise,90,monthly,1
acc_4208,506.15,Starter,2,monthly,0
acc_4209,9635.04,Professional,15,monthly,0
acc_4210,17792.49,Professional,27,monthly,0
acc_4211,81865.75,Enterprise,72,annual,1
acc_4212,22211.77,Professional,38,annual,0
acc_4213,524.75,Starter,2,monthly,0
acc_4214,88205.1,Enterprise,80,annual,1
acc_4215,241.14,Starter,1,monthly,0
acc_4216,20427.52,Professional,34,annual,0
acc_4217,1225.57,Starter,5,monthly,0
acc_4218,927.51,Starter,4,monthly,0
acc_4219,66413.24,Enterprise,51,monthly,1
acc_4220,6296.48,Professional,11,monthly,1
acc_4221,494.37,Starter,2,monthly,0
acc_4222,24579.96,Professional,41,monthly,0
acc_4223,25740.04,Professional,45,monthly,0
acc_4224,225.06,Starter,1,monthly,1
acc_4225,26846.29,Professional,41,annual,0
acc_4226,17613.29,Professional,29,annual,0
acc_4227,133525.63,Enterprise,109,annual,0
acc_4228,29161.58,Professional,46,monthly,0
acc_4229,25838.12,Professional,47,monthly,0
acc_4230,26277.37,Professional,42,monthly,0
acc_4231,223.93,Starter,1,monthly,1
acc_4232,8804.01,Professional,14,monthly,0
acc_4233,141467.7,Enterprise,127,monthly,0
acc_4234,511.92,Starter,2,monthly,1
acc_4235,248.69,Starter,1,monthly,0
acc_4236,8794.6,Professional,15,monthly,0
acc_4237,2099.02,Starter,9,annual,0
acc_4238,80333.81,Enterprise,72,annual,0
acc_4239,518.79,Starter,2,monthly,1
acc_4240,17180.93,Professional,31,monthly,1
acc_4241,715.98,Starter,3,annual,0
acc_4242,2046.18,Starter,9,annual,1
acc_4243,110805.96,Enterprise,84,annual,1
acc_4244,18309.04,Professional,30,monthly,0
acc_4245,1115.9,Starter,5,monthly,0
acc_4246,1984.34,Starter,8,monthly,0
acc_4247,1845.18,Starter,7,annual,1
acc_4248,1470.25,Starter,6,annual,1
acc_4249,16656.79,Professional,28,monthly,0
acc_4250,13804.62,Professional,24,monthly,0
acc_4251,440.84,Starter,2,monthly,1
acc_4252,907.82,Starter,4,annual,0
acc_4253,26076.68,Professional,43,annual,0
acc_4254,2269.64,Starter,9,monthly,0
acc_4255,10325.63,Professional,16,monthly,1
acc_4256,16516.38,Professional,26,monthly,0
acc_4257,1554.16,Starter,7,annual,1
acc_4258,759.38,Starter,3,annual,0
acc_4259,1463.5,Starter,6,monthly,0
acc_4260,8348.1,Professional,14,monthly,1
acc_4261,29219.12,Professional,48,monthly,0
acc_4262,5950.66,Professional,11,monthly,0
acc_4263,54812.76,Enterprise,50,monthly,0
acc_4264,21711.67,Professional,36,monthly,0
acc_4265,18507.53,Professional,33,annual,1
acc_4266,1937.49,Starter,8,annual,1
acc_4267,1864.02,Starter,8,monthly,1
acc_4268,2076.45,Starter,8,monthly,1
acc_4269,24196.59,Professional,37,monthly,1
acc_4270,2104.24,Starter,8,annual,1
acc_4271,6478.73,Professional,10,annual,1
acc_4272,19749.21,Professional,30,monthly,1
acc_4273,1499.37,Starter,6,monthly,1
acc_4274,24244.81,Professional,37,monthly,0
acc_4275,740.42,Starter,3,monthly,1
acc_4276,7645.27,Professional,12,monthly,0
acc_4277,21677.34,Professional,39,monthly,1
acc_4278,6219.12,Professional,10,monthly,0
acc_4279,2346.24,Starter,9,monthly,0
acc_4280,725.77,Starter,3,annual,1
acc_4281,15185.3,Professional,27,monthly,0
acc_4282,965.16,Starter,4,annual,0
acc_4283,192448.54,Enterprise,154,monthly,1
acc_4284,252.95,Starter,1,monthly,0
acc_4285,118157.47,Enterprise,98,monthly,0
acc_4286,125670.68,Enterprise,111,monthly,0
acc_4287,520.96,Starter,2,monthly,0
acc_4288,1518.8,Starter,6,monthly,1
acc_4289,24044.27,Professional,42,monthly,0
acc_4290,254.97,Starter,1,annual,0
acc_4291,13961.84,Professional,24,monthly,1
acc_4292,2078.97,Starter,9,monthly,0
acc_4293,2059.42,Starter,8,annual,1
acc_4294,515.83,Starter,2,annual,0
acc_4295,470.25,Starter,2,monthly,1
acc_4296,17855.33,Professional,33,monthly,0
acc_4297,71985.65,Enterprise,64,monthly,1
acc_4298,2077.17,Starter,8,monthly,0
acc_4299,29153.25,Professional,45,monthly,1
acc_4300,25559.26,Professional,43,monthly,1
acc_4301,1844.78,Starter,8,annual,1
acc_4302,20171.54,Professional,35,monthly,0
acc_4303,31735.51,Professional,49,monthly,0
acc_4304,231.59,Starter,1,monthly,0
acc_4305,18643.08,Professional,31,monthly,0
acc_4306,15693.03,Professional,25,monthly,0
acc_4307,1130.28,Starter,5,monthly,0
acc_4308,27952.57,Professional,49,monthly,1
acc_4309,466.37,Starter,2,annual,0
acc_4310,15462.67,Professional,25,monthly,1
acc_4311,8933.38,Professional,14,monthly,1
acc_4312,242.24,Starter,1,annual,0
acc_4313,8339.27,Professional,15,annual,0
acc_4314,19587.13,Professional,33,monthly,0
acc_4315,21657.59,Professional,39,annual,1
acc_4316,660.71,Starter,3,monthly,0
acc_4317,28094.68,Professional,46,monthly,1
acc_4318,26844.56,Professional,41,monthly,1
acc_4319,17934.38,Professional,28,monthly,0
acc_4320,23418.65,Professional,37,monthly,0
acc_4321,752.7,Starter,3,monthly,0
acc_4322,2331.56,Starter,9,annual,0
acc_4323,88247.63,Enterprise,70,monthly,1
acc_4324,10458.83,Professional,17,monthly,0
acc_4325,215991.8,Enterprise,185,monthly,0
acc_4326,220.85,Starter,1,annual,0
acc_4327,5953.24,Professional,10,annual,1
acc_4328,8462.66,Professional,13,monthly,0
acc_4329,18909.13,Professional,31,annual,0
acc_4330,17426.36,Professional,31,annual,1
acc_4331,494.31,Starter,2,annual,1
acc_4332,23238.36,Professional,39,monthly,1
acc_4333,23463.56,Professional,36,monthly,0
acc_4334,2013.53,Starter,9,monthly,1
acc_4335,22515.89,Professional,36,annual,0
acc_4336,13679.43,Professional,22,annual,1
acc_4337,1316.05,Starter,5,annual,1
acc_4338,2188.04,Starter,9,monthly,0
acc_4339,30940.27,Professional,48,monthly,1
acc_4340,1303.12,Starter,6,monthly,0
acc_4341,665.7,Starter,3,monthly,0
acc_4342,20934.45,Professional,36,monthly,1
acc_4343,1965.82,Starter,8,monthly,0
acc_4344,28506.7,Professional,48,annual,1
acc_4345,2031.56,Starter,9,monthly,1
acc_4346,224739.24,Enterprise,184,annual,1
acc_4347,486.4,Starter,2,annual,0
acc_4348,2170.56,Starter,9,monthly,0
acc_4349,25890.74,Professional,47,monthly,1
acc_4350,1041.99,Starter,4,annual,1
acc_4351,10388.2,Professional,17,annual,0
acc_4352,12005.26,Professional,21,monthly,0
acc_4353,20542.18,Professional,33,monthly,0
acc_4354,1850.08,Starter,8,monthly,1
acc_4355,185016.44,Enterprise,154,monthly,0
acc_4356,15685.27,Professional,27,monthly,1
acc_4357,1291.29,Starter,5,annual,1
acc_4358,1582.27,Starter,6,monthly,0
acc_4359,13424.2,Professional,24,monthly,0
acc_4360,90109.69,Enterprise,83,annual,1
acc_4361,906.11,Starter,4,monthly,0
acc_4362,207670.04,Enterprise,170,annual,0
acc_4363,14021.85,Professional,25,monthly,0
acc_4364,1274.76,Starter,5,monthly,1
acc_4365,24739.7,Professional,42,monthly,1
acc_4366,245.31,Starter,1,monthly,0
acc_4367,172455.5,Enterprise,145,annual,0
acc_4368,12319.59,Professional,19,annual,1
acc_4369,17959.14,Professional,33,annual,0
acc_4370,74046.91,Enterprise,59,monthly,0
acc_4371,741.91,Starter,3,annual,1
acc_4372,171787.82,Enterprise,139,monthly,0
acc_4373,943.49,Starter,4,monthly,0
acc_4374,15172.67,Professional,28,monthly,0
acc_4375,22417.52,Professional,36,monthly,0
acc_4376,25581.46,Professional,40,monthly,0
acc_4377,16506.83,Professional,30,monthly,1
acc_4378,126900.74,Enterprise,107,monthly,1
acc_4379,223.8,Starter,1,monthly,1
acc_4380,735.98,Starter,3,monthly,0
acc_4381,1014.84,Starter,4,annual,1
acc_4382,15500.12,Professional,25,monthly,0
acc_4383,18501.35,Professional,32,monthly,1
acc_4384,12805.66,Professional,23,annual,0
acc_4385,200758.65,Enterprise,158,monthly,1
acc_4386,171345.53,Enterprise,148,monthly,0
acc_4387,1953.56,Starter,9,annual,0
acc_4388,19474.26,Professional,32,monthly,0
acc_4389,683.52,Starter,3,annual,0
acc_4390,202538.53,Enterprise,158,monthly,1
acc_4391,201703.01,Enterprise,181,monthly,0
acc_4392,163440.6,Enterprise,138,monthly,0
acc_4393,15400.14,Professional,27,monthly,0
acc_4394,28023.85,Professional,45,monthly,0
acc_4395,12722.3,Professional,21,monthly,0
acc_4396,761.9,Starter,3,monthly,0
acc_4397,952.05,Starter,4,annual,0
acc_4398,200013.49,Enterprise,185,annual,0
acc_4399,26027.88,Professional,46,annual,0
acc_4400,80507.66,Enterprise,61,monthly,0
acc_4401,196606.23,Enterprise,167,monthly,1
acc_4402,168353.33,Enterprise,137,monthly,0
acc_4403,12971.84,Professional,20,monthly,1
acc_4404,1952.87,Starter,9,annual,1
acc_4405,2228.95,Starter,9,monthly,1
acc_4406,8044.47,Professional,14,annual,0
acc_4407,229.4,Starter,1,annual,1
acc_4408,1814.34,Starter,8,annual,1
acc_4409,19161.83,Professional,30,monthly,1
acc_4410,160222.52,Enterprise,137,annual,0
acc_4411,196203.33,Enterprise,179,annual,1
acc_4412,220.65,Starter,1,annual,0
acc_4413,136111.43,Enterprise,122,monthly,0
acc_4414,26562.72,Professional,41,monthly,1
acc_4415,22469.14,Professional,38,monthly,0
acc_4416,519.94,Starter,2,annual,0
acc_4417,10209.56,Professional,16,annual,0
acc_4418,28824.57,Professional,45,monthly,0
acc_4419,28146.57,Professional,49,annual,1
acc_4420,1145.12,Starter,5,annual,1
acc_4421,160302.97,Enterprise,132,monthly,0
acc_4422,63736.31,Enterprise,54,monthly,0
acc_4423,115408.76,Enterprise,96,monthly,1
acc_4424,1311.32,Starter,6,annual,1
acc_4425,23637.27,Professional,36,monthly,0
acc_4426,437.58,Starter,2,annual,0
acc_4427,8421.9,Professional,15,monthly,1
acc_4428,90722.07,Enterprise,73,monthly,1
acc_4429,1117.32,Starter,5,monthly,0
acc_4430,187960.29,Enterprise,170,monthly,0
acc_4431,26246.42,Professional,47,monthly,0
acc_4432,656.92,Starter,3,monthly,1
acc_4433,1596.44,Starter,7,monthly,0
acc_4434,229.01,Starter,1,monthly,0
acc_4435,7797.85,Professional,13,monthly,0
acc_4436,1185.29,Starter,5,monthly,0
acc_4437,26261.21,Professional,44,monthly,1
acc_4438,11664.57,Professional,19,monthly,0
acc_4439,26682.62,Professional,47,annual,0
acc_4440,667.4,Starter,3,monthly,1
acc_4441,25173.15,Professional,39,monthly,0
acc_4442,492.86,Starter,2,annual,1
acc_4443,157616.52,Enterprise,144,annual,0
acc_4444,11795.87,Professional,18,monthly,0
acc_4445,747.8,Starter,3,monthly,1
acc_4446,13955.11,Professional,25,annual,0
acc_4447,8531.85,Professional,13,annual,1
acc_4448,934.16,Starter,4,monthly,1
acc_4449,23034.94,Professional,35,monthly,0
acc_4450,20990.94,Professional,38,monthly,0
acc_4451,447.36,Starter,2,monthly,1
acc_4452,495.11,Starter,2,annual,0
acc_4453,20078.32,Professional,37,monthly,1
acc_4454,10844.86,Professional,20,monthly,0
acc_4455,242584.49,Enterprise,191,annual,0
acc_4456,672.16,Starter,3,monthly,1
acc_4457,520.2,Starter,2,monthly,0
acc_4458,21870.98,Professional,37,monthly,1
acc_4459,26438.37,Professional,41,monthly,0
acc_4460,19474.34,Professional,33,annual,1
acc_4461,1448.71,Starter,6,monthly,0
acc_4462,462.39,Starter,2,monthly,0
acc_4463,29710.52,Professional,48,monthly,1
acc_4464,9250.95,Professional,16,annual,0
acc_4465,226.71,Starter,1,monthly,1
acc_4466,1759.12,Starter,8,monthly,0
acc_4467,109384.06,Enterprise,100,annual,0
acc_4468,211078.39,Enterprise,183,annual,1
acc_4469,1005.4,Starter,4,annual,0
acc_4470,451.74,Starter,2,monthly,1
acc_4471,921.45,Starter,4,monthly,0
acc_4472,518.9,Starter,2,monthly,1
acc_4473,16650.87,Professional,27,annual,0
acc_4474,1300.73,Starter,5,annual,1
acc_4475,7792.17,Professional,12,annual,1
acc_4476,15880.67,Professional,29,annual,0
acc_4477,253985.23,Enterprise,194,monthly,0
acc_4478,23484.08,Professional,43,annual,0
acc_4479,1823.01,Starter,7,annual,1
acc_4480,1453.46,Starter,6,annual,0
acc_4481,158243.48,Enterprise,131,annual,1
acc_4482,151393.19,Enterprise,121,monthly,0
acc_4483,25174.71,Professional,39,monthly,0
acc_4484,491.23,Starter,2,monthly,1
acc_4485,118209.6,Enterprise,100,monthly,0
acc_4486,885.48,Starter,4,monthly,1
acc_4487,2031.06,Starter,8,annual,0
acc_4488,112189.83,Enterprise,101,annual,0
acc_4489,76514.0,Enterprise,61,annual,0
acc_4490,10860.32,Professional,18,monthly,1
acc_4491,1641.64,Starter,7,monthly,1
acc_4492,11657.61,Professional,19,monthly,0
acc_4493,9490.24,Professional,15,monthly,1
acc_4494,16976.36,Professional,26,monthly,1
acc_4495,13722.33,Professional,24,annual,0
acc_4496,169950.46,Enterprise,130,monthly,0
acc_4497,1834.88,Starter,7,monthly,0
acc_4498,1020.22,Starter,4,monthly,0
acc_4499,258.31,Starter,1,annual,0
acc_4500,26169.83,Professional,42,annual,1
acc_4501,11983.22,Professional,22,annual,1
acc_4502,18879.29,Professional,31,annual,0
acc_4503,1763.06,Starter,7,monthly,0
acc_4504,188065.26,Enterprise,144,annual,1
acc_4505,1460.29,Starter,6,monthly,1
acc_4506,2032.97,Starter,8,monthly,0
acc_4507,15615.12,Professional,25,monthly,0
acc_4508,1147.39,Starter,5,annual,0
acc_4509,24018.4,Professional,43,annual,1
acc_4510,7561.3,Professional,12,monthly,1
acc_4511,1817.77,Starter,8,monthly,0
acc_4512,1821.96,Starter,8,annual,1
acc_4513,10493.65,Professional,17,monthly,1
acc_4514,2284.88,Starter,9,annual,0
acc_4515,243.95,Starter,1,monthly,0
acc_4516,18739.74,Professional,29,monthly,1
acc_4517,678.45,Starter,3,monthly,0
acc_4518,18819.56,Professional,33,monthly,0
acc_4519,16643.74,Professional,27,annual,0
acc_4520,209763.93,Enterprise,164,annual,0
acc_4521,215281.11,Enterprise,178,monthly,0
acc_4522,1298.99,Starter,6,annual,0
acc_4523,993.97,Starter,4,annual,1
acc_4524,20404.16,Professional,32,monthly,0
acc_4525,5731.85,Professional,10,monthly,0
acc_4526,1748.81,Starter,8,monthly,0
acc_4527,6623.7,Professional,11,monthly,1
acc_4528,7630.82,Professional,14,monthly,0
acc_4529,15927.89,Professional,27,annual,1
acc_4530,13553.45,Professional,25,monthly,1
acc_4531,226.8,Starter,1,monthly,1
acc_4532,1173.32,Starter,5,monthly,0
acc_4533,885.45,Starter,4,monthly,0
acc_4534,221.48,Starter,1,monthly,0
acc_4535,76709.69,Enterprise,60,monthly,0
acc_4536,1307.93,Starter,6,monthly,0
acc_4537,747.21,Starter,3,monthly,0
acc_4538,1275.48,Starter,5,monthly,0
acc_4539,10558.05,Professional,19,monthly,1
acc_4540,21410.89,Professional,38,monthly,0
acc_4541,27147.08,Professional,44,monthly,1
acc_4542,75124.09,Enterprise,65,monthly,1
acc_4543,20303.81,Professional,34,monthly,1
acc_4544,1536.77,Starter,6,monthly,0
acc_4545,18366.41,Professional,33,monthly,0
acc_4546,184307.49,Enterprise,150,monthly,0
acc_4547,1044.94,Starter,4,annual,1
acc_4548,1312.55,Starter,6,monthly,0
acc_4549,12038.42,Professional,22,monthly,0
acc_4550,1698.39,Starter,7,monthly,0
acc_4551,19656.27,Professional,30,annual,0
acc_4552,183532.02,Enterprise,162,annual,1
acc_4553,463.76,Starter,2,monthly,0
acc_4554,26488.21,Professional,48,monthly,1
acc_4555,1633.72,Starter,7,monthly,0
acc_4556,1526.9,Starter,7,monthly,1
acc_4557,25227.73,Professional,43,monthly,1
acc_4558,485.33,Starter,2,monthly,1
acc_4559,18396.02,Professional,28,monthly,0
acc_4560,765.85,Starter,3,monthly,0
acc_4561,766.38,Starter,3,monthly,0
acc_4562,226.95,Starter,1,annual,1
acc_4563,155232.02,Enterprise,141,monthly,0
acc_4564,244.95,Starter,1,annual,1
acc_4565,1446.09,Starter,6,monthly,1
acc_4566,22273.28,Professional,37,monthly,0
acc_4567,19910.91,Professional,36,annual,1
acc_4568,2157.36,Starter,9,monthly,0
acc_4569,64732.95,Enterprise,58,monthly,1
acc_4570,198459.66,Enterprise,168,monthly,0
acc_4571,19161.08,Professional,35,monthly,0
acc_4572,12856.54,Professional,20,monthly,1
acc_4573,186304.07,Enterprise,172,monthly,0
acc_4574,28719.63,Professional,44,monthly,0
acc_4575,73364.36,Enterprise,57,monthly,0
acc_4576,2269.13,Starter,9,monthly,1
acc_4577,19079.28,Professional,29,monthly,1
acc_4578,80875.84,Enterprise,74,annual,0
acc_4579,246.8,Starter,1,monthly,1
acc_4580,1797.37,Starter,7,monthly,0
acc_4581,11659.08,Professional,21,annual,0
acc_4582,205018.13,Enterprise,168,monthly,1
acc_4583,1409.45,Starter,6,monthly,0
acc_4584,85291.09,Enterprise,72,monthly,0
acc_4585,24031.61,Professional,37,monthly,1
acc_4586,112462.7,Enterprise,93,monthly,0
acc_4587,6063.11,Professional,11,monthly,1
acc_4588,6524.66,Professional,10,monthly,0
acc_4589,118067.32,Enterprise,105,monthly,0
acc_4590,1035.39,Starter,4,annual,0
acc_4591,225839.61,Enterprise,172,monthly,0
acc_4592,774.41,Starter,3,annual,0
acc_4593,2236.52,Starter,9,annual,1
acc_4594,11326.07,Professional,18,monthly,0
acc_4595,1247.97,Starter,5,monthly,1
acc_4596,18453.15,Professional,31,monthly,1
acc_4597,28073.59,Professional,49,monthly,1
acc_4598,1837.44,Starter,8,annual,0
acc_4599,1004.38,Starter,4,monthly,1
acc_4600,22144.48,Professional,36,monthly,1
acc_4601,87866.8,Enterprise,72,monthly,0
acc_4602,71724.32,Enterprise,58,monthly,0
acc_4603,1012.76,Starter,4,monthly,1
acc_4604,66758.9,Enterprise,53,monthly,0
acc_4605,1326.35,Starter,6,monthly,1
acc_4606,1400.55,Starter,6,monthly,1
acc_4607,686.01,Starter,3,monthly,0
acc_4608,483.67,Starter,2,monthly,0
acc_4609,9852.66,Professional,18,monthly,0
acc_4610,10103.93,Professional,16,monthly,0
acc_4611,187946.32,Enterprise,170,monthly,1
acc_4612,25765.57,Professional,45,monthly,0
acc_4613,2282.14,Starter,9,monthly,1
acc_4614,25670.8,Professional,47,monthly,0
acc_4615,495.38,Starter,2,monthly,0
acc_4616,7160.31,Professional,11,monthly,0
acc_4617,2210.82,Starter,9,monthly,1
acc_4618,2001.66,Starter,8,monthly,0
acc_4619,1778.2,Starter,7,monthly,0
acc_4620,166600.85,Enterprise,147,monthly,0
acc_4621,8536.02,Professional,14,annual,1
acc_4622,207751.25,Enterprise,180,monthly,1
acc_4623,14818.43,Professional,26,monthly,0
acc_4624,148657.02,Enterprise,132,monthly,1
acc_4625,1220.5,Starter,5,monthly,0
acc_4626,29225.82,Professional,46,monthly,0
acc_4627,774.13,Starter,3,monthly,1
acc_4628,473.14,Starter,2,monthly,1
acc_4629,97068.15,Enterprise,83,annual,0
acc_4630,27388.98,Professional,44,monthly,0
acc_4631,195162.08,Enterprise,154,annual,0
acc_4632,1825.27,Starter,8,annual,0
acc_4633,9786.47,Professional,17,annual,0
acc_4634,483.21,Starter,2,annual,1
acc_4635,1898.64,Starter,8,monthly,1
acc_4636,194904.69,Enterprise,156,monthly,0
acc_4637,7206.46,Professional,12,monthly,0
acc_4638,101824.11,Enterprise,92,monthly,1
acc_4639,1119.83,Starter,5,monthly,1
acc_4640,79083.95,Enterprise,61,annual,1
acc_4641,6807.45,Professional,12,monthly,1
acc_4642,5460.1,Professional,10,monthly,0
acc_4643,2259.99,Starter,9,monthly,0
acc_4644,80870.57,Enterprise,65,monthly,0
acc_4645,135866.03,Enterprise,111,monthly,1
acc_4646,19808.93,Professional,33,monthly,1
acc_4647,25597.64,Professional,39,annual,0
acc_4648,19403.3,Professional,35,monthly,0
acc_4649,28257.32,Professional,47,monthly,0
acc_4650,80214.47,Enterprise,66,monthly,0
acc_4651,868.32,Starter,4,annual,0
acc_4652,28882.52,Professional,49,monthly,0
acc_4653,2028.6,Starter,8,annual,0
acc_4654,28037.0,Professional,47,annual,0
acc_4655,82564.28,Enterprise,64,monthly,1
acc_4656,1728.65,Starter,7,monthly,0
acc_4657,2022.18,Starter,8,monthly,1
acc_4658,7638.45,Professional,12,monthly,1
acc_4659,13700.28,Professional,22,annual,0
acc_4660,28346.66,Professional,45,monthly,1
acc_4661,1246.87,Starter,5,annual,1
acc_4662,484.84,Starter,2,monthly,0
acc_4663,1702.36,Starter,7,monthly,0
acc_4664,11818.51,Professional,21,monthly,1
acc_4665,18539.49,Professional,29,monthly,0
acc_4666,27717.91,Professional,48,monthly,1
acc_4667,725.15,Starter,3,monthly,0
acc_4668,455.96,Starter,2,monthly,0
acc_4669,748.2,Starter,3,annual,1
acc_4670,11169.34,Professional,17,monthly,0
acc_4671,1017.97,Starter,4,monthly,1
acc_4672,92143.72,Enterprise,75,monthly,0
acc_4673,1702.68,Starter,7,annual,0
acc_4674,239.51,Starter,1,monthly,1
acc_4675,6210.56,Professional,11,monthly,0
acc_4676,1396.23,Starter,6,annual,1
acc_4677,110688.25,Enterprise,94,annual,0
acc_4678,233898.69,Enterprise,179,monthly,0
acc_4679,1418.57,Starter,6,annual,1
acc_4680,12206.86,Professional,20,monthly,1
acc_4681,19520.73,Professional,30,annual,0
acc_4682,233657.93,Enterprise,194,monthly,1
acc_4683,1824.56,Starter,8,monthly,0
acc_4684,468.58,Starter,2,annual,1
acc_4685,26912.98,Professional,46,monthly,0
acc_4686,9386.49,Professional,15,monthly,1
acc_4687,16114.97,Professional,28,monthly,0
acc_4688,143100.7,Enterprise,114,monthly,0
acc_4689,517.37,Starter,2,monthly,1
acc_4690,165974.03,Enterprise,143,monthly,1
acc_4691,87886.07,Enterprise,79,annual,0
acc_4692,144290.61,Enterprise,117,monthly,1
acc_4693,22748.8,Professional,39,annual,1
acc_4694,28995.76,Professional,48,monthly,0
acc_4695,246.44,Starter,1,monthly,1
acc_4696,182568.04,Enterprise,155,monthly,1
acc_4697,781.16,Starter,3,annual,0
acc_4698,1646.27,Starter,7,monthly,1
acc_4699,25959.82,Professional,45,monthly,0
acc_4700,18742.15,Professional,29,monthly,0
acc_4701,10570.77,Professional,19,annual,1
acc_4702,18311.87,Professional,33,monthly,0
acc_4703,27395.92,Professional,42,monthly,0
acc_4704,1808.24,Starter,8,annual,0
acc_4705,1561.87,Starter,7,monthly,1
acc_4706,22960.37,Professional,38,annual,1
acc_4707,1964.21,Starter,9,annual,1
acc_4708,23961.67,Professional,39,monthly,1
acc_4709,1901.93,Starter,8,monthly,1
acc_4710,114734.0,Enterprise,93,monthly,0
acc_4711,25833.26,Professional,45,annual,1
acc_4712,9729.85,Professional,15,monthly,0
acc_4713,1831.9,Starter,8,annual,1
acc_4714,493.21,Starter,2,monthly,0
acc_4715,15028.45,Professional,23,monthly,1
acc_4716,7057.17,Professional,12,monthly,0
acc_4717,223.75,Starter,1,monthly,1
acc_4718,1315.69,Starter,6,monthly,1
acc_4719,190113.03,Enterprise,145,monthly,1
acc_4720,1768.6,Starter,7,monthly,0
acc_4721,1560.66,Starter,6,monthly,1
acc_4722,1746.81,Starter,7,monthly,0
acc_4723,19176.1,Professional,33,monthly,1
acc_4724,15533.34,Professional,28,monthly,1
acc_4725,2084.85,Starter,8,monthly,1
acc_4726,479.0,Starter,2,annual,0
acc_4727,27616.31,Professional,47,monthly,0
acc_4728,243.73,Starter,1,annual,1
acc_4729,1768.92,Starter,8,monthly,0
acc_4730,1846.73,Starter,8,annual,1
acc_4731,1972.94,Starter,8,monthly,0
acc_4732,23736.63,Professional,43,monthly,1
acc_4733,10012.12,Professional,18,monthly,0
acc_4734,131076.98,Enterprise,109,monthly,1
acc_4735,23977.78,Professional,39,monthly,0
acc_4736,56244.02,Enterprise,50,monthly,0
acc_4737,73979.94,Enterprise,68,monthly,0
acc_4738,1834.01,Starter,7,monthly,1
acc_4739,434.64,Starter,2,annual,0
acc_4740,22150.1,Professional,41,monthly,0
acc_4741,12733.62,Professional,22,monthly,1
acc_4742,92937.88,Enterprise,82,monthly,0
acc_4743,16438.42,Professional,27,monthly,0
acc_4744,20066.46,Professional,31,monthly,1
acc_4745,956.37,Starter,4,monthly,0
acc_4746,8226.35,Professional,13,monthly,0
acc_4747,181750.03,Enterprise,140,monthly,1
acc_4748,82158.28,Enterprise,73,monthly,0
acc_4749,2154.95,Starter,9,annual,0
acc_4750,19745.55,Professional,32,annual,0
acc_4751,9277.22,Professional,16,monthly,0
acc_4752,2012.06,Starter,8,monthly,1
acc_4753,164904.38,Enterprise,132,monthly,1
acc_4754,11810.63,Professional,20,monthly,0
acc_4755,880.89,Starter,4,monthly,1
acc_4756,25986.64,Professional,48,monthly,0
acc_4757,1869.83,Starter,8,monthly,0
acc_4758,23643.48,Professional,43,annual,1
acc_4759,1521.11,Starter,6,annual,0
acc_4760,2088.43,Starter,9,annual,1
acc_4761,8679.05,Professional,14,monthly,1
acc_4762,19773.23,Professional,34,annual,0
acc_4763,23513.97,Professional,37,monthly,0
acc_4764,14872.02,Professional,23,monthly,0
acc_4765,222894.59,Enterprise,174,annual,1
acc_4766,224899.45,Enterprise,188,annual,0
acc_4767,19802.67,Professional,36,annual,1
acc_4768,233.84,Starter,1,monthly,1
acc_4769,1418.24,Starter,6,monthly,0
acc_4770,16380.76,Professional,25,monthly,0
acc_4771,70511.72,Enterprise,58,annual,0
acc_4772,22208.46,Professional,36,monthly,1
acc_4773,6972.24,Professional,11,monthly,0
acc_4774,17029.16,Professional,28,monthly,0
acc_4775,19578.18,Professional,32,monthly,0
acc_4776,62638.33,Enterprise,55,annual,0
acc_4777,117071.69,Enterprise,107,monthly,1
acc_4778,14411.03,Professional,23,monthly,0
acc_4779,22464.48,Professional,35,annual,0
acc_4780,943.1,Starter,4,monthly,0
acc_4781,727.04,Starter,3,annual,1
acc_4782,1153.75,Starter,5,annual,0
acc_4783,1900.88,Starter,8,monthly,0
acc_4784,168389.9,Enterprise,149,monthly,0
acc_4785,1514.85,Starter,6,monthly,0
acc_4786,239.61,Starter,1,monthly,0
acc_4787,10296.2,Professional,17,monthly,1
acc_4788,19600.22,Professional,36,monthly,0
acc_4789,210223.23,Enterprise,171,monthly,0
acc_4790,1354.36,Starter,6,monthly,0
acc_4791,175802.21,Enterprise,150,monthly,0
acc_4792,1650.67,Starter,7,monthly,0
acc_4793,71261.75,Enterprise,60,monthly,0
acc_4794,27797.33,Professional,49,monthly,0
acc_4795,23754.49,Professional,37,monthly,1
acc_4796,1419.22,Starter,6,annual,0
acc_4797,7974.93,Professional,13,monthly,0
acc_4798,28842.61,Professional,47,annual,0
acc_4799,735.41,Starter,3,monthly,1
acc_4800,2185.63,Starter,9,monthly,0
acc_4801,63871.51,Enterprise,50,annual,1
acc_4802,12750.28,Professional,20,monthly,1
acc_4803,153414.91,Enterprise,130,monthly,0
acc_4804,20337.95,Professional,33,monthly,1
acc_4805,883.74,Starter,4,monthly,1
acc_4806,1101.79,Starter,5,monthly,1
acc_4807,190033.61,Enterprise,159,monthly,0
acc_4808,23976.91,Professional,37,monthly,0
acc_4809,1236.0,Starter,5,annual,1
acc_4810,16748.26,Professional,27,annual,0
acc_4811,670.7,Starter,3,monthly,0
acc_4812,177130.17,Enterprise,149,annual,0
acc_4813,470.48,Starter,2,monthly,0
acc_4814,2028.66,Starter,8,monthly,0
acc_4815,1558.31,Starter,7,annual,0
acc_4816,1209.41,Starter,5,monthly,0
acc_4817,19480.87,Professional,30,monthly,1
acc_4818,22648.33,Professional,35,monthly,0
acc_4819,7707.37,Professional,12,monthly,1
acc_4820,12869.96,Professional,22,monthly,0
acc_4821,261.17,Starter,1,annual,1
acc_4822,29921.89,Professional,47,monthly,0
acc_4823,197778.18,Enterprise,154,monthly,0
acc_4824,260.75,Starter,1,monthly,1
acc_4825,2087.81,Starter,8,annual,0
acc_4826,21045.89,Professional,37,monthly,1
acc_4827,888.52,Starter,4,monthly,1
acc_4828,996.65,Starter,4,annual,0
acc_4829,13974.47,Professional,23,monthly,0
acc_4830,210861.99,Enterprise,182,monthly,1
acc_4831,6221.34,Professional,10,monthly,0
acc_4832,20255.27,Professional,37,monthly,1
acc_4833,1964.39,Starter,9,monthly,1
acc_4834,26213.28,Professional,45,monthly,0
acc_4835,11265.23,Professional,20,monthly,0
acc_4836,30685.11,Professional,49,annual,1
acc_4837,523.01,Starter,2,monthly,1
acc_4838,8052.14,Professional,13,monthly,1
acc_4839,183097.94,Enterprise,148,annual,0
acc_4840,23254.03,Professional,43,monthly,0
acc_4841,1202.95,Starter,5,monthly,0
acc_4842,1531.33,Starter,6,monthly,0
acc_4843,1484.39,Starter,6,monthly,0
acc_4844,680.8,Starter,3,monthly,1
acc_4845,74450.78,Enterprise,58,monthly,1
acc_4846,6557.25,Professional,10,annual,1
acc_4847,10896.1,Professional,19,monthly,0
acc_4848,204476.18,Enterprise,181,monthly,1
acc_4849,1393.5,Starter,6,monthly,1
acc_4850,14237.05,Professional,26,annual,0
acc_4851,1289.62,Starter,5,monthly,0
acc_4852,2084.85,Starter,8,annual,1
acc_4853,985.59,Starter,4,monthly,1
acc_4854,133924.68,Enterprise,106,monthly,0
acc_4855,9923.81,Professional,16,monthly,0
acc_4856,702.34,Starter,3,monthly,0
acc_4857,29560.56,Professional,48,monthly,0
acc_4858,1536.86,Starter,6,monthly,1
acc_4859,2293.88,Starter,9,annual,0
acc_4860,12093.99,Professional,22,annual,0
acc_4861,1905.64,Starter,8,monthly,1
acc_4862,203336.79,Enterprise,173,annual,0
acc_4863,19537.47,Professional,31,monthly,0
acc_4864,1920.53,Starter,8,monthly,0
acc_4865,698.36,Starter,3,monthly,0
acc_4866,6247.62,Professional,10,monthly,0
acc_4867,238.73,Starter,1,monthly,1
acc_4868,21119.41,Professional,37,monthly,0
acc_4869,27167.7,Professional,42,annual,0
acc_4870,12178.45,Professional,22,monthly,0
acc_4871,5421.71,Professional,10,annual,1
acc_4872,61299.63,Enterprise,55,monthly,0
acc_4873,671.56,Starter,3,monthly,1
acc_4874,725.48,Starter,3,annual,0
acc_4875,28904.24,Professional,47,monthly,1
acc_4876,1425.2,Starter,6,annual,0
acc_4877,19193.02,Professional,34,monthly,1
acc_4878,16675.89,Professional,30,annual,0
acc_4879,718.87,Starter,3,monthly,1
acc_4880,486.29,Starter,2,monthly,1
acc_4881,24211.97,Professional,42,monthly,1
acc_4882,216384.97,Enterprise,191,annual,0
acc_4883,1978.82,Starter,9,monthly,1
acc_4884,24984.87,Professional,46,annual,1
acc_4885,23765.6,Professional,43,monthly,0
acc_4886,1509.72,Starter,6,monthly,0
acc_4887,1162.56,Starter,5,monthly,0
acc_4888,651.95,Starter,3,monthly,1
acc_4889,7211.76,Professional,12,monthly,0
acc_4890,23568.79,Professional,39,monthly,0
acc_4891,132483.15,Enterprise,112,annual,1
acc_4892,1549.19,Starter,7,monthly,0
acc_4893,210619.09,Enterprise,167,monthly,0
acc_4894,7472.28,Professional,12,monthly,0
acc_4895,1644.63,Starter,7,annual,1
acc_4896,937.12,Starter,4,monthly,1
acc_4897,15085.23,Professional,27,monthly,1
acc_4898,143737.11,Enterprise,114,monthly,0
acc_4899,19582.36,Professional,32,annual,1
acc_4900,9355.02,Professional,17,annual,0
acc_4901,468.29,Starter,2,annual,1
acc_4902,518.74,Starter,2,annual,0
acc_4903,1901.71,Starter,8,monthly,0
acc_4904,926.39,Starter,4,monthly,1
acc_4905,11110.57,Professional,18,monthly,1
acc_4906,114000.05,Enterprise,101,monthly,0
acc_4907,1688.0,Starter,7,monthly,1
acc_4908,6823.77,Professional,11,monthly,0
acc_4909,771.1,Starter,3,monthly,1
acc_4910,2243.16,Starter,9,monthly,0
acc_4911,2110.07,Starter,9,monthly,1
acc_4912,1769.98,Starter,7,monthly,0
acc_4913,1813.86,Starter,7,annual,1
acc_4914,238.93,Starter,1,monthly,0
acc_4915,5945.94,Professional,11,annual,0
acc_4916,2066.27,Starter,8,monthly,1
acc_4917,20154.71,Professional,36,monthly,0
acc_4918,444.13,Starter,2,monthly,0
acc_4919,131538.09,Enterprise,114,monthly,1
acc_4920,203788.12,Enterprise,174,annual,0
acc_4921,189505.71,Enterprise,149,monthly,1
acc_4922,28161.7,Professional,48,annual,0
acc_4923,24563.63,Professional,45,monthly,0
acc_4924,1972.21,Starter,8,monthly,0
acc_4925,8687.65,Professional,14,monthly,1
acc_4926,510.17,Starter,2,monthly,1
acc_4927,235.15,Starter,1,monthly,0
acc_4928,1761.05,Starter,8,monthly,0
acc_4929,6063.67,Professional,10,annual,1
acc_4930,887.23,Starter,4,monthly,1
acc_4931,200558.14,Enterprise,185,monthly,0
acc_4932,1520.23,Starter,6,annual,0
acc_4933,170638.69,Enterprise,145,monthly,1
acc_4934,241.2,Starter,1,monthly,0
acc_4935,19205.8,Professional,31,monthly,1
acc_4936,11174.34,Professional,19,annual,1
acc_4937,18022.48,Professional,33,monthly,0
acc_4938,13687.9,Professional,24,monthly,1
acc_4939,23659.48,Professional,42,annual,1
acc_4940,21033.19,Professional,32,annual,1
acc_4941,14461.04,Professional,23,monthly,0
acc_4942,16043.02,Professional,27,annual,1
acc_4943,1971.37,Starter,9,annual,1
acc_4944,1550.93,Starter,7,monthly,1
acc_4945,1275.1,Starter,5,monthly,0
acc_4946,74493.74,Enterprise,57,annual,1
acc_4947,18487.91,Professional,34,monthly,0
acc_4948,1558.19,Starter,6,monthly,1
acc_4949,702.8,Starter,3,annual,1
acc_4950,17534.71,Professional,31,annual,1
acc_4951,1988.16,Starter,9,monthly,0
acc_4952,29100.05,Professional,46,monthly,0
acc_4953,9540.31,Professional,16,monthly,0
acc_4954,22396.18,Professional,35,monthly,1
acc_4955,71459.5,Enterprise,63,annual,0
acc_4956,20507.13,Professional,33,monthly,1
acc_4957,12191.84,Professional,22,monthly,1
acc_4958,8261.55,Professional,15,annual,0
acc_4959,16680.24,Professional,30,monthly,1
acc_4960,93011.95,Enterprise,73,monthly,0
acc_4961,9898.79,Professional,16,monthly,0
acc_4962,447.93,Starter,2,monthly,0
acc_4963,166473.04,Enterprise,142,monthly,0
acc_4964,17054.34,Professional,27,monthly,0
acc_4965,229.71,Starter,1,monthly,1
acc_4966,15613.24,Professional,24,annual,1
acc_4967,259.9,Starter,1,monthly,0
acc_4968,89739.52,Enterprise,74,monthly,0
acc_4969,225396.31,Enterprise,183,monthly,0
acc_4970,494.71,Starter,2,monthly,1
acc_4971,203281.77,Enterprise,178,monthly,0
acc_4972,9925.26,Professional,17,annual,0
acc_4973,13907.82,Professional,25,monthly,0
acc_4974,1562.36,Starter,6,monthly,0
acc_4975,1504.47,Starter,6,monthly,0
acc_4976,6546.75,Professional,12,monthly,0
acc_4977,2181.34,Starter,9,annual,0
acc_4978,10461.04,Professional,18,annual,0
acc_4979,173491.0,Enterprise,136,monthly,0
acc_4980,95325.99,Enterprise,82,annual,0
acc_4981,987.68,Starter,4,monthly,0
acc_4982,1791.64,Starter,8,monthly,0
acc_4983,231893.35,Enterprise,191,annual,0
acc_4984,20134.32,Professional,35,monthly,0
acc_4985,117555.19,Enterprise,105,monthly,1
acc_4986,21500.89,Professional,35,monthly,0
acc_4987,24048.84,Professional,39,monthly,1
acc_4988,1052.8,Starter,4,monthly,0
acc_4989,744.35,Starter,3,annual,1
acc_4990,963.02,Starter,4,monthly,1
acc_4991,259.81,Starter,1,monthly,0
acc_4992,23018.17,Professional,36,monthly,0
acc_4993,15146.24,Professional,25,monthly,0
acc_4994,7817.7,Professional,13,annual,0
acc_4995,100567.59,Enterprise,77,annual,0
acc_4996,17193.55,Professional,28,annual,0
acc_4997,26903.1,Professional,43,monthly,1
acc_4998,85862.63,Enterprise,78,annual,1
acc_4999,9392.95,Professional,15,monthly,0
